Datum;LCCc1 (TRDPRC_1);LCCc1 (TRDPRC_1);LCCc1 (TRDPRC_1);LCCc1 (TRDPRC_1);LCCc1 (Volumen)
;Eröffnungskurs;Höchst;Tiefst;Schlusskurs;Volumen
15.12.2025;4555;4565;4251;4308;5.9 K
12.12.2025;4498;4622;4463;4555;8.52 K
11.12.2025;4441;4441;4441;4441;343
10.12.2025;4168;4448;4159;4387;343
09.12.2025;4013;4198;4009;4149;966
08.12.2025;3927;4053;3927;4005;1.09 K
05.12.2025;3850;3980;3801;3943;1.04 K
04.12.2025;3876;3903;3810;3847;1.02 K
03.12.2025;3904;3904;3823;3875;1.29 K
02.12.2025;3961;3961;3855;3888;1.16 K
01.12.2025;3944;4003;3895;3961;1.01 K
28.11.2025;3776;3998;3750;3945;2.39 K
27.11.2025;3645;3790;3645;3781;1.49 K
26.11.2025;3675;3778;3613;3643;1.69 K
25.11.2025;3713;3719;3511;3653;1.92 K
24.11.2025;3754;3755;3665;3704;2.08 K
21.11.2025;3903;3940;3742;3782;2.17 K
20.11.2025;3795;3980;3791;3879;1.93 K
19.11.2025;4046;4054;3765;3796;2.82 K
18.11.2025;3990;4094;3950;4052;1.86 K
17.11.2025;4052;4184;3952;4012;3.22 K
14.11.2025;4086;4139;3970;4072;1.51 K
13.11.2025;4157;4193;4084;4109;3.36 K
12.11.2025;4165;4291;4121;4169;3.21 K
11.11.2025;4323;4360;4103;4152;4.14 K
10.11.2025;4322;4406;4235;4358;3.8 K
07.11.2025;4430;4439;4304;4322;4.09 K
06.11.2025;4526;4526;4377;4434;3.88 K
05.11.2025;4777;4777;4560;4575;3.69 K
04.11.2025;4720;4774;4628;4764;3.39 K
03.11.2025;4424;4723;4424;4709;5.92 K
31.10.2025;4350;4583;4349;4424;5.05 K
30.10.2025;4317;4353;4258;4340;2.89 K
29.10.2025;4250;4352;4206;4321;2.78 K
28.10.2025;4372;4400;4235;4259;3.25 K
27.10.2025;4518;4518;4326;4372;4.23 K
24.10.2025;4559;4637;4510;4518;4.25 K
23.10.2025;4580;4680;4473;4559;7.05 K
22.10.2025;4206;4574;4200;4566;10.68 K
21.10.2025;4105;4219;4105;4200;5.5 K
20.10.2025;4106;4195;4036;4099;4.77 K
17.10.2025;4270;4298;4020;4106;6.85 K
16.10.2025;4124;4256;4124;4198;7.43 K
15.10.2025;4174;4199;4033;4091;8.06 K
14.10.2025;4159;4221;4087;4206;7.12 K
13.10.2025;4140;4247;4007;4155;7.66 K
10.10.2025;4190;4245;4125;4132;4.94 K
09.10.2025;4171;4249;4130;4202;5.82 K
08.10.2025;4292;4316;4108;4183;6.57 K
07.10.2025;4340;4363;4180;4262;7.85 K
06.10.2025;4283;4373;4212;4333;7.01 K
03.10.2025;4503;4512;4254;4288;10.38 K
02.10.2025;4675;4698;4461;4513;7.67 K
01.10.2025;4730;4750;4673;4690;5.72 K
30.9.2025;4829;4855;4686;4730;7.69 K
29.9.2025;4814;4890;4814;4850;4.02 K
26.9.2025;4868;4875;4810;4819;4.15 K
25.9.2025;4909;4951;4856;4868;4.33 K
24.9.2025;4879;4975;4869;4917;4.94 K
23.9.2025;4890;4920;4824;4884;7.65 K
22.9.2025;5050;5050;4845;4906;8.62 K
19.9.2025;5030;5070;5004;5055;4.84 K
18.9.2025;5077;5093;5005;5014;5.42 K
17.9.2025;5107;5145;5075;5101;4.97 K
16.9.2025;5198;5250;5095;5107;5.46 K
15.9.2025;5037;5037;5016;5115;17
12.9.2025;5278;5344;5085;5014;187
11.9.2025;5194;5284;5115;5269;733
10.9.2025;5037;5118;5014;5105;401
09.9.2025;4984;5148;4894;5042;973
08.9.2025;5157;5157;4972;4985;837
05.9.2025;5148;5173;5097;5121;1.33 K
04.9.2025;5278;5301;5146;5153;1.74 K
03.9.2025;5308;5332;5182;5268;1.11 K
02.9.2025;5285;5352;5165;5271;2.45 K
01.9.2025;5331;5333;5285;5295;593
29.8.2025;5386;5399;5300;5323;1.5 K
28.8.2025;5435;5476;5341;5376;2.29 K
27.8.2025;5387;5475;5352;5446;2.2 K
26.8.2025;5405;5424;5289;5364;1.98 K
22.8.2025;5349;5456;5280;5332;1.6 K
21.8.2025;5597;5632;5341;5358;3.37 K
20.8.2025;5625;5700;5441;5572;1.66 K
19.8.2025;5605;5700;5548;5652;1.65 K
18.8.2025;5666;5691;5580;5601;961
15.8.2025;5601;5643;5503;5604;1.11 K
14.8.2025;5791;5818;5547;5587;1.32 K
13.8.2025;5790;5907;5732;5784;2.52 K
12.8.2025;5742;5971;5742;5850;3.49 K
11.8.2025;5577;6015;5560;5782;4.39 K
08.8.2025;5473;5588;5464;5489;1.54 K
07.8.2025;5513;5550;5371;5510;3.08 K
06.8.2025;5579;5631;5480;5531;3.08 K
05.8.2025;5350;5588;5318;5551;3.81 K
04.8.2025;5503;5519;5306;5382;3.17 K
01.8.2025;5700;5735;5462;5493;3.64 K
31.7.2025;5446;5723;5430;5658;3.3 K
30.7.2025;5514;5655;5451;5472;3.02 K
29.7.2025;5612;5700;5441;5456;4.79 K
28.7.2025;5473;5600;5356;5590;4.44 K
25.7.2025;5347;5496;5278;5485;3.19 K
24.7.2025;5480;5531;5301;5343;3.85 K
23.7.2025;5350;5484;5296;5465;2.92 K
22.7.2025;5222;5392;5189;5351;3.18 K
21.7.2025;4994;5276;4966;5240;4.11 K
18.7.2025;4825;5073;4780;5048;4.39 K
17.7.2025;4940;4940;4701;4803;6.97 K
16.7.2025;5185;5185;5185;5185;38
15.7.2025;5247;5249;5219;5157;38
14.7.2025;5262;5275;5180;5316;283
11.7.2025;5249;5249;5159;5239;293
10.7.2025;5455;5455;5236;5248;427
09.7.2025;5383;5488;5355;5488;433
08.7.2025;5525;5525;5337;5338;205
07.7.2025;5393;5435;5202;5383;916
04.7.2025;5326;5495;5300;5456;1.08 K
03.7.2025;5495;5580;5313;5398;1.91 K
02.7.2025;5740;5777;5479;5476;3.06 K
01.7.2025;6137;6137;5723;5733;3.36 K
30.6.2025;6187;6285;6134;6145;3.25 K
27.6.2025;6280;6316;6169;6186;2.26 K
26.6.2025;6045;6260;6020;6231;1.18 K
25.6.2025;6095;6150;5976;6029;1.7 K
24.6.2025;6039;6100;5936;6070;1.57 K
23.6.2025;5800;6098;5754;6012;1.44 K
20.6.2025;5896;5964;5660;5798;1.82 K
19.6.2025;6180;6180;5681;5947;2.34 K
18.6.2025;6424;6477;6171;6226;2.05 K
17.6.2025;6560;6675;6400;6428;1.37 K
16.6.2025;6432;6579;6326;6540;1.62 K
13.6.2025;6573;6650;6420;6432;1.64 K
12.6.2025;6523;6673;6474;6601;2.03 K
11.6.2025;6540;6657;6488;6523;2.62 K
10.6.2025;6817;6860;6569;6601;2.6 K
09.6.2025;6829;6930;6623;6815;2.42 K
06.6.2025;6629;6964;6629;6837;3.2 K
05.6.2025;6465;6657;6459;6612;2.57 K
04.6.2025;6471;6600;6303;6547;3.05 K
03.6.2025;6345;6535;6286;6474;2.4 K
02.6.2025;6506;6624;6279;6323;2.79 K
30.5.2025;6205;6568;6168;6541;3.99 K
29.5.2025;6566;6566;6168;6201;5.71 K
28.5.2025;6592;6615;6325;6506;5.64 K
27.5.2025;6655;6803;6547;6562;4.38 K
23.5.2025;7128;7202;6558;6644;6.15 K
22.5.2025;7452;7452;7040;7099;4.74 K
21.5.2025;7640;7718;7326;7453;4.36 K
20.5.2025;7644;7832;7553;7640;4.55 K
19.5.2025;7674;7680;7262;7652;5.81 K
16.5.2025;7400;7862;7285;7726;6.86 K
15.5.2025;7047;7368;6975;7341;4.77 K
14.5.2025;6963;6963;6950;7087;115
13.5.2025;6786;7259;6724;7309;291
12.5.2025;6656;6800;6655;6753;463
09.5.2025;6650;6950;6562;6671;592
08.5.2025;6975;7025;6412;6662;2.02 K
07.5.2025;6500;6999;6497;6955;1.13 K
06.5.2025;6160;6540;6160;6556;1.33 K
02.5.2025;6350;6500;6275;6334;1.18 K
01.5.2025;6430;6482;6279;6360;846
30.4.2025;6330;6500;6051;6474;1.9 K
29.4.2025;6299;6500;6211;6314;1.92 K
28.4.2025;6492;6506;6250;6287;1.44 K
25.4.2025;6365;6500;6299;6487;1.39 K
24.4.2025;6261;6430;6122;6383;1.73 K
23.4.2025;6463;6680;6147;6324;2.42 K
22.4.2025;6250;6510;6150;6458;2.41 K
17.4.2025;5890;6170;5880;6083;2.08 K
16.4.2025;5818;5892;5689;5842;1.8 K
15.4.2025;5969;5983;5776;5790;3.61 K
14.4.2025;6194;6284;5938;5973;1.54 K
11.4.2025;5970;6240;5944;6210;1.06 K
10.4.2025;6155;6314;5929;5989;1.73 K
09.4.2025;5801;6144;5574;6099;1.83 K
08.4.2025;6000;6040;5576;5743;3.6 K
07.4.2025;6330;6334;5939;5970;3.98 K
04.4.2025;6731;6800;6268;6342;3.05 K
03.4.2025;6790;6826;6438;6652;6.78 K
02.4.2025;6369;6818;6321;6770;8.61 K
01.4.2025;6221;6351;6165;6301;3.27 K
31.3.2025;6260;6331;6133;6198;3.6 K
28.3.2025;6139;6270;6107;6259;3.86 K
27.3.2025;6234;6332;6124;6165;3.58 K
26.3.2025;6225;6410;6206;6256;2.81 K
25.3.2025;6337;6370;6110;6187;2.94 K
24.3.2025;6090;6347;6090;6315;3.4 K
21.3.2025;6281;6319;5969;6072;4.71 K
20.3.2025;6225;6470;6124;6234;5.41 K
19.3.2025;6190;6334;6051;6234;3.48 K
18.3.2025;6102;6350;6034;6172;4.13 K
17.3.2025;6082;6220;5994;6098;3.74 K
14.3.2025;6196;6196;6196;6230;64
13.3.2025;6510;6648;6510;6431;896
12.3.2025;6259;6449;6250;6387;678
11.3.2025;6328;6335;6161;6283;516
10.3.2025;6430;6454;6057;6397;1.09 K
07.3.2025;6301;6626;6301;6400;1.42 K
06.3.2025;6280;6407;6152;6301;1.28 K
05.3.2025;6509;6695;6173;6225;940
04.3.2025;6400;6590;6051;6452;1.39 K
03.3.2025;7181;7181;6393;6426;1.74 K
28.2.2025;7375;7400;7044;7195;1.79 K
27.2.2025;7357;7414;7137;7383;1.53 K
26.2.2025;7050;7403;7000;7357;1.94 K
25.2.2025;6800;7055;6641;7042;3.15 K
24.2.2025;7320;7524;6572;6748;2.76 K
21.2.2025;7930;7944;7281;7314;2.84 K
20.2.2025;8065;8065;7905;7919;1.14 K
19.2.2025;8043;8108;7987;8067;1.03 K
18.2.2025;8099;8126;7962;8041;1.46 K
17.2.2025;8016;8100;8000;8064;482
14.2.2025;8172;8262;7999;8016;1.28 K
13.2.2025;8000;8218;8000;8172;1.19 K
12.2.2025;8054;8150;7917;8008;1.98 K
11.2.2025;7802;8081;7802;8063;2.58 K
10.2.2025;7779;7906;7717;7802;2.12 K
07.2.2025;7970;8178;7620;7919;3.21 K
06.2.2025;8295;8298;7859;8011;3.63 K
05.2.2025;8578;8650;8217;8267;3.1 K
04.2.2025;8670;8737;8430;8582;5.35 K
03.2.2025;8613;8850;8501;8665;4.82 K
31.1.2025;8788;8829;8280;8611;7.21 K
30.1.2025;9191;9191;8733;8829;3.43 K
29.1.2025;9050;9200;9050;9196;2.35 K
28.1.2025;9075;9090;8919;9044;3.25 K
27.1.2025;9120;9214;8982;9055;3.13 K
24.1.2025;9213;9269;9002;9186;3.19 K
23.1.2025;9380;9411;9109;9183;5.18 K
22.1.2025;9199;9427;9103;9347;6.01 K
21.1.2025;9035;9308;8998;9240;5.63 K
20.1.2025;8957;9027;8775;9004;3.93 K
17.1.2025;8522;9036;8508;8955;7.32 K
16.1.2025;8636;8745;8500;8529;6.97 K
15.1.2025;8856;8900;8659;8746;3.75 K
14.1.2025;8860;9080;8812;8857;3.8 K
13.1.2025;8644;8873;8550;8847;4.54 K
10.1.2025;8825;8825;8512;8580;6.86 K
09.1.2025;9090;9237;8610;8804;8.09 K
08.1.2025;9017;9050;8500;8515;9.05 K
07.1.2025;8999;9225;8914;9009;3.88 K
06.1.2025;9171;9380;8858;9030;7.23 K
03.1.2025;9090;9188;8935;9020;2.96 K
02.1.2025;9133;9272;8785;8974;3.99 K
31.12.2024;8999;9272;8884;9143;5.6 K
30.12.2024;8078;9218;7809;9114;8.96 K
27.12.2024;8820;8950;8069;8117;7.62 K
24.12.2024;9334;9389;9101;9134;1.85 K
23.12.2024;9482;9577;9300;9372;2.67 K
20.12.2024;9400;9750;9100;9492;5.71 K
19.12.2024;9935;9994;9568;9665;6.79 K
18.12.2024;9391;10100;9288;9926;9.28 K
17.12.2024;9302;9501;9127;9266;6.56 K
16.12.2024;8926;9440;8926;9353;8.72 K
13.12.2024;8622;8953;8561;8926;6.92 K
12.12.2024;8264;8264;8264;8264;279
11.12.2024;8518;8537;8187;8266;279
10.12.2024;8469;8560;8396;8454;351
09.12.2024;8251;8579;8193;8363;401
06.12.2024;8025;8284;7968;8156;698
05.12.2024;7655;8190;7633;7992;558
04.12.2024;7512;7646;7340;7592;971
03.12.2024;8010;8100;7357;7376;1.6 K
02.12.2024;7950;8067;7894;7992;690
29.11.2024;7865;8000;7753;7933;1.75 K
28.11.2024;7745;7854;7584;7841;445
27.11.2024;7840;7919;7650;7668;1.3 K
26.11.2024;7655;7879;7550;7831;1.43 K
25.11.2024;7749;7811;7579;7661;1.01 K
22.11.2024;7370;7920;7370;7756;1.57 K
21.11.2024;7206;7390;7179;7343;810
20.11.2024;7250;7300;7144;7206;1.19 K
19.11.2024;6928;7285;6914;7235;3.12 K
18.11.2024;7157;7157;6853;6991;1.22 K
15.11.2024;7087;7269;6999;7106;2.37 K
14.11.2024;6535;7080;6535;7017;2.84 K
13.11.2024;6265;6785;6240;6505;2.8 K
12.11.2024;5985;6263;5953;6245;3.46 K
11.11.2024;5888;6000;5864;5935;1.78 K
08.11.2024;5814;5930;5797;5825;2.82 K
07.11.2024;5510;5844;5471;5826;2.43 K
06.11.2024;5664;5712;5484;5497;2.34 K
05.11.2024;5801;5802;5546;5673;3.12 K
04.11.2024;5871;5933;5715;5791;3.95 K
01.11.2024;5861;5937;5784;5871;2.19 K
31.10.2024;5915;5933;5827;5846;3.8 K
30.10.2024;5788;5900;5639;5859;3.75 K
29.10.2024;5456;5826;5450;5795;4.38 K
28.10.2024;5237;5481;5200;5456;4.19 K
25.10.2024;5176;5380;4924;5232;5.43 K
24.10.2024;5462;5476;5162;5175;4.67 K
23.10.2024;5458;5524;5323;5380;3.74 K
22.10.2024;5602;5641;5338;5448;4.89 K
21.10.2024;5607;5687;5500;5602;3.23 K
18.10.2024;5835;5984;5523;5577;4.29 K
17.10.2024;5725;5941;5616;5820;2.3 K
16.10.2024;5830;6058;5728;5749;5.87 K
15.10.2024;5640;5805;5614;5791;4 K
14.10.2024;5676;5798;5629;5642;4.97 K
11.10.2024;5518;5790;5489;5643;6.34 K
10.10.2024;5392;5538;5252;5521;4.04 K
09.10.2024;5140;5449;5118;5375;5.12 K
08.10.2024;5095;5236;5038;5121;3.84 K
07.10.2024;5118;5131;4992;5032;2.37 K
04.10.2024;5128;5142;4900;5108;3.32 K
03.10.2024;4975;5132;4862;5056;4.31 K
02.10.2024;5117;5349;4894;4958;8.3 K
01.10.2024;5292;5367;5100;5106;6.1 K
30.9.2024;5553;5554;5225;5241;5.55 K
27.9.2024;5352;5582;5301;5537;4.26 K
26.9.2024;5312;5730;5298;5325;7.98 K
25.9.2024;5200;5371;5138;5304;6.08 K
24.9.2024;5268;5296;5134;5187;6.33 K
23.9.2024;5298;5327;5229;5268;3.96 K
20.9.2024;5301;5342;5240;5268;3.5 K
19.9.2024;5401;5432;5294;5306;2.77 K
18.9.2024;5273;5409;5267;5395;2.99 K
17.9.2024;5410;5439;5200;5280;3.72 K
16.9.2024;5393;5500;5288;5396;4.29 K
13.9.2024;5307;5307;5307;5538;23
12.9.2024;5401;5448;5359;5362;77
11.9.2024;5164;5411;5158;5391;210
10.9.2024;5423;5424;5118;5133;876
09.9.2024;5302;5459;5300;5444;633
06.9.2024;5260;5375;5208;5225;696
05.9.2024;4895;5241;4895;5168;986
04.9.2024;5082;5098;4842;4879;1.87 K
03.9.2024;5580;5606;5071;5084;2.17 K
02.9.2024;5526;5609;5520;5597;463
30.8.2024;5604;5729;5530;5586;1.78 K
29.8.2024;5672;5809;5568;5575;3.27 K
28.8.2024;5750;5800;5571;5667;1.5 K
27.8.2024;6350;6410;5664;5733;3.96 K
23.8.2024;6315;6402;6260;6280;1.3 K
22.8.2024;6351;6379;6115;6342;1.59 K
21.8.2024;6460;6550;6300;6342;1.59 K
20.8.2024;6378;6490;6251;6433;1.58 K
19.8.2024;6355;6646;6255;6372;1.53 K
16.8.2024;6393;6478;6315;6349;1.47 K
15.8.2024;6468;6545;6310;6332;1.27 K
14.8.2024;6559;6559;6400;6426;1.44 K
13.8.2024;6546;6616;6411;6484;1.13 K
12.8.2024;6687;6764;6441;6474;2.01 K
09.8.2024;6460;6812;6408;6693;2.27 K
08.8.2024;6698;6796;6295;6347;3.09 K
07.8.2024;6500;6820;6493;6593;4.33 K
06.8.2024;6321;6500;6231;6492;2.83 K
05.8.2024;6010;6346;5881;6284;3.43 K
02.8.2024;5996;6207;5970;6024;2.59 K
01.8.2024;6421;6449;5971;6004;6.25 K
31.7.2024;6565;6598;6381;6427;3.06 K
30.7.2024;6369;6612;6290;6548;3.46 K
29.7.2024;6515;6538;6293;6328;3.69 K
26.7.2024;6478;6563;6310;6515;2.44 K
25.7.2024;6677;6728;6381;6395;3.42 K
24.7.2024;6823;6870;6650;6677;3.33 K
23.7.2024;6790;6880;6698;6806;2.68 K
22.7.2024;6355;6860;6302;6842;3.31 K
19.7.2024;6655;6830;6290;6338;3.74 K
18.7.2024;6323;6695;6301;6623;2.8 K
17.7.2024;6521;6661;6290;6320;4.69 K
16.7.2024;8141;8141;8141;7488;18
15.7.2024;7166;8240;7155;8214;275
12.7.2024;7585;7756;7288;7345;313
11.7.2024;7510;7629;7268;7598;405
10.7.2024;7478;7520;7290;7367;249
09.7.2024;7223;7489;6919;7461;722
08.7.2024;7407;7436;7091;7129;602
05.7.2024;7299;7425;7180;7360;1.01 K
04.7.2024;7686;7758;7205;7230;777
03.7.2024;7688;7985;7651;7696;1.36 K
02.7.2024;7334;7721;7283;7705;826
01.7.2024;7352;7458;7097;7395;2.61 K
28.6.2024;7050;7549;6818;7525;2.56 K
27.6.2024;7800;7800;6971;7160;1.86 K
26.6.2024;7800;7860;7464;7814;554
25.6.2024;7699;7919;7097;7811;2.5 K
24.6.2024;8229;8362;7414;7673;3.04 K
21.6.2024;8145;8766;8100;8311;2.21 K
20.6.2024;8535;8673;8160;8215;1 K
19.6.2024;8461;8589;8252;8516;555
18.6.2024;8472;8602;8261;8484;1.1 K
17.6.2024;8792;8901;8282;8419;1.92 K
14.6.2024;8851;9092;8100;8837;3.2 K
13.6.2024;8675;9150;8675;9035;2.66 K
12.6.2024;8127;8737;8127;8659;2.65 K
11.6.2024;7853;8128;7846;8113;2.83 K
10.6.2024;8021;8100;7817;7935;1.92 K
07.6.2024;7835;8000;7797;7989;2.27 K
06.6.2024;7698;7886;7670;7859;3.04 K
05.6.2024;7491;7636;7384;7598;3.56 K
04.6.2024;7480;7712;7252;7639;3.72 K
03.6.2024;7441;7846;7359;7664;4.18 K
31.5.2024;7430;7529;7268;7444;2.89 K
30.5.2024;7535;7700;7300;7420;3.72 K
29.5.2024;6985;7619;6983;7544;4.03 K
28.5.2024;6819;7096;6609;7080;5.58 K
24.5.2024;6701;6880;6512;6819;5.01 K
23.5.2024;6185;6684;6082;6652;3.92 K
22.5.2024;6049;6278;6045;6243;2.25 K
21.5.2024;5988;6183;5730;6111;3.46 K
20.5.2024;6100;6156;5659;5988;4.64 K
17.5.2024;6222;6495;6028;6121;3.68 K
16.5.2024;6520;6731;6070;6229;4.17 K
15.5.2024;6294;6294;6294;6294;202
14.5.2024;5800;6379;5800;6015;202
13.5.2024;7700;7700;5855;5862;957
10.5.2024;7867;8130;7500;7556;740
09.5.2024;7981;8123;7559;7691;701
08.5.2024;8415;8454;7883;7929;766
07.5.2024;7074;8032;6941;7999;922
03.5.2024;7047;7464;6619;7463;1 K
02.5.2024;7300;7679;7000;7144;814
01.5.2024;8314;8730;7797;7808;1.83 K
30.4.2024;8229;8617;7249;8520;5.67 K
29.4.2024;9414;9414;8030;8195;2.64 K
26.4.2024;9633;9870;9385;9444;1.87 K
25.4.2024;10000;10051;9504;9617;1.43 K
24.4.2024;9500;9800;9500;9791;1.18 K
23.4.2024;9910;9969;9200;9455;2.33 K
22.4.2024;10265;10265;9900;9937;1.14 K
19.4.2024;9823;10265;9699;10137;2.65 K
18.4.2024;9001;9809;9001;9680;2.75 K
17.4.2024;8547;9003;8547;8841;1.92 K
16.4.2024;9238;9312;8600;8646;1.59 K
15.4.2024;8914;9235;8869;9177;2.2 K
12.4.2024;8570;9000;8550;8986;1.54 K
11.4.2024;8490;8700;8459;8570;2.09 K
10.4.2024;8282;8500;8180;8448;1.73 K
09.4.2024;8050;8253;7884;8235;3.47 K
08.4.2024;8070;8430;8038;8199;3.51 K
05.4.2024;7841;8080;7735;7996;3.74 K
04.4.2024;7894;7905;7584;7737;5.25 K
03.4.2024;8380;8459;7783;7867;9.49 K
02.4.2024;8665;8690;8347;8384;7.38 K
28.3.2024;8266;8400;8174;8276;6.43 K
27.3.2024;8150;8230;7861;8208;9.19 K
26.3.2024;8214;8682;8194;8211;12 K
25.3.2024;7474;8232;7422;8193;8.37 K
22.3.2024;7127;7500;7058;7461;5.17 K
21.3.2024;6939;7173;6883;7138;8.81 K
20.3.2024;6706;6960;6499;6937;7.7 K
19.3.2024;6854;6999;6675;6691;5.81 K
18.3.2024;6616;6995;6520;6804;14.76 K
15.3.2024;6124;6574;6034;6542;11.73 K
14.3.2024;5773;6275;5773;6137;9.19 K
13.3.2024;6157;6157;5901;6088;238
12.3.2024;5947;6180;5853;6169;406
11.3.2024;5530;5948;5530;5947;911
08.3.2024;5665;5726;5500;5549;686
07.3.2024;5800;5805;5595;5665;879
06.3.2024;5800;5865;5642;5771;1.64 K
05.3.2024;5904;5920;5760;5790;1.28 K
04.3.2024;5608;5917;5591;5867;1.23 K
01.3.2024;5601;5718;5568;5620;4.86 K
29.2.2024;5435;5693;5363;5566;3.73 K
28.2.2024;5794;5811;5414;5446;2.93 K
27.2.2024;5766;5946;5758;5827;4.32 K
26.2.2024;5590;5830;5580;5792;3.84 K
23.2.2024;5285;5594;5227;5576;3.66 K
22.2.2024;5176;5284;5018;5258;4.41 K
21.2.2024;4879;5114;4877;5092;3.35 K
20.2.2024;4735;4949;4705;4855;3.27 K
19.2.2024;4629;4782;4599;4716;1.91 K
16.2.2024;4812;4833;4625;4629;5.31 K
15.2.2024;4830;4870;4786;4818;4.26 K
14.2.2024;4871;4875;4798;4823;3.89 K
13.2.2024;4779;4881;4719;4852;3.63 K
12.2.2024;4760;4818;4707;4769;6.68 K
09.2.2024;4700;4916;4567;4757;14.42 K
08.2.2024;4360;4670;4352;4660;19.01 K
07.2.2024;4241;4354;4223;4344;9.38 K
06.2.2024;4222;4303;4181;4242;12.61 K
05.2.2024;4036;4200;4030;4183;12.31 K
02.2.2024;3980;4048;3961;4040;11.43 K
01.2.2024;3885;3992;3885;3975;12.7 K
31.1.2024;3868;3910;3848;3883;10.55 K
30.1.2024;3805;3892;3787;3868;8.75 K
29.1.2024;3758;3799;3735;3794;6.17 K
26.1.2024;3748;3765;3721;3749;7.13 K
25.1.2024;3795;3834;3715;3722;10.79 K
24.1.2024;3751;3800;3722;3793;13.79 K
23.1.2024;3750;3799;3720;3729;31.9 K
22.1.2024;3785;3792;3724;3744;11.33 K
19.1.2024;3756;3798;3729;3776;17.14 K
18.1.2024;3694;3740;3674;3712;11.03 K
17.1.2024;3720;3760;3696;3729;12.62 K
16.1.2024;3630;3723;3629;3717;12.75 K
15.1.2024;3600;3629;3581;3627;2.79 K
12.1.2024;3575;3623;3572;3606;11.05 K
11.1.2024;3497;3574;3497;3567;10.97 K
10.1.2024;3460;3520;3441;3496;8.96 K
09.1.2024;3387;3470;3378;3443;15.17 K
08.1.2024;3498;3515;3331;3381;19.69 K
05.1.2024;3565;3573;3484;3494;9.52 K
04.1.2024;3546;3567;3531;3554;5.47 K
03.1.2024;3574;3576;3533;3553;5.89 K
02.1.2024;3505;3575;3498;3573;7.73 K
29.12.2023;3545;3563;3505;3506;5.53 K
28.12.2023;3543;3560;3525;3549;3.78 K
27.12.2023;3584;3588;3537;3540;4.58 K
22.12.2023;3577;3577;3553;3557;1.61 K
21.12.2023;3574;3585;3553;3570;4.46 K
20.12.2023;3559;3575;3550;3574;10.14 K
19.12.2023;3571;3579;3535;3548;4.16 K
18.12.2023;3559;3588;3539;3563;5.96 K
15.12.2023;3550;3568;3504;3549;6.73 K
14.12.2023;3570;3586;3536;3547;7.94 K
13.12.2023;3559;3571;3537;3564;5.05 K
12.12.2023;3492;3492;3492;3492;933
11.12.2023;3585;3585;3533;3482;933
08.12.2023;3579;3586;3502;3572;599
07.12.2023;3483;3596;3483;3568;1.69 K
06.12.2023;3441;3454;3381;3435;3.9 K
05.12.2023;3483;3492;3435;3441;1.3 K
04.12.2023;3501;3549;3477;3485;2.31 K
01.12.2023;3580;3580;3479;3501;2.02 K
30.11.2023;3589;3606;3557;3580;12.53 K
29.11.2023;3561;3591;3538;3582;7.31 K
28.11.2023;3520;3556;3504;3554;6.16 K
27.11.2023;3493;3519;3489;3516;2.76 K
24.11.2023;3496;3507;3479;3489;2.43 K
23.11.2023;3490;3500;3479;3497;1.14 K
22.11.2023;3517;3517;3470;3487;1.28 K
21.11.2023;3485;3511;3464;3502;2.21 K
20.11.2023;3578;3579;3480;3482;2.54 K
17.11.2023;3561;3580;3550;3579;2 K
16.11.2023;3520;3565;3520;3555;2.77 K
15.11.2023;3493;3536;3469;3510;1.54 K
14.11.2023;3579;3634;3489;3491;5.42 K
13.11.2023;3535;3579;3523;3569;4.17 K
10.11.2023;3495;3532;3493;3531;5.13 K
09.11.2023;3421;3488;3419;3484;4.47 K
08.11.2023;3388;3417;3372;3411;4.93 K
07.11.2023;3390;3412;3380;3387;5.93 K
06.11.2023;3389;3395;3342;3378;4.35 K
03.11.2023;3379;3389;3329;3382;8.08 K
02.11.2023;3345;3389;3342;3385;4.76 K
01.11.2023;3395;3397;3337;3345;5.02 K
31.10.2023;3411;3420;3372;3381;5.44 K
30.10.2023;3413;3425;3359;3393;7.37 K
27.10.2023;3368;3402;3344;3391;7.31 K
26.10.2023;3318;3388;3311;3368;8.03 K
25.10.2023;3282;3342;3277;3310;6.77 K
24.10.2023;3319;3337;3255;3285;7.9 K
23.10.2023;3272;3345;3271;3321;5.67 K
20.10.2023;3204;3275;3184;3269;5.28 K
19.10.2023;3185;3260;3185;3220;7.33 K
18.10.2023;3185;3202;3161;3183;5.18 K
17.10.2023;3168;3209;3155;3189;5.79 K
16.10.2023;3104;3191;3099;3171;8.68 K
13.10.2023;3059;3103;3042;3101;7 K
12.10.2023;2990;3069;2990;3064;9.1 K
11.10.2023;2996;3011;2962;2965;5.72 K
10.10.2023;2973;3000;2966;2998;7.79 K
09.10.2023;2986;3001;2950;2970;3.77 K
06.10.2023;2937;3003;2921;2985;7.76 K
05.10.2023;2959;2981;2925;2940;6.13 K
04.10.2023;2977;2983;2950;2965;6.14 K
03.10.2023;3032;3047;2963;2978;6.02 K
02.10.2023;2949;3036;2939;3032;7.3 K
29.9.2023;2976;2997;2937;2949;9.29 K
28.9.2023;2971;2991;2951;2978;4.88 K
27.9.2023;3007;3007;2942;2953;7.15 K
26.9.2023;2987;3023;2986;3001;4.16 K
25.9.2023;3022;3042;2978;2979;6.99 K
22.9.2023;3007;3058;2998;3022;6.13 K
21.9.2023;2990;3023;2983;3001;5.41 K
20.9.2023;3057;3061;2960;2986;10.97 K
19.9.2023;3034;3095;3031;3052;8.57 K
18.9.2023;3128;3131;3027;3031;9.97 K
15.9.2023;3104;3125;3099;3121;4.95 K
14.9.2023;3102;3102;3102;3102;1.36 K
13.9.2023;3019;3065;3015;3064;1.36 K
12.9.2023;3025;3034;3004;3013;2.03 K
11.9.2023;3045;3050;3005;3017;1.21 K
08.9.2023;2964;3035;2964;3033;1.37 K
07.9.2023;2962;2970;2927;2961;1.04 K
06.9.2023;2949;2977;2922;2964;893
05.9.2023;2900;2955;2878;2938;2.43 K
04.9.2023;2903;2907;2880;2884;2.62 K
01.9.2023;2949;2957;2901;2906;1.93 K
31.8.2023;2914;2988;2913;2944;4.98 K
30.8.2023;2870;2915;2850;2913;3.74 K
29.8.2023;2790;2872;2790;2870;3.06 K
25.8.2023;2735;2786;2734;2782;1.21 K
24.8.2023;2699;2742;2699;2731;1.26 K
23.8.2023;2704;2711;2692;2702;697
22.8.2023;2703;2712;2675;2698;1.17 K
21.8.2023;2698;2711;2693;2697;798
18.8.2023;2725;2729;2687;2698;965
17.8.2023;2699;2744;2696;2722;2.2 K
16.8.2023;2707;2707;2665;2697;2.3 K
15.8.2023;2660;2714;2655;2691;3.47 K
14.8.2023;2635;2679;2630;2666;2.03 K
11.8.2023;2612;2634;2582;2629;2.9 K
10.8.2023;2610;2623;2591;2614;5.23 K
09.8.2023;2620;2655;2603;2619;6.16 K
08.8.2023;2661;2665;2589;2621;8.35 K
07.8.2023;2646;2735;2643;2668;9.54 K
04.8.2023;2653;2683;2640;2654;8.54 K
03.8.2023;2700;2711;2650;2653;12.55 K
02.8.2023;2710;2716;2668;2700;9.31 K
01.8.2023;2707;2718;2676;2703;5.92 K
31.7.2023;2688;2708;2688;2698;5.29 K
28.7.2023;2700;2711;2683;2686;4.51 K
27.7.2023;2676;2711;2674;2682;9.77 K
26.7.2023;2626;2675;2616;2668;6.45 K
25.7.2023;2572;2635;2572;2625;8.27 K
24.7.2023;2575;2588;2562;2582;4.45 K
21.7.2023;2540;2587;2534;2577;5.33 K
20.7.2023;2577;2581;2543;2563;5.11 K
19.7.2023;2532;2587;2527;2584;7.45 K
18.7.2023;2510;2548;2494;2532;9.11 K
17.7.2023;2492;2521;2490;2514;6.31 K
14.7.2023;2462;2462;2462;2457;37
13.7.2023;2602;2602;2447;2458;209
12.7.2023;2704;2705;2623;2624;782
11.7.2023;2779;2789;2683;2692;1.35 K
10.7.2023;2803;2811;2762;2774;1.35 K
07.7.2023;2812;2833;2801;2812;763
06.7.2023;2826;2856;2806;2812;1.79 K
05.7.2023;2830;2850;2820;2827;802
04.7.2023;2855;2873;2813;2818;1.19 K
03.7.2023;2722;2859;2719;2858;1.8 K
30.6.2023;2658;2725;2649;2722;4.5 K
29.6.2023;2670;2674;2637;2642;1.72 K
28.6.2023;2642;2671;2634;2667;2.04 K
27.6.2023;2608;2637;2604;2626;2.06 K
26.6.2023;2560;2629;2560;2612;1.92 K
23.6.2023;2559;2585;2553;2560;1.5 K
22.6.2023;2563;2568;2552;2560;1.22 K
21.6.2023;2550;2571;2532;2566;1.1 K
20.6.2023;2570;2596;2544;2551;2.92 K
19.6.2023;2571;2596;2571;2575;740
16.6.2023;2608;2608;2563;2571;3.65 K
15.6.2023;2528;2613;2528;2605;7.11 K
14.6.2023;2501;2547;2489;2532;9.18 K
13.6.2023;2446;2513;2437;2495;5.42 K
12.6.2023;2455;2476;2437;2441;2.68 K
09.6.2023;2412;2469;2412;2462;11.16 K
08.6.2023;2399;2418;2388;2414;8.57 K
07.6.2023;2358;2396;2345;2391;8.38 K
06.6.2023;2355;2385;2352;2357;11.05 K
05.6.2023;2340;2366;2333;2361;7.24 K
02.6.2023;2341;2349;2316;2341;11.21 K
01.6.2023;2349;2379;2334;2340;7.08 K
31.5.2023;2350;2359;2340;2346;5.43 K
30.5.2023;2362;2370;2345;2350;4.91 K
26.5.2023;2365;2375;2355;2360;6.35 K
25.5.2023;2356;2374;2351;2366;5.06 K
24.5.2023;2357;2368;2347;2355;5.51 K
23.5.2023;2370;2389;2354;2358;6.89 K
22.5.2023;2386;2414;2362;2372;9.13 K
19.5.2023;2339;2405;2323;2398;13.75 K
18.5.2023;2303;2348;2303;2332;8.15 K
17.5.2023;2287;2310;2284;2303;6.93 K
16.5.2023;2252;2296;2246;2293;7.17 K
15.5.2023;2413;2413;2404;2311;163
12.5.2023;2254;2485;2252;2413;1.41 K
11.5.2023;2245;2251;2238;2250;1.64 K
10.5.2023;2233;2247;2220;2241;1.23 K
09.5.2023;2211;2233;2202;2230;2.87 K
05.5.2023;2190;2212;2186;2201;2.48 K
04.5.2023;2170;2200;2166;2191;1.77 K
03.5.2023;2194;2195;2168;2171;1.89 K
02.5.2023;2200;2224;2192;2193;2.25 K
28.4.2023;2230;2230;2196;2205;5.72 K
27.4.2023;2227;2238;2213;2218;1.71 K
26.4.2023;2228;2244;2204;2227;2.29 K
25.4.2023;2260;2265;2225;2228;3.42 K
24.4.2023;2283;2285;2248;2254;3.18 K
21.4.2023;2260;2290;2258;2280;3.01 K
20.4.2023;2270;2275;2255;2259;3.59 K
19.4.2023;2269;2279;2252;2270;4.28 K
18.4.2023;2242;2271;2232;2269;4.08 K
17.4.2023;2200;2245;2187;2243;4.4 K
14.4.2023;2190;2229;2190;2203;6.13 K
13.4.2023;2184;2205;2172;2191;5.5 K
12.4.2023;2192;2203;2164;2164;6.84 K
11.4.2023;2191;2203;2171;2194;7.18 K
06.4.2023;2174;2203;2167;2186;12.33 K
05.4.2023;2137;2171;2134;2169;13.85 K
04.4.2023;2122;2147;2107;2138;10.89 K
03.4.2023;2162;2162;2108;2121;8.67 K
31.3.2023;2121;2165;2121;2159;11.53 K
30.3.2023;2117;2135;2084;2130;8.79 K
29.3.2023;2150;2152;2119;2121;6.34 K
28.3.2023;2147;2148;2128;2141;5.71 K
27.3.2023;2144;2156;2129;2142;7.58 K
24.3.2023;2124;2141;2112;2136;9.85 K
23.3.2023;2144;2146;2104;2120;12.16 K
22.3.2023;2121;2150;2108;2146;11.95 K
21.3.2023;2108;2129;2101;2125;8.83 K
20.3.2023;2093;2109;2080;2102;8.84 K
17.3.2023;2076;2115;2073;2102;9.85 K
16.3.2023;2147;2147;2147;2038;138
15.3.2023;2051;2064;2022;2045;727
14.3.2023;2011;2057;2002;2050;1.15 K
13.3.2023;2046;2049;2014;2017;2.28 K
10.3.2023;2078;2080;2031;2050;2.33 K
09.3.2023;2100;2102;2078;2087;2.57 K
08.3.2023;2106;2115;2093;2097;2 K
07.3.2023;2106;2109;2088;2104;3.1 K
06.3.2023;2096;2110;2081;2104;1.83 K
03.3.2023;2122;2124;2086;2089;3.38 K
02.3.2023;2140;2147;2114;2117;3.63 K
01.3.2023;2105;2148;2105;2139;2.99 K
28.2.2023;2094;2108;2086;2102;5.85 K
27.2.2023;2091;2122;2080;2096;3.57 K
24.2.2023;2100;2100;2088;2093;1.92 K
23.2.2023;2100;2106;2091;2096;2.52 K
22.2.2023;2102;2110;2090;2101;2.43 K
21.2.2023;2122;2125;2085;2095;5.15 K
20.2.2023;2103;2129;2098;2123;793
17.2.2023;2107;2136;2097;2099;5.09 K
16.2.2023;2087;2101;2077;2092;3.18 K
15.2.2023;2044;2105;2044;2086;5.49 K
14.2.2023;2026;2035;2017;2031;4.4 K
13.2.2023;2004;2034;2003;2028;5.84 K
10.2.2023;1985;2003;1976;1994;6.5 K
09.2.2023;2023;2023;1983;1989;8.92 K
08.2.2023;2032;2036;2013;2025;4.81 K
07.2.2023;2026;2035;2007;2032;10.56 K
06.2.2023;1997;2035;1996;2018;7.68 K
03.2.2023;2015;2016;1990;1999;14.11 K
02.2.2023;2014;2029;2006;2012;8.19 K
01.2.2023;2030;2035;2014;2024;9.73 K
31.1.2023;2042;2044;2018;2025;3.91 K
30.1.2023;2038;2047;2025;2038;4.77 K
27.1.2023;2025;2047;2023;2035;6.05 K
26.1.2023;2004;2035;2004;2033;7.08 K
25.1.2023;1998;2013;1991;2004;6.72 K
24.1.2023;2000;2017;1988;1994;7.65 K
23.1.2023;1972;2016;1967;2003;12.47 K
20.1.2023;1978;1986;1947;1978;17.47 K
19.1.2023;2026;2030;1980;1982;15.39 K
18.1.2023;2054;2062;2020;2026;10.77 K
17.1.2023;2055;2074;2041;2055;9.03 K
16.1.2023;2067;2074;2050;2056;4.1 K
13.1.2023;2057;2083;2046;2069;7.66 K
12.1.2023;2056;2074;2043;2052;5.53 K
11.1.2023;2034;2059;2024;2056;5.58 K
10.1.2023;2058;2069;2028;2030;7.4 K
09.1.2023;2047;2074;2042;2066;5.71 K
06.1.2023;2072;2076;2045;2047;5.62 K
05.1.2023;2048;2079;2040;2070;11.31 K
04.1.2023;2046;2057;2034;2046;4.97 K
03.1.2023;2063;2068;2019;2047;8.54 K
30.12.2022;2040;2066;2038;2062;4.91 K
29.12.2022;2073;2078;2032;2044;4.97 K
28.12.2022;2065;2090;2059;2073;8.83 K
23.12.2022;2051;2067;2045;2065;4.12 K
22.12.2022;2010;2053;2006;2050;11.54 K
21.12.2022;1991;2009;1988;2008;7.31 K
20.12.2022;1977;1998;1969;1988;5.73 K
19.12.2022;1966;1982;1957;1975;4.6 K
16.12.2022;1979;1980;1956;1966;5.33 K
15.12.2022;1954;1980;1952;1975;8.39 K
14.12.2022;1945;1961;1940;1950;5.46 K
13.12.2022;2079;2079;2079;2098;8
12.12.2022;2110;2110;2088;2108;569
09.12.2022;2142;2174;2115;2119;1.49 K
08.12.2022;2130;2143;2128;2142;1.24 K
07.12.2022;2116;2131;2112;2130;1.79 K
06.12.2022;2120;2133;2113;2117;2.02 K
05.12.2022;2140;2140;2110;2120;2.13 K
02.12.2022;2149;2153;2119;2144;1.37 K
01.12.2022;2139;2151;2121;2149;1.64 K
30.11.2022;2130;2140;2089;2139;6.4 K
29.11.2022;2116;2132;2102;2132;4.36 K
28.11.2022;2087;2118;2083;2116;4.9 K
25.11.2022;2047;2095;2021;2088;5.59 K
24.11.2022;2018;2036;2017;2031;1.1 K
23.11.2022;2020;2027;2011;2018;3.55 K
22.11.2022;2051;2054;2022;2027;3.1 K
21.11.2022;2014;2056;2006;2050;4.86 K
18.11.2022;1997;2017;1981;2016;4.39 K
17.11.2022;2004;2008;1987;2002;2.29 K
16.11.2022;1995;2011;1981;2008;2.71 K
15.11.2022;1998;2050;1997;1998;3.9 K
14.11.2022;2006;2014;1988;2003;2.55 K
11.11.2022;2074;2078;2009;2013;4.71 K
10.11.2022;2100;2104;2053;2069;4.87 K
09.11.2022;2057;2100;2045;2098;11.97 K
08.11.2022;2050;2065;2038;2050;6.98 K
07.11.2022;2030;2064;2025;2049;6.72 K
04.11.2022;1997;2047;1994;2040;10.7 K
03.11.2022;1967;1994;1951;1991;8.66 K
02.11.2022;1934;1959;1929;1956;6.21 K
01.11.2022;1918;1934;1909;1929;5.63 K
31.10.2022;1893;1923;1886;1919;6.59 K
28.10.2022;1897;1914;1881;1894;8.48 K
27.10.2022;1894;1916;1880;1909;8.27 K
26.10.2022;1921;1925;1892;1897;8.71 K
25.10.2022;1978;1981;1925;1928;12.15 K
24.10.2022;1955;1978;1953;1977;5.22 K
21.10.2022;1942;1972;1942;1954;4.96 K
20.10.2022;1928;1961;1928;1949;5.96 K
19.10.2022;1918;1937;1907;1933;7.33 K
18.10.2022;1934;1940;1919;1921;7.95 K
17.10.2022;1973;1987;1930;1931;9.06 K
14.10.2022;1963;1998;1960;1981;7.07 K
13.10.2022;1949;1987;1930;1966;10.39 K
12.10.2022;1978;1995;1943;1950;6.53 K
11.10.2022;1991;2009;1969;1971;5.4 K
10.10.2022;2008;2023;1990;1992;6.03 K
07.10.2022;1969;2011;1966;2008;11.03 K
06.10.2022;1974;1997;1959;1965;11.34 K
05.10.2022;1932;1973;1921;1963;13.17 K
04.10.2022;1907;1941;1904;1922;10.49 K
03.10.2022;1941;1952;1908;1915;8.64 K
30.9.2022;1940;1958;1925;1940;7.32 K
29.9.2022;1941;1972;1935;1941;16.84 K
28.9.2022;1929;1967;1918;1932;15.84 K
27.9.2022;1887;1927;1887;1924;11.36 K
26.9.2022;1860;1899;1846;1897;10.8 K
23.9.2022;1855;1880;1834;1857;9.32 K
22.9.2022;1895;1895;1859;1861;6.51 K
21.9.2022;1884;1895;1872;1881;6.64 K
20.9.2022;1880;1898;1873;1877;11.76 K
16.9.2022;1862;1880;1858;1879;7.58 K
15.9.2022;1779;1779;1779;1779;39
14.9.2022;1794;1838;1794;1760;39
13.9.2022;1742;1794;1725;1782;322
12.9.2022;1765;1765;1728;1747;530
09.9.2022;1781;1807;1752;1765;2.07 K
08.9.2022;1800;1802;1782;1784;1.23 K
07.9.2022;1800;1807;1796;1802;1.12 K
06.9.2022;1803;1810;1792;1798;1.72 K
05.9.2022;1805;1808;1792;1803;1.1 K
02.9.2022;1771;1805;1771;1804;1.4 K
01.9.2022;1807;1807;1779;1787;985
31.8.2022;1795;1810;1795;1800;5.46 K
30.8.2022;1779;1797;1774;1795;5.08 K
26.8.2022;1770;1781;1761;1779;2.12 K
25.8.2022;1754;1778;1752;1772;2.65 K
24.8.2022;1735;1769;1730;1766;3.42 K
23.8.2022;1738;1762;1719;1724;2.29 K
22.8.2022;1757;1768;1742;1753;2.27 K
19.8.2022;1765;1776;1757;1759;2.18 K
18.8.2022;1765;1776;1757;1765;4.36 K
17.8.2022;1730;1765;1714;1761;3.17 K
16.8.2022;1752;1755;1720;1728;5.88 K
15.8.2022;1754;1765;1746;1752;2.21 K
12.8.2022;1760;1760;1740;1747;2.75 K
11.8.2022;1760;1765;1750;1761;4.13 K
10.8.2022;1755;1757;1743;1757;4.64 K
09.8.2022;1737;1755;1737;1754;5.36 K
08.8.2022;1734;1743;1720;1736;4.7 K
05.8.2022;1744;1753;1722;1726;5.96 K
04.8.2022;1707;1742;1688;1738;9 K
03.8.2022;1739;1739;1702;1705;10.07 K
02.8.2022;1715;1740;1714;1734;6.14 K
01.8.2022;1700;1721;1693;1711;5.09 K
29.7.2022;1704;1727;1699;1704;6.83 K
28.7.2022;1744;1756;1701;1704;7.88 K
27.7.2022;1769;1770;1731;1742;7.14 K
26.7.2022;1745;1769;1739;1768;10.81 K
25.7.2022;1695;1744;1687;1742;8.1 K
22.7.2022;1709;1723;1696;1699;4.72 K
21.7.2022;1750;1751;1711;1714;5.66 K
20.7.2022;1734;1755;1734;1747;7.3 K
19.7.2022;1710;1737;1696;1734;6.26 K
18.7.2022;1719;1727;1704;1714;4.52 K
15.7.2022;1687;1730;1687;1720;9.22 K
14.7.2022;1723;1724;1723;1688;18
13.7.2022;1750;1750;1688;1696;17
12.7.2022;1739;1744;1725;1734;378
11.7.2022;1706;1739;1698;1733;397
08.7.2022;1738;1745;1700;1701;448
07.7.2022;1744;1749;1721;1724;591
06.7.2022;1700;1743;1699;1739;1.11 K
05.7.2022;1700;1710;1675;1704;1.63 K
04.7.2022;1693;1702;1691;1693;623
01.7.2022;1698;1707;1690;1698;2.42 K
30.6.2022;1708;1717;1692;1696;3.52 K
29.6.2022;1729;1730;1705;1708;1.56 K
28.6.2022;1728;1746;1723;1727;1.3 K
27.6.2022;1754;1771;1726;1732;1.49 K
24.6.2022;1745;1771;1742;1754;1.66 K
23.6.2022;1746;1770;1741;1748;2.15 K
22.6.2022;1747;1755;1733;1750;2.96 K
21.6.2022;1734;1764;1734;1753;7.58 K
20.6.2022;1714;1737;1714;1734;1.09 K
17.6.2022;1695;1725;1692;1724;2.61 K
16.6.2022;1715;1719;1688;1690;2.72 K
15.6.2022;1722;1723;1700;1716;2.62 K
14.6.2022;1708;1729;1705;1716;4 K
13.6.2022;1743;1747;1699;1707;6.19 K
10.6.2022;1755;1765;1746;1749;5.49 K
09.6.2022;1745;1759;1730;1753;10.96 K
08.6.2022;1745;1758;1738;1745;5.71 K
07.6.2022;1763;1768;1742;1748;5.41 K
06.6.2022;1761;1766;1739;1755;9.29 K
01.6.2022;1757;1776;1746;1774;7.2 K
31.5.2022;1757;1764;1732;1744;4.97 K
30.5.2022;1708;1757;1707;1756;4.46 K
27.5.2022;1725;1728;1707;1716;2.92 K
26.5.2022;1701;1731;1696;1719;5.85 K
25.5.2022;1720;1735;1702;1705;6.14 K
24.5.2022;1720;1746;1720;1732;5.12 K
23.5.2022;1710;1742;1709;1728;7.43 K
20.5.2022;1744;1749;1715;1719;9.13 K
19.5.2022;1764;1773;1740;1743;7.77 K
18.5.2022;1783;1788;1763;1769;5.59 K
17.5.2022;1799;1804;1773;1776;7.51 K
16.5.2022;1657;1679;1612;1691;51
13.5.2022;1623;1700;1623;1679;187
12.5.2022;1687;1691;1621;1634;660
11.5.2022;1693;1713;1685;1691;984
10.5.2022;1686;1695;1665;1668;1.26 K
09.5.2022;1700;1712;1684;1690;1.25 K
06.5.2022;1710;1714;1694;1708;1.14 K
05.5.2022;1758;1758;1710;1711;1.32 K
04.5.2022;1779;1785;1737;1739;1.58 K
03.5.2022;1765;1788;1759;1774;2.03 K
29.4.2022;1764;1768;1746;1751;4.1 K
28.4.2022;1738;1760;1735;1760;2.23 K
27.4.2022;1737;1763;1724;1738;3.21 K
26.4.2022;1730;1740;1711;1737;2.01 K
25.4.2022;1730;1732;1713;1716;2.08 K
22.4.2022;1745;1757;1722;1738;1.77 K
21.4.2022;1760;1763;1740;1757;1.53 K
20.4.2022;1745;1769;1740;1756;1.26 K
19.4.2022;1759;1764;1734;1738;2.12 K
14.4.2022;1766;1777;1763;1770;986
13.4.2022;1763;1788;1753;1762;1.44 K
12.4.2022;1799;1809;1757;1773;4.11 K
11.4.2022;1807;1825;1784;1796;4.01 K
08.4.2022;1774;1806;1774;1804;5.66 K
07.4.2022;1733;1772;1733;1769;6.34 K
06.4.2022;1722;1744;1717;1738;5.13 K
05.4.2022;1737;1749;1715;1719;3.51 K
04.4.2022;1744;1769;1730;1736;4.52 K
01.4.2022;1764;1768;1740;1749;4.12 K
31.3.2022;1770;1788;1757;1769;3.84 K
30.3.2022;1773;1784;1751;1772;7.26 K
29.3.2022;1755;1775;1748;1771;5.51 K
28.3.2022;1717;1756;1716;1749;4.27 K
25.3.2022;1717;1740;1711;1723;4.82 K
24.3.2022;1760;1772;1733;1739;6.44 K
23.3.2022;1721;1760;1718;1756;5.08 K
22.3.2022;1687;1725;1687;1722;6.31 K
21.3.2022;1701;1706;1682;1687;5.48 K
18.3.2022;1689;1720;1686;1713;4.86 K
17.3.2022;1710;1720;1672;1693;12.81 K
16.3.2022;1719;1719;1719;1719;78
15.3.2022;1771;1771;1703;1714;78
14.3.2022;1798;1801;1785;1782;1.74 K
11.3.2022;1789;1803;1751;1782;813
10.3.2022;1740;1794;1740;1778;796
09.3.2022;1745;1757;1730;1740;1.04 K
08.3.2022;1714;1765;1714;1737;1.18 K
07.3.2022;1694;1715;1687;1710;1.44 K
04.3.2022;1648;1696;1648;1694;1.28 K
03.3.2022;1653;1661;1640;1653;946
02.3.2022;1631;1663;1631;1650;1.83 K
01.3.2022;1663;1663;1623;1648;1.91 K
28.2.2022;1673;1673;1636;1642;5.17 K
25.2.2022;1685;1692;1671;1674;1.77 K
24.2.2022;1700;1700;1663;1684;2.51 K
23.2.2022;1681;1734;1681;1709;1.99 K
22.2.2022;1661;1689;1659;1683;4.03 K
21.2.2022;1690;1695;1665;1665;1.68 K
18.2.2022;1699;1704;1685;1690;2.13 K
17.2.2022;1716;1724;1694;1696;3.94 K
16.2.2022;1757;1769;1713;1718;1.81 K
15.2.2022;1769;1773;1755;1757;1.68 K
14.2.2022;1790;1790;1753;1757;2.36 K
11.2.2022;1808;1808;1782;1798;3.25 K
10.2.2022;1797;1809;1792;1807;5.93 K
09.2.2022;1764;1798;1755;1795;6.84 K
08.2.2022;1756;1768;1743;1759;4.14 K
07.2.2022;1768;1773;1741;1746;5.37 K
04.2.2022;1757;1779;1755;1768;5.76 K
03.2.2022;1758;1760;1734;1754;3.69 K
02.2.2022;1749;1763;1740;1749;4.65 K
01.2.2022;1706;1752;1695;1745;10.32 K
31.1.2022;1703;1711;1693;1703;5.1 K
28.1.2022;1679;1700;1677;1696;4.47 K
27.1.2022;1691;1703;1678;1680;6.18 K
26.1.2022;1688;1712;1688;1703;3.87 K
25.1.2022;1698;1706;1688;1691;6.93 K
24.1.2022;1730;1735;1695;1698;8.56 K
21.1.2022;1752;1754;1733;1737;7.19 K
20.1.2022;1765;1771;1751;1758;5.59 K
19.1.2022;1775;1775;1746;1764;7.06 K
18.1.2022;1785;1785;1760;1769;8.92 K
17.1.2022;1779;1790;1773;1779;6.4 K
14.1.2022;1740;1776;1737;1773;13.45 K
13.1.2022;1712;1742;1702;1733;8.36 K
12.1.2022;1725;1727;1703;1707;5.72 K
11.1.2022;1708;1727;1692;1718;8 K
10.1.2022;1703;1711;1691;1698;6 K
07.1.2022;1656;1708;1654;1705;8.51 K
06.1.2022;1675;1678;1650;1653;5.93 K
05.1.2022;1678;1690;1651;1676;7.21 K
04.1.2022;1696;1704;1665;1668;7.57 K
31.12.2021;1714;1716;1692;1701;2.65 K
30.12.2021;1697;1717;1692;1710;5.49 K
29.12.2021;1685;1699;1678;1699;3.24 K
28.12.2021;1690;1699;1673;1681;3.04 K
23.12.2021;1694;1695;1670;1680;2.71 K
22.12.2021;1690;1703;1677;1682;2.58 K
21.12.2021;1684;1691;1668;1690;4.06 K
20.12.2021;1684;1691;1665;1669;5.96 K
17.12.2021;1709;1719;1700;1704;4.6 K
16.12.2021;1724;1729;1690;1717;5.45 K
15.12.2021;1711;1724;1690;1720;6.44 K
14.12.2021;1610;1610;1610;1610;430
13.12.2021;1538;1574;1521;1571;430
10.12.2021;1527;1527;1498;1511;739
09.12.2021;1541;1560;1527;1547;688
08.12.2021;1606;1606;1567;1566;549
07.12.2021;1564;1618;1564;1611;1.22 K
06.12.2021;1601;1601;1540;1562;1.3 K
03.12.2021;1609;1618;1597;1601;932
02.12.2021;1578;1615;1571;1605;795
01.12.2021;1605;1605;1540;1580;1.82 K
30.11.2021;1611;1614;1590;1598;2.29 K
29.11.2021;1643;1647;1615;1617;1.34 K
26.11.2021;1663;1666;1616;1626;4.92 K
25.11.2021;1671;1686;1671;1681;725
24.11.2021;1700;1707;1677;1681;1.64 K
23.11.2021;1702;1719;1701;1713;2.2 K
22.11.2021;1687;1704;1683;1702;2.29 K
19.11.2021;1690;1690;1672;1685;813
18.11.2021;1673;1693;1673;1688;2.9 K
17.11.2021;1673;1684;1667;1673;1.26 K
16.11.2021;1680;1681;1649;1669;1.75 K
15.11.2021;1673;1691;1672;1680;1.67 K
12.11.2021;1691;1693;1665;1674;1.85 K
11.11.2021;1682;1697;1674;1690;2.27 K
10.11.2021;1643;1698;1643;1678;4.35 K
09.11.2021;1654;1664;1632;1643;3.31 K
08.11.2021;1655;1663;1625;1640;3.96 K
05.11.2021;1666;1674;1647;1655;4.49 K
04.11.2021;1653;1676;1646;1666;5.62 K
03.11.2021;1651;1667;1643;1658;6.58 K
02.11.2021;1684;1684;1652;1657;11.05 K
01.11.2021;1686;1698;1675;1686;7.06 K
29.10.2021;1720;1722;1689;1694;5.24 K
28.10.2021;1732;1738;1718;1719;3.96 K
27.10.2021;1748;1751;1722;1733;4.46 K
26.10.2021;1747;1752;1736;1748;4.32 K
25.10.2021;1748;1766;1747;1755;4.83 K
22.10.2021;1754;1763;1740;1754;7.14 K
21.10.2021;1742;1766;1736;1753;7.6 K
20.10.2021;1766;1773;1737;1742;5.42 K
19.10.2021;1819;1819;1773;1776;6.47 K
18.10.2021;1800;1815;1790;1809;4.66 K
15.10.2021;1815;1829;1796;1809;4.69 K
14.10.2021;1819;1826;1798;1814;8.12 K
13.10.2021;1862;1867;1817;1819;6.79 K
12.10.2021;1857;1886;1853;1856;4.91 K
11.10.2021;1883;1889;1855;1860;4.06 K
08.10.2021;1863;1889;1859;1886;4.28 K
07.10.2021;1865;1882;1860;1863;5.31 K
06.10.2021;1890;1897;1852;1861;9.85 K
05.10.2021;1907;1915;1880;1887;7.87 K
04.10.2021;1883;1919;1882;1897;10.65 K
01.10.2021;1875;1904;1859;1883;12.84 K
30.9.2021;1844;1878;1836;1874;12.46 K
29.9.2021;1794;1842;1794;1839;10.51 K
28.9.2021;1765;1804;1763;1794;6.09 K
27.9.2021;1784;1793;1762;1766;8.56 K
24.9.2021;1810;1819;1781;1789;7.57 K
23.9.2021;1843;1844;1810;1813;6.09 K
22.9.2021;1822;1842;1820;1838;5.35 K
21.9.2021;1805;1826;1804;1816;4.32 K
20.9.2021;1821;1825;1800;1802;5.82 K
17.9.2021;1817;1825;1810;1824;4.5 K
16.9.2021;1805;1819;1802;1816;4.48 K
15.9.2021;1785;1785;1785;1785;55
14.9.2021;1740;1756;1740;1753;55
13.9.2021;1738;1753;1737;1738;526
10.9.2021;1794;1794;1730;1731;1.26 K
09.9.2021;1777;1792;1765;1770;450
08.9.2021;1792;1793;1768;1772;384
07.9.2021;1771;1791;1761;1786;628
06.9.2021;1771;1776;1761;1769;657
03.9.2021;1786;1796;1764;1766;1.08 K
02.9.2021;1737;1787;1737;1784;2.16 K
01.9.2021;1723;1745;1716;1738;2.33 K
31.8.2021;1742;1760;1714;1719;4.78 K
27.8.2021;1740;1747;1729;1732;1.54 K
26.8.2021;1733;1747;1728;1745;1.72 K
25.8.2021;1722;1744;1722;1738;1.5 K
24.8.2021;1721;1733;1717;1725;1.15 K
23.8.2021;1729;1729;1715;1719;2.46 K
20.8.2021;1730;1738;1724;1726;1.93 K
19.8.2021;1724;1731;1712;1729;2.57 K
18.8.2021;1732;1742;1727;1728;1.75 K
17.8.2021;1705;1733;1705;1728;3.31 K
16.8.2021;1701;1715;1701;1710;4.46 K
13.8.2021;1692;1704;1692;1703;4.04 K
12.8.2021;1696;1700;1686;1687;8.61 K
11.8.2021;1688;1697;1682;1695;7.16 K
10.8.2021;1674;1690;1668;1689;6.51 K
09.8.2021;1650;1674;1650;1668;6.63 K
06.8.2021;1638;1664;1638;1660;3.76 K
05.8.2021;1633;1649;1633;1637;5.39 K
04.8.2021;1649;1662;1634;1638;6.47 K
03.8.2021;1614;1650;1612;1648;9.34 K
02.8.2021;1630;1630;1599;1616;5.5 K
30.7.2021;1634;1641;1612;1617;5.61 K
29.7.2021;1645;1659;1637;1643;4.78 K
28.7.2021;1634;1665;1632;1652;8.39 K
27.7.2021;1629;1650;1624;1639;6.96 K
26.7.2021;1590;1639;1584;1633;9.4 K
23.7.2021;1582;1603;1567;1591;4.24 K
22.7.2021;1570;1580;1563;1579;5.21 K
21.7.2021;1563;1598;1556;1570;8.9 K
20.7.2021;1563;1567;1551;1559;6.79 K
19.7.2021;1590;1591;1557;1558;8.86 K
16.7.2021;1609;1617;1581;1592;6.01 K
15.7.2021;1533;1533;1521;1554;35
14.7.2021;1570;1585;1560;1542;198
13.7.2021;1580;1599;1567;1597;481
12.7.2021;1571;1588;1543;1579;1.85 K
09.7.2021;1559;1573;1551;1565;3.01 K
08.7.2021;1560;1563;1554;1559;1.26 K
07.7.2021;1588;1597;1557;1572;2.47 K
06.7.2021;1600;1607;1580;1585;1.45 K
05.7.2021;1594;1603;1589;1602;1.14 K
02.7.2021;1599;1600;1581;1584;1.05 K
01.7.2021;1603;1615;1593;1594;1.47 K
30.6.2021;1597;1609;1584;1607;1.42 K
29.6.2021;1592;1612;1583;1600;2.65 K
28.6.2021;1593;1596;1581;1590;1.48 K
25.6.2021;1588;1605;1583;1596;1.33 K
24.6.2021;1595;1595;1581;1588;1.6 K
23.6.2021;1606;1606;1590;1595;1.96 K
22.6.2021;1599;1612;1598;1609;1.44 K
21.6.2021;1602;1615;1598;1599;1.69 K
18.6.2021;1605;1616;1599;1603;1.88 K
17.6.2021;1595;1615;1595;1605;1.86 K
16.6.2021;1609;1609;1593;1603;1.37 K
15.6.2021;1618;1618;1605;1613;1.13 K
14.6.2021;1603;1620;1603;1618;1.34 K
11.6.2021;1614;1614;1598;1605;2.23 K
10.6.2021;1603;1623;1594;1609;3.49 K
09.6.2021;1595;1601;1589;1592;3.69 K
08.6.2021;1590;1606;1588;1595;2.58 K
07.6.2021;1617;1622;1591;1593;4.32 K
04.6.2021;1608;1630;1599;1616;6.63 K
03.6.2021;1610;1623;1609;1614;5.66 K
02.6.2021;1626;1626;1600;1609;6.27 K
01.6.2021;1617;1637;1611;1623;4.95 K
28.5.2021;1617;1624;1605;1617;3.63 K
27.5.2021;1640;1640;1602;1613;5.82 K
26.5.2021;1624;1644;1624;1638;4.03 K
25.5.2021;1630;1641;1621;1624;3.78 K
24.5.2021;1636;1686;1627;1630;8.57 K
21.5.2021;1632;1643;1621;1634;4.79 K
20.5.2021;1654;1655;1624;1632;5.2 K
19.5.2021;1687;1687;1639;1651;7.43 K
18.5.2021;1706;1713;1686;1687;5.5 K
17.5.2021;1693;1724;1689;1711;6.99 K
14.5.2021;1706;1714;1687;1689;4.98 K
13.5.2021;1693;1693;1692;1703;135
12.5.2021;1640;1689;1640;1687;651
11.5.2021;1644;1650;1635;1641;726
10.5.2021;1613;1665;1613;1650;1.63 K
07.5.2021;1582;1625;1576;1620;781
06.5.2021;1569;1590;1560;1589;1.8 K
05.5.2021;1543;1567;1543;1562;1.16 K
04.5.2021;1578;1580;1541;1544;3.09 K
30.4.2021;1629;1629;1575;1576;3.95 K
29.4.2021;1616;1642;1614;1629;2.77 K
28.4.2021;1613;1626;1604;1617;2.31 K
27.4.2021;1622;1622;1607;1618;1.23 K
26.4.2021;1618;1626;1603;1623;1.73 K
23.4.2021;1618;1627;1616;1620;681
22.4.2021;1603;1629;1603;1618;1.08 K
21.4.2021;1594;1623;1593;1608;1.48 K
20.4.2021;1605;1616;1590;1591;1.92 K
19.4.2021;1599;1630;1599;1610;2.14 K
16.4.2021;1606;1613;1594;1602;1.61 K
15.4.2021;1598;1622;1598;1606;2.49 K
14.4.2021;1608;1611;1587;1606;3.43 K
13.4.2021;1584;1623;1581;1613;6.68 K
12.4.2021;1597;1601;1578;1580;6.79 K
09.4.2021;1640;1641;1594;1598;12.62 K
08.4.2021;1691;1706;1634;1641;13.99 K
07.4.2021;1704;1708;1686;1693;4.73 K
06.4.2021;1700;1711;1693;1702;6.27 K
01.4.2021;1703;1721;1698;1713;9.12 K
31.3.2021;1686;1710;1684;1693;9.2 K
30.3.2021;1730;1735;1688;1691;9.05 K
29.3.2021;1730;1742;1725;1734;4.59 K
26.3.2021;1743;1753;1725;1738;5.01 K
25.3.2021;1721;1754;1718;1741;8.08 K
24.3.2021;1720;1733;1710;1726;7.08 K
23.3.2021;1737;1742;1712;1714;4.3 K
22.3.2021;1728;1738;1718;1728;2.83 K
19.3.2021;1754;1754;1717;1736;5.56 K
18.3.2021;1732;1759;1731;1752;5.53 K
17.3.2021;1743;1749;1720;1736;6.15 K
16.3.2021;1890;1898;1853;1834;461
15.3.2021;1905;1910;1888;1892;1.48 K
12.3.2021;1919;1919;1900;1909;1.26 K
11.3.2021;1908;1953;1905;1912;3.86 K
10.3.2021;1888;1907;1880;1900;1.13 K
09.3.2021;1905;1906;1885;1887;1.15 K
08.3.2021;1919;1927;1890;1904;1.45 K
05.3.2021;1965;1965;1921;1929;2.15 K
04.3.2021;1966;1968;1956;1966;1.84 K
03.3.2021;1958;1979;1936;1970;1.96 K
02.3.2021;1938;1957;1910;1953;3.31 K
01.3.2021;1913;1951;1910;1936;2.51 K
26.2.2021;1900;1917;1888;1912;4.92 K
25.2.2021;1840;1900;1840;1888;3.99 K
24.2.2021;1835;1839;1820;1838;2.45 K
23.2.2021;1837;1853;1815;1835;4.12 K
22.2.2021;1785;1837;1785;1836;10.47 K
19.2.2021;1752;1790;1750;1786;3.68 K
18.2.2021;1751;1755;1746;1750;2.38 K
17.2.2021;1758;1770;1750;1752;4.85 K
16.2.2021;1764;1765;1747;1755;3.58 K
15.2.2021;1749;1778;1744;1764;2.97 K
12.2.2021;1743;1754;1735;1746;1.81 K
11.2.2021;1774;1775;1737;1743;3.05 K
10.2.2021;1758;1774;1740;1771;4.11 K
09.2.2021;1745;1769;1742;1754;5.94 K
08.2.2021;1747;1747;1723;1739;3.63 K
05.2.2021;1732;1746;1720;1742;4.43 K
04.2.2021;1722;1740;1722;1728;3.32 K
03.2.2021;1754;1757;1718;1722;5.96 K
02.2.2021;1735;1769;1733;1763;9.19 K
01.2.2021;1719;1744;1709;1739;4.22 K
29.1.2021;1715;1748;1715;1728;3.4 K
28.1.2021;1718;1731;1703;1721;3.26 K
27.1.2021;1725;1769;1719;1720;6.56 K
26.1.2021;1716;1732;1710;1725;6.25 K
25.1.2021;1729;1736;1710;1720;6.38 K
22.1.2021;1734;1742;1704;1733;8.69 K
21.1.2021;1757;1766;1729;1741;4.32 K
20.1.2021;1768;1777;1751;1762;7.11 K
19.1.2021;1755;1783;1725;1768;9.89 K
18.1.2021;1737;1758;1728;1755;1.91 K
15.1.2021;1709;1743;1709;1734;5.64 K
14.1.2021;1705;1708;1683;1695;5.53 K
13.1.2021;1690;1721;1683;1703;5.14 K
12.1.2021;1677;1703;1676;1694;4.23 K
11.1.2021;1686;1692;1666;1679;4.63 K
08.1.2021;1696;1714;1684;1686;3.9 K
07.1.2021;1669;1712;1661;1705;5.47 K
06.1.2021;1696;1700;1667;1675;4.97 K
05.1.2021;1722;1722;1678;1692;7.86 K
04.1.2021;1745;1774;1720;1722;6.2 K
31.12.2020;1735;1748;1721;1737;2.61 K
30.12.2020;1671;1743;1662;1737;7.69 K
29.12.2020;1694;1707;1670;1674;4.98 K
24.12.2020;1702;1707;1688;1691;920
23.12.2020;1695;1721;1685;1709;4.44 K
22.12.2020;1726;1726;1679;1707;5.63 K
21.12.2020;1689;1723;1671;1718;7.99 K
18.12.2020;1701;1710;1677;1685;5.22 K
17.12.2020;1686;1705;1673;1693;5.01 K
16.12.2020;1711;1718;1681;1688;7.61 K
15.12.2020;1749;1776;1712;1714;5.98 K
14.12.2020;1833;1833;1683;1720;20
11.12.2020;1627;1695;1626;1671;265
10.12.2020;1667;1667;1614;1630;1.14 K
09.12.2020;1691;1693;1659;1662;718
08.12.2020;1722;1724;1685;1689;532
07.12.2020;1715;1725;1705;1722;824
04.12.2020;1727;1738;1704;1717;433
03.12.2020;1744;1775;1716;1725;342
02.12.2020;1755;1764;1714;1744;4.53 K
01.12.2020;1840;1840;1820;1821;1.22 K
30.11.2020;1867;1867;1831;1839;2.06 K
27.11.2020;1883;1883;1835;1876;2.6 K
26.11.2020;1850;1870;1850;1869;775
25.11.2020;1882;1895;1831;1842;2.41 K
24.11.2020;1850;1946;1848;1887;5.4 K
23.11.2020;1794;1844;1788;1836;2.48 K
20.11.2020;1763;1816;1763;1790;2.98 K
19.11.2020;1743;1776;1737;1771;3.54 K
18.11.2020;1719;1746;1710;1742;3.61 K
17.11.2020;1660;1725;1656;1716;3.69 K
16.11.2020;1619;1660;1617;1659;4.39 K
13.11.2020;1584;1599;1577;1592;2.34 K
12.11.2020;1599;1602;1577;1597;2.11 K
11.11.2020;1611;1616;1596;1599;1.64 K
10.11.2020;1627;1629;1584;1598;2.88 K
09.11.2020;1604;1633;1595;1625;3.17 K
06.11.2020;1603;1615;1594;1596;3.65 K
05.11.2020;1597;1617;1580;1601;3.05 K
04.11.2020;1594;1596;1578;1592;3.62 K
03.11.2020;1578;1596;1566;1594;6.81 K
02.11.2020;1605;1609;1575;1579;7.13 K
30.10.2020;1616;1629;1597;1605;6.75 K
29.10.2020;1633;1644;1620;1621;3.64 K
28.10.2020;1665;1670;1632;1634;4.97 K
27.10.2020;1705;1714;1671;1678;3.7 K
26.10.2020;1695;1719;1689;1705;2.82 K
23.10.2020;1683;1710;1683;1695;4.16 K
22.10.2020;1657;1695;1657;1688;3.24 K
21.10.2020;1650;1676;1645;1658;3.46 K
20.10.2020;1664;1671;1641;1644;3.13 K
19.10.2020;1644;1676;1642;1669;4.98 K
16.10.2020;1632;1646;1625;1639;3.43 K
15.10.2020;1639;1655;1627;1632;5.17 K
14.10.2020;1642;1649;1628;1636;5.41 K
13.10.2020;1668;1683;1641;1643;8.34 K
12.10.2020;1695;1695;1670;1673;4.75 K
09.10.2020;1712;1714;1676;1689;4.37 K
08.10.2020;1710;1727;1702;1712;4.86 K
07.10.2020;1698;1713;1686;1710;4.96 K
06.10.2020;1730;1730;1689;1698;8.32 K
05.10.2020;1726;1735;1705;1725;6.13 K
02.10.2020;1762;1764;1707;1733;8.38 K
01.10.2020;1796;1804;1745;1772;8.25 K
30.9.2020;1838;1856;1790;1796;6.17 K
29.9.2020;1851;1852;1810;1833;5.83 K
28.9.2020;1867;1885;1847;1851;4.38 K
25.9.2020;1892;1906;1850;1867;4.5 K
24.9.2020;1874;1913;1861;1891;4.86 K
23.9.2020;1855;1884;1842;1867;6.22 K
22.9.2020;1885;1909;1848;1855;6.92 K
21.9.2020;1886;1936;1876;1889;8 K
18.9.2020;1861;1889;1856;1870;5.52 K
17.9.2020;1844;1900;1833;1856;9.5 K
16.9.2020;1903;1920;1841;1842;10.41 K
15.9.2020;1707;1707;1707;1707;975
14.9.2020;1750;1788;1722;1736;975
11.9.2020;1761;1779;1761;1770;697
10.9.2020;1749;1770;1749;1751;1.23 K
09.9.2020;1762;1764;1741;1745;1.34 K
08.9.2020;1762;1765;1737;1747;2.69 K
07.9.2020;1788;1788;1757;1758;832
04.9.2020;1785;1809;1774;1776;1 K
03.9.2020;1785;1823;1781;1787;3.87 K
02.9.2020;1760;1789;1753;1787;954
01.9.2020;1730;1761;1730;1755;2.47 K
28.8.2020;1692;1740;1680;1729;5.11 K
27.8.2020;1659;1704;1651;1691;6.07 K
26.8.2020;1696;1708;1651;1657;1.99 K
25.8.2020;1684;1713;1684;1696;2.33 K
24.8.2020;1626;1715;1626;1684;3.11 K
21.8.2020;1626;1641;1602;1637;1.9 K
20.8.2020;1638;1667;1618;1626;3.3 K
19.8.2020;1643;1649;1621;1645;2.51 K
18.8.2020;1660;1660;1634;1648;3.06 K
17.8.2020;1693;1700;1639;1667;3.67 K
14.8.2020;1707;1750;1691;1693;5.23 K
13.8.2020;1691;1700;1679;1694;3.38 K
12.8.2020;1678;1700;1676;1692;2.7 K
11.8.2020;1700;1703;1659;1678;4.43 K
10.8.2020;1710;1725;1700;1708;5.81 K
07.8.2020;1690;1710;1688;1706;6.13 K
06.8.2020;1678;1689;1669;1688;4.9 K
05.8.2020;1669;1681;1660;1677;5.8 K
04.8.2020;1678;1686;1662;1668;5.61 K
03.8.2020;1630;1681;1624;1674;7.92 K
31.7.2020;1607;1626;1605;1621;4.81 K
30.7.2020;1615;1638;1597;1600;6.22 K
29.7.2020;1564;1620;1562;1608;8.25 K
28.7.2020;1564;1564;1547;1562;3.42 K
27.7.2020;1547;1582;1542;1559;4.6 K
24.7.2020;1540;1563;1538;1546;3.29 K
23.7.2020;1545;1570;1531;1545;4.23 K
22.7.2020;1541;1551;1529;1541;3.06 K
21.7.2020;1558;1590;1533;1536;6.35 K
20.7.2020;1546;1565;1521;1562;6.36 K
17.7.2020;1545;1579;1540;1549;5.02 K
16.7.2020;1536;1536;1536;1536;337
15.7.2020;1492;1492;1460;1455;337
14.7.2020;1477;1494;1477;1487;384
13.7.2020;1501;1507;1490;1502;348
10.7.2020;1500;1513;1497;1510;69
09.7.2020;1493;1500;1466;1483;204
08.7.2020;1486;1499;1448;1469;676
07.7.2020;1561;1584;1489;1489;883
06.7.2020;1568;1570;1538;1542;675
03.7.2020;1604;1605;1548;1558;489
02.7.2020;1600;1625;1588;1602;1.13 K
01.7.2020;1617;1617;1589;1601;1.71 K
30.6.2020;1755;1755;1618;1623;5.5 K
29.6.2020;1789;1790;1748;1750;4.22 K
26.6.2020;1893;1900;1780;1789;5.69 K
25.6.2020;1821;1908;1821;1892;4.1 K
24.6.2020;1810;1829;1803;1826;2.63 K
23.6.2020;1804;1826;1798;1809;1.68 K
22.6.2020;1793;1818;1783;1811;2.17 K
19.6.2020;1847;1852;1803;1804;2.95 K
18.6.2020;1812;1846;1803;1845;1.96 K
17.6.2020;1843;1846;1811;1813;4.4 K
16.6.2020;1851;1866;1842;1845;1.23 K
15.6.2020;1872;1872;1824;1840;3.84 K
12.6.2020;1842;1890;1839;1876;7.18 K
11.6.2020;1862;1879;1833;1841;6.02 K
10.6.2020;1881;1881;1861;1868;6.27 K
09.6.2020;1853;1893;1844;1880;7.32 K
08.6.2020;1881;1881;1845;1849;8.53 K
05.6.2020;1905;1905;1866;1867;6.48 K
04.6.2020;1927;1943;1888;1895;4.22 K
03.6.2020;1903;1920;1892;1913;5.63 K
02.6.2020;1963;1963;1891;1898;6.46 K
01.6.2020;1947;1970;1942;1957;3.79 K
29.5.2020;1963;1969;1924;1960;6.89 K
28.5.2020;1912;1965;1912;1963;6.41 K
27.5.2020;1954;1956;1920;1926;5.1 K
26.5.2020;1980;1990;1942;1943;5.3 K
22.5.2020;1946;1989;1938;1983;4.84 K
21.5.2020;1961;1968;1931;1945;4.96 K
20.5.2020;1966;1985;1955;1958;3.47 K
19.5.2020;1951;1973;1946;1969;3.54 K
18.5.2020;1960;1969;1948;1953;2.61 K
15.5.2020;1954;1991;1953;1967;4.91 K
14.5.2020;1970;1998;1945;1958;7.41 K
13.5.2020;2033;2037;2008;1991;136
12.5.2020;2018;2034;1993;2029;676
11.5.2020;2008;2039;2008;2037;1.83 K
07.5.2020;1983;2015;1976;2011;976
06.5.2020;1983;1993;1956;1973;1.46 K
05.5.2020;1996;2009;1970;1972;2.2 K
04.5.2020;1970;2000;1961;1998;1.13 K
01.5.2020;2008;2020;1970;1973;1.54 K
30.4.2020;2017;2034;1987;2025;5.41 K
29.4.2020;1945;2020;1945;2010;6.16 K
28.4.2020;1980;1982;1940;1945;1.8 K
27.4.2020;1990;1999;1944;1982;2.35 K
24.4.2020;1992;1992;1964;1990;1.87 K
23.4.2020;1981;2001;1981;1994;1.87 K
22.4.2020;1911;2001;1906;1999;3.14 K
21.4.2020;1884;1926;1878;1914;3.11 K
20.4.2020;1878;1898;1874;1895;1.36 K
17.4.2020;1815;1881;1808;1878;3.62 K
16.4.2020;1783;1812;1781;1810;740
15.4.2020;1811;1813;1774;1776;2.33 K
14.4.2020;1840;1842;1808;1813;2.21 K
09.4.2020;1894;1902;1853;1863;2.49 K
08.4.2020;1896;1899;1861;1888;2.98 K
07.4.2020;1898;1916;1895;1906;4.85 K
06.4.2020;1822;1898;1810;1896;7.55 K
03.4.2020;1769;1830;1761;1817;5.35 K
02.4.2020;1747;1772;1740;1768;4.73 K
01.4.2020;1752;1758;1738;1740;5.96 K
31.3.2020;1770;1782;1751;1754;6.17 K
30.3.2020;1792;1796;1769;1771;4.38 K
27.3.2020;1809;1809;1780;1785;3.91 K
26.3.2020;1835;1836;1797;1809;4.66 K
25.3.2020;1846;1864;1830;1836;3.6 K
24.3.2020;1850;1880;1839;1848;5.27 K
23.3.2020;1806;1852;1806;1846;3.52 K
20.3.2020;1818;1835;1775;1832;8.45 K
19.3.2020;1850;1854;1789;1813;13.76 K
18.3.2020;1835;1886;1835;1865;10.27 K
17.3.2020;1840;1862;1798;1853;9.56 K
16.3.2020;1743;1743;1732;1723;353
13.3.2020;1807;1807;1778;1782;1.26 K
12.3.2020;1860;1860;1808;1816;1.39 K
11.3.2020;1839;1870;1834;1860;1.61 K
10.3.2020;1827;1845;1812;1833;1.64 K
09.3.2020;1837;1837;1793;1806;1.63 K
06.3.2020;1861;1864;1833;1850;2.06 K
05.3.2020;1891;1893;1851;1854;2.19 K
04.3.2020;1907;1915;1889;1892;1.5 K
03.3.2020;1921;1933;1899;1906;1.53 K
02.3.2020;1934;1944;1895;1914;2.67 K
28.2.2020;1956;1956;1911;1926;4.05 K
27.2.2020;1966;1973;1956;1959;3.26 K
26.2.2020;1976;1979;1960;1966;2.51 K
25.2.2020;1988;1991;1970;1976;1.78 K
24.2.2020;1990;1994;1968;1976;1.94 K
21.2.2020;2009;2025;1993;2000;2.58 K
20.2.2020;1990;2009;1987;2005;3.95 K
19.2.2020;1977;2000;1975;1988;2.2 K
18.2.2020;1988;1999;1955;1972;2.22 K
17.2.2020;1971;1990;1967;1983;752
14.2.2020;1974;1987;1960;1963;2.86 K
13.2.2020;1969;1985;1958;1974;4.77 K
12.2.2020;2015;2020;1969;1975;4.85 K
11.2.2020;2001;2044;1999;2003;4.87 K
10.2.2020;2012;2030;1998;2008;5.75 K
07.2.2020;1998;2044;1993;2012;8.32 K
06.2.2020;1965;2003;1949;1999;10.26 K
05.2.2020;1916;1977;1916;1970;11.26 K
04.2.2020;1930;1940;1912;1928;6.91 K
03.2.2020;1952;1954;1914;1935;11.66 K
31.1.2020;1990;1993;1951;1955;7.16 K
30.1.2020;1960;2017;1958;1991;7.36 K
29.1.2020;1932;1965;1925;1953;5.75 K
28.1.2020;1957;1978;1937;1939;4.92 K
27.1.2020;1945;1969;1922;1955;7.82 K
24.1.2020;1968;1982;1944;1946;7.69 K
23.1.2020;1994;1998;1963;1969;8.43 K
22.1.2020;2024;2037;1996;1998;6.87 K
21.1.2020;1994;2029;1983;2027;9.65 K
20.1.2020;2003;2004;1987;1999;4.09 K
17.1.2020;1952;2007;1931;2003;13.95 K
16.1.2020;1991;1999;1950;1955;14.52 K
15.1.2020;1962;1994;1959;1977;15.18 K
14.1.2020;1904;1969;1904;1965;14.88 K
13.1.2020;1880;1908;1880;1900;9.74 K
10.1.2020;1844;1897;1844;1880;9.72 K
09.1.2020;1815;1853;1810;1848;6.26 K
08.1.2020;1825;1827;1810;1812;4.11 K
07.1.2020;1788;1831;1783;1823;6.74 K
06.1.2020;1827;1827;1780;1789;9.61 K
03.1.2020;1837;1866;1826;1829;8.11 K
02.1.2020;1816;1850;1809;1838;7.93 K
31.12.2019;1799;1828;1795;1819;5.82 K
30.12.2019;1814;1839;1796;1799;8.49 K
27.12.2019;1759;1829;1759;1817;12.19 K
24.12.2019;1764;1773;1760;1763;3.65 K
23.12.2019;1746;1774;1743;1768;7.36 K
20.12.2019;1755;1765;1745;1749;10.14 K
19.12.2019;1780;1788;1752;1753;11.08 K
18.12.2019;1783;1796;1771;1781;8.78 K
17.12.2019;1778;1788;1761;1783;7.14 K
16.12.2019;1795;1800;1766;1768;13.16 K
13.12.2019;1780;1797;1763;1795;14.21 K
12.12.2019;1850;1850;1846;1858;908
11.12.2019;1990;1990;1860;1864;1.45 K
10.12.2019;1992;1992;1929;1974;1.91 K
09.12.2019;1996;1999;1981;1990;1.34 K
06.12.2019;2000;2022;1993;2002;2.02 K
05.12.2019;1976;1988;1967;1982;4.85 K
04.12.2019;1987;1989;1970;1972;2.37 K
03.12.2019;1997;2001;1979;1984;2.56 K
02.12.2019;1997;2027;1980;1984;3.4 K
29.11.2019;2015;2017;1992;1999;3.56 K
28.11.2019;2025;2026;2008;2014;1.56 K
27.11.2019;2058;2064;2015;2026;4.08 K
26.11.2019;2049;2064;2041;2056;3.15 K
25.11.2019;2045;2050;2039;2049;3.17 K
22.11.2019;2047;2050;2039;2047;2.15 K
21.11.2019;2030;2049;2023;2047;3.38 K
20.11.2019;2036;2044;2022;2035;2.82 K
19.11.2019;2041;2045;2030;2036;1.23 K
18.11.2019;2054;2059;2034;2041;1.56 K
15.11.2019;2056;2061;2040;2054;3.93 K
14.11.2019;2053;2071;2053;2056;4.44 K
13.11.2019;2024;2059;2013;2053;4.16 K
12.11.2019;1946;2034;1940;2030;13.07 K
11.11.2019;1920;1948;1914;1946;5.97 K
08.11.2019;1885;1932;1885;1926;4.41 K
07.11.2019;1888;1890;1880;1885;4.9 K
06.11.2019;1891;1894;1874;1888;6.41 K
05.11.2019;1909;1910;1884;1892;9.72 K
04.11.2019;1887;1917;1887;1908;6.76 K
01.11.2019;1860;1905;1852;1898;8.19 K
31.10.2019;1900;1900;1854;1861;12.63 K
30.10.2019;1917;1919;1895;1897;7.91 K
29.10.2019;1923;1925;1902;1915;6.58 K
28.10.2019;1919;1926;1901;1921;4.99 K
25.10.2019;1929;1937;1912;1913;5.95 K
24.10.2019;1894;1933;1893;1927;11.57 K
23.10.2019;1878;1896;1864;1894;6.85 K
22.10.2019;1888;1888;1860;1870;6.09 K
21.10.2019;1891;1897;1865;1880;5.97 K
18.10.2019;1920;1930;1883;1897;7.29 K
17.10.2019;1930;1945;1905;1909;8.06 K
16.10.2019;1930;1931;1904;1922;7.18 K
15.10.2019;1911;1950;1898;1934;9.79 K
14.10.2019;1933;1934;1888;1898;9.13 K
11.10.2019;1932;1953;1916;1931;9.93 K
10.10.2019;1911;1945;1908;1942;6.68 K
09.10.2019;1938;1938;1899;1916;11.19 K
08.10.2019;1927;1952;1909;1938;6.56 K
07.10.2019;1956;1959;1907;1922;14.17 K
04.10.2019;1970;1992;1949;1956;12.92 K
03.10.2019;1931;1970;1928;1968;8.8 K
02.10.2019;1922;1939;1922;1933;6.34 K
01.10.2019;1921;1938;1914;1919;6.29 K
30.9.2019;1938;1941;1914;1917;8.37 K
27.9.2019;1944;1954;1930;1940;11.51 K
26.9.2019;1920;1948;1918;1944;10.43 K
25.9.2019;1870;1919;1869;1918;11.83 K
24.9.2019;1884;1888;1856;1869;9.95 K
23.9.2019;1883;1888;1871;1881;9.76 K
20.9.2019;1867;1883;1861;1876;10.95 K
19.9.2019;1837;1875;1833;1873;10.21 K
18.9.2019;1829;1839;1821;1838;9.89 K
17.9.2019;1815;1829;1798;1824;10.88 K
16.9.2019;1784;1832;1784;1821;10.99 K
13.9.2019;1623;1700;1623;1697;218
12.9.2019;1619;1663;1614;1634;539
11.9.2019;1625;1625;1608;1613;5.43 K
10.9.2019;1663;1663;1622;1629;1.29 K
09.9.2019;1659;1664;1635;1654;2.05 K
06.9.2019;1661;1675;1657;1664;2.07 K
05.9.2019;1678;1678;1660;1661;1.19 K
04.9.2019;1673;1700;1670;1690;1.73 K
03.9.2019;1660;1680;1652;1674;1.89 K
02.9.2019;1641;1659;1640;1652;947
30.8.2019;1621;1647;1616;1640;2.13 K
29.8.2019;1639;1643;1617;1618;2.35 K
28.8.2019;1645;1647;1628;1641;2.49 K
27.8.2019;1647;1658;1631;1644;2.06 K
23.8.2019;1652;1659;1644;1647;1.08 K
22.8.2019;1653;1673;1641;1649;1.92 K
21.8.2019;1624;1659;1624;1654;2.06 K
20.8.2019;1636;1642;1621;1625;2.48 K
19.8.2019;1633;1650;1632;1636;2.59 K
16.8.2019;1650;1653;1626;1629;5.6 K
15.8.2019;1677;1686;1643;1646;5.6 K
14.8.2019;1688;1690;1667;1668;3.89 K
13.8.2019;1722;1725;1683;1684;7.53 K
12.8.2019;1735;1747;1717;1719;6.52 K
09.8.2019;1730;1738;1725;1726;5.23 K
08.8.2019;1748;1748;1724;1728;9.22 K
07.8.2019;1764;1777;1735;1738;11.4 K
06.8.2019;1794;1795;1759;1762;10.17 K
05.8.2019;1824;1827;1787;1791;8.59 K
02.8.2019;1829;1843;1819;1822;7.95 K
01.8.2019;1825;1854;1819;1823;8 K
31.7.2019;1841;1848;1816;1825;7.12 K
30.7.2019;1846;1856;1833;1847;4.7 K
29.7.2019;1829;1843;1821;1841;3.9 K
26.7.2019;1852;1859;1822;1825;5.5 K
25.7.2019;1846;1851;1825;1843;5.12 K
24.7.2019;1858;1864;1837;1842;3.01 K
23.7.2019;1859;1868;1848;1853;2.8 K
22.7.2019;1849;1869;1842;1866;5.84 K
19.7.2019;1837;1853;1833;1836;4 K
18.7.2019;1831;1857;1831;1833;4.61 K
17.7.2019;1841;1857;1822;1836;4.96 K
16.7.2019;1757;1759;1669;1722;266
15.7.2019;1757;1765;1717;1720;1.43 K
12.7.2019;1780;1791;1759;1777;814
11.7.2019;1803;1805;1765;1766;1.87 K
10.7.2019;1842;1849;1801;1802;705
09.7.2019;1864;1875;1830;1840;2.29 K
08.7.2019;1796;1863;1790;1862;4.06 K
05.7.2019;1799;1800;1771;1785;1.16 K
04.7.2019;1776;1800;1776;1796;3.13 K
03.7.2019;1784;1796;1764;1766;1.24 K
02.7.2019;1799;1804;1783;1784;2.62 K
01.7.2019;1789;1810;1789;1799;9.1 K
28.6.2019;1788;1805;1767;1771;4.42 K
27.6.2019;1792;1802;1770;1786;7.61 K
26.6.2019;1802;1819;1795;1801;4.02 K
25.6.2019;1814;1819;1798;1800;5.64 K
24.6.2019;1824;1828;1809;1812;1.94 K
21.6.2019;1790;1833;1790;1824;3.18 K
20.6.2019;1830;1837;1792;1794;4.32 K
19.6.2019;1833;1849;1830;1838;3.34 K
18.6.2019;1832;1838;1823;1835;2.09 K
17.6.2019;1833;1848;1811;1826;3.96 K
14.6.2019;1840;1849;1828;1831;4.84 K
13.6.2019;1852;1856;1822;1836;3.33 K
12.6.2019;1843;1862;1843;1853;7.22 K
11.6.2019;1826;1850;1826;1836;7.93 K
10.6.2019;1799;1833;1794;1832;11.36 K
07.6.2019;1780;1800;1771;1798;8.55 K
06.6.2019;1775;1789;1758;1782;8.71 K
05.6.2019;1775;1789;1757;1780;11.82 K
04.6.2019;1748;1780;1732;1769;10.61 K
03.6.2019;1792;1799;1747;1751;8.78 K
31.5.2019;1800;1814;1779;1785;7.32 K
30.5.2019;1784;1803;1779;1796;5.65 K
29.5.2019;1793;1800;1769;1783;7.04 K
28.5.2019;1788;1801;1777;1785;5.56 K
24.5.2019;1773;1794;1766;1789;5.27 K
23.5.2019;1761;1782;1757;1773;4.71 K
22.5.2019;1773;1779;1759;1761;6.65 K
21.5.2019;1742;1774;1732;1771;8.61 K
20.5.2019;1727;1749;1710;1743;7.43 K
17.5.2019;1744;1747;1723;1729;5.54 K
16.5.2019;1697;1745;1690;1743;11.37 K
15.5.2019;1681;1736;1681;1727;220
14.5.2019;1855;1855;1768;1768;1.17 K
13.5.2019;1874;1880;1855;1855;1.43 K
10.5.2019;1868;1875;1847;1868;4.94 K
09.5.2019;1880;1883;1859;1879;8.19 K
08.5.2019;1879;1901;1876;1877;2.46 K
07.5.2019;1900;1900;1867;1887;2.88 K
03.5.2019;1930;1950;1904;1909;2.2 K
02.5.2019;1922;1940;1914;1933;1.5 K
01.5.2019;1935;1955;1910;1918;2.34 K
30.4.2019;1905;1939;1900;1936;6.07 K
29.4.2019;1878;1910;1875;1908;3.91 K
26.4.2019;1839;1879;1818;1876;4.56 K
25.4.2019;1832;1857;1832;1838;3.09 K
24.4.2019;1835;1848;1812;1829;3.9 K
23.4.2019;1845;1862;1835;1846;3.52 K
18.4.2019;1849;1877;1845;1859;3.57 K
17.4.2019;1804;1868;1804;1865;5.47 K
16.4.2019;1825;1825;1773;1809;6.92 K
15.4.2019;1835;1837;1805;1815;4.41 K
12.4.2019;1805;1839;1800;1835;5.67 K
11.4.2019;1808;1821;1792;1809;5.79 K
10.4.2019;1803;1813;1783;1810;5.95 K
09.4.2019;1789;1807;1752;1804;9.19 K
08.4.2019;1808;1810;1790;1795;10.15 K
05.4.2019;1806;1811;1779;1810;12.56 K
04.4.2019;1783;1810;1772;1807;13.88 K
03.4.2019;1765;1783;1760;1780;12.23 K
02.4.2019;1750;1773;1742;1770;12.32 K
01.4.2019;1730;1750;1726;1749;9.88 K
29.3.2019;1708;1731;1703;1728;8.06 K
28.3.2019;1690;1712;1688;1710;7.06 K
27.3.2019;1683;1696;1670;1691;9.04 K
26.3.2019;1678;1698;1669;1687;6.7 K
25.3.2019;1630;1685;1619;1677;10.67 K
22.3.2019;1619;1637;1611;1628;10.99 K
21.3.2019;1616;1622;1609;1620;9.08 K
20.3.2019;1651;1656;1612;1614;10.77 K
19.3.2019;1648;1681;1638;1650;8.93 K
18.3.2019;1662;1673;1646;1654;5.58 K
15.3.2019;1681;1688;1653;1656;7.93 K
14.3.2019;1717;1717;1699;1700;590
13.3.2019;1733;1743;1711;1727;6.63 K
12.3.2019;1700;1734;1692;1733;2.57 K
11.3.2019;1711;1715;1700;1704;6.09 K
08.3.2019;1680;1710;1679;1703;3.71 K
07.3.2019;1710;1710;1672;1675;2.05 K
06.3.2019;1645;1720;1635;1715;2.71 K
05.3.2019;1652;1658;1640;1646;2.55 K
04.3.2019;1687;1687;1652;1655;2.7 K
01.3.2019;1715;1724;1686;1691;2.02 K
28.2.2019;1749;1749;1704;1709;3.62 K
27.2.2019;1734;1748;1727;1746;3.52 K
26.2.2019;1731;1750;1715;1734;1.89 K
25.2.2019;1757;1762;1728;1736;3.04 K
22.2.2019;1759;1785;1753;1757;3.94 K
21.2.2019;1763;1775;1727;1759;2.82 K
20.2.2019;1779;1782;1760;1766;2.67 K
19.2.2019;1767;1780;1754;1778;4.53 K
18.2.2019;1759;1774;1753;1772;2.02 K
15.2.2019;1716;1762;1712;1761;6.1 K
14.2.2019;1711;1718;1690;1714;3.06 K
13.2.2019;1706;1717;1692;1713;3.73 K
12.2.2019;1720;1730;1705;1709;4.61 K
11.2.2019;1687;1724;1673;1719;6.16 K
08.2.2019;1706;1718;1683;1686;6.82 K
07.2.2019;1715;1729;1669;1698;7.31 K
06.2.2019;1681;1719;1681;1708;18.82 K
05.2.2019;1623;1674;1623;1671;22.97 K
04.2.2019;1592;1635;1591;1633;10.76 K
01.2.2019;1575;1604;1572;1591;9.67 K
31.1.2019;1580;1587;1567;1571;8.49 K
30.1.2019;1595;1599;1572;1582;11.86 K
29.1.2019;1604;1623;1584;1590;7.65 K
28.1.2019;1601;1638;1596;1607;8.77 K
25.1.2019;1634;1641;1600;1601;8.38 K
24.1.2019;1622;1649;1618;1633;6.4 K
23.1.2019;1634;1637;1611;1623;12.11 K
22.1.2019;1669;1673;1621;1633;12.45 K
21.1.2019;1676;1682;1667;1668;3.24 K
18.1.2019;1695;1697;1669;1671;6.24 K
17.1.2019;1684;1705;1679;1684;9.09 K
16.1.2019;1666;1699;1661;1687;8.86 K
15.1.2019;1681;1701;1647;1666;11.46 K
14.1.2019;1704;1711;1673;1678;7.82 K
11.1.2019;1710;1726;1695;1698;6.16 K
10.1.2019;1707;1735;1690;1710;9.92 K
09.1.2019;1728;1731;1702;1709;7.71 K
08.1.2019;1740;1740;1714;1730;7.98 K
07.1.2019;1725;1749;1718;1746;7.7 K
04.1.2019;1761;1761;1705;1724;10.14 K
03.1.2019;1765;1773;1751;1760;8.67 K
02.1.2019;1769;1769;1740;1763;10.23 K
31.12.2018;1760;1769;1741;1766;8.05 K
28.12.2018;1755;1765;1712;1764;10.49 K
27.12.2018;1747;1761;1726;1753;13.65 K
26.12.2018;1704;1704;1704;1704;3.04 K
24.12.2018;1679;1707;1679;1704;3.04 K
21.12.2018;1699;1701;1658;1682;9.57 K
20.12.2018;1709;1711;1656;1685;11.01 K
19.12.2018;1693;1711;1672;1709;9.34 K
18.12.2018;1653;1687;1650;1685;7.35 K
17.12.2018;1663;1679;1646;1657;6.66 K
14.12.2018;1675;1693;1656;1665;9.95 K
13.12.2018;1610;1680;1610;1674;8.57 K
12.12.2018;1490;1559;1480;1525;438
11.12.2018;1532;1533;1471;1486;5.94 K
10.12.2018;1545;1556;1525;1547;2.17 K
07.12.2018;1504;1554;1493;1545;4.43 K
06.12.2018;1529;1535;1498;1501;3.36 K
05.12.2018;1564;1565;1514;1521;2.1 K
04.12.2018;1573;1583;1557;1568;1.72 K
03.12.2018;1580;1587;1546;1572;4.15 K
30.11.2018;1568;1580;1548;1571;3 K
29.11.2018;1552;1585;1546;1569;1.76 K
28.11.2018;1564;1568;1542;1556;3.27 K
27.11.2018;1533;1578;1533;1566;2.66 K
26.11.2018;1534;1544;1516;1530;2.97 K
23.11.2018;1551;1552;1530;1533;2.67 K
22.11.2018;1559;1560;1549;1551;1.59 K
21.11.2018;1578;1578;1556;1558;855
20.11.2018;1592;1592;1576;1578;1.18 K
19.11.2018;1620;1621;1587;1597;1.8 K
16.11.2018;1599;1623;1588;1609;1.79 K
15.11.2018;1587;1620;1585;1599;2.78 K
14.11.2018;1592;1600;1566;1582;3.25 K
13.11.2018;1618;1618;1587;1593;3.62 K
12.11.2018;1643;1643;1616;1618;7.24 K
09.11.2018;1650;1658;1629;1638;5.39 K
08.11.2018;1698;1699;1637;1648;6.89 K
07.11.2018;1696;1702;1675;1698;5.4 K
06.11.2018;1696;1703;1681;1696;7.81 K
05.11.2018;1672;1700;1664;1696;15.11 K
02.11.2018;1671;1677;1646;1675;8.2 K
01.11.2018;1682;1693;1657;1676;13.65 K
31.10.2018;1702;1705;1670;1695;11.44 K
30.10.2018;1675;1705;1669;1703;8.11 K
29.10.2018;1711;1718;1665;1673;10.27 K
26.10.2018;1676;1716;1673;1704;13.16 K
25.10.2018;1628;1677;1626;1675;9.38 K
24.10.2018;1640;1658;1614;1616;7.36 K
23.10.2018;1636;1640;1608;1629;6.54 K
22.10.2018;1607;1643;1602;1641;7.1 K
19.10.2018;1582;1608;1571;1606;6.46 K
18.10.2018;1618;1618;1575;1581;8.71 K
17.10.2018;1603;1617;1588;1615;6.75 K
16.10.2018;1569;1608;1551;1589;6.55 K
15.10.2018;1597;1610;1540;1569;7.96 K
12.10.2018;1560;1598;1560;1596;6.26 K
11.10.2018;1538;1567;1534;1552;4.7 K
10.10.2018;1570;1576;1537;1545;4.4 K
09.10.2018;1560;1577;1550;1573;6.58 K
08.10.2018;1544;1566;1530;1553;6.07 K
05.10.2018;1504;1544;1504;1527;6.37 K
04.10.2018;1498;1531;1487;1508;5.33 K
03.10.2018;1541;1545;1494;1498;7.43 K
02.10.2018;1476;1549;1471;1541;11.59 K
01.10.2018;1503;1511;1455;1463;13.25 K
28.9.2018;1531;1544;1494;1496;10.11 K
27.9.2018;1547;1560;1526;1529;6.38 K
26.9.2018;1564;1566;1537;1539;6.59 K
25.9.2018;1588;1596;1560;1563;6.8 K
24.9.2018;1560;1605;1552;1597;10.21 K
21.9.2018;1568;1582;1555;1565;5.59 K
20.9.2018;1566;1581;1556;1563;5.91 K
19.9.2018;1596;1602;1565;1566;6.88 K
18.9.2018;1587;1607;1580;1592;7 K
17.9.2018;1584;1615;1582;1585;7.95 K
14.9.2018;1634;1640;1582;1584;12.14 K
13.9.2018;1560;1560;1539;1549;290
12.9.2018;1553;1555;1515;1541;8.06 K
11.9.2018;1602;1602;1553;1564;2.27 K
10.9.2018;1605;1613;1586;1603;1.48 K
07.9.2018;1604;1630;1595;1600;1.15 K
06.9.2018;1615;1630;1601;1606;2.53 K
05.9.2018;1614;1638;1604;1615;1.44 K
04.9.2018;1610;1629;1598;1625;1.19 K
03.9.2018;1628;1628;1592;1611;2.1 K
31.8.2018;1617;1636;1606;1635;1.66 K
30.8.2018;1642;1654;1608;1610;2.53 K
29.8.2018;1646;1651;1632;1643;1.76 K
28.8.2018;1658;1659;1635;1649;2.03 K
24.8.2018;1650;1670;1647;1664;2.44 K
23.8.2018;1625;1648;1614;1646;1.98 K
22.8.2018;1595;1625;1591;1625;2.41 K
21.8.2018;1557;1593;1544;1592;3.39 K
20.8.2018;1533;1572;1528;1557;2.47 K
17.8.2018;1539;1547;1529;1534;3.01 K
16.8.2018;1536;1557;1532;1539;2.02 K
15.8.2018;1530;1570;1527;1532;3.59 K
14.8.2018;1533;1538;1522;1529;3.14 K
13.8.2018;1545;1559;1533;1537;3.45 K
10.8.2018;1536;1554;1532;1544;4.19 K
09.8.2018;1553;1566;1532;1539;5.34 K
08.8.2018;1546;1576;1535;1554;5.18 K
07.8.2018;1581;1583;1538;1542;6.79 K
06.8.2018;1528;1584;1514;1583;10.46 K
03.8.2018;1537;1548;1518;1525;7.82 K
02.8.2018;1536;1556;1522;1536;13.82 K
01.8.2018;1592;1597;1527;1529;16.34 K
31.7.2018;1643;1651;1595;1601;8.61 K
30.7.2018;1640;1664;1640;1646;6.68 K
27.7.2018;1694;1709;1644;1648;11.16 K
26.7.2018;1649;1706;1636;1693;8.62 K
25.7.2018;1649;1658;1637;1646;8.63 K
24.7.2018;1673;1679;1648;1653;10.5 K
23.7.2018;1703;1707;1674;1678;7.76 K
20.7.2018;1703;1718;1686;1699;8.32 K
19.7.2018;1707;1742;1688;1693;9.36 K
18.7.2018;1753;1768;1706;1709;9.17 K
17.7.2018;1754;1766;1740;1743;8.67 K
16.7.2018;1915;1920;1890;1885;140
13.7.2018;1858;1860;1844;1860;4.14 K
12.7.2018;1857;1872;1846;1862;709
11.7.2018;1874;1881;1844;1867;512
10.7.2018;1873;1891;1864;1882;803
09.7.2018;1874;1874;1855;1867;924
06.7.2018;1881;1900;1850;1876;1.07 K
05.7.2018;1852;1900;1844;1897;876
04.7.2018;1850;1860;1849;1860;621
03.7.2018;1900;1915;1859;1868;1.84 K
02.7.2018;1890;1908;1877;1906;1.03 K
29.6.2018;1875;1905;1850;1898;2.6 K
28.6.2018;1813;1893;1797;1885;2.9 K
27.6.2018;1834;1834;1796;1820;1.95 K
26.6.2018;1840;1844;1806;1827;1.66 K
25.6.2018;1841;1846;1830;1834;1.55 K
22.6.2018;1831;1842;1799;1835;1.77 K
21.6.2018;1850;1850;1810;1832;2.17 K
20.6.2018;1786;1847;1785;1845;3.5 K
19.6.2018;1753;1790;1740;1784;2.29 K
18.6.2018;1747;1765;1714;1747;3.8 K
15.6.2018;1686;1756;1672;1750;5.3 K
14.6.2018;1633;1691;1631;1687;4.21 K
13.6.2018;1675;1686;1626;1636;5.23 K
12.6.2018;1676;1706;1660;1685;4.87 K
11.6.2018;1679;1681;1626;1676;7.56 K
08.6.2018;1612;1697;1609;1689;9.62 K
07.6.2018;1644;1657;1611;1615;11.43 K
06.6.2018;1636;1664;1615;1646;13.88 K
05.6.2018;1681;1693;1632;1639;19.05 K
04.6.2018;1758;1758;1682;1693;13.95 K
01.6.2018;1770;1777;1739;1760;11.06 K
31.5.2018;1815;1819;1767;1773;11.29 K
30.5.2018;1820;1831;1808;1821;7.94 K
29.5.2018;1843;1855;1810;1815;9.31 K
28.5.2018;1844;1844;1844;1844;4.75 K
25.5.2018;1868;1884;1842;1844;4.75 K
24.5.2018;1881;1885;1860;1865;6.11 K
23.5.2018;1866;1885;1866;1882;5.36 K
22.5.2018;1856;1896;1850;1857;7.63 K
21.5.2018;1874;1886;1861;1863;6.2 K
18.5.2018;1852;1908;1840;1882;7.25 K
17.5.2018;1895;1933;1852;1856;7.19 K
16.5.2018;1868;1901;1844;1895;9.65 K
15.5.2018;1819;1840;1809;1813;168
14.5.2018;1848;1853;1809;1822;5.66 K
11.5.2018;1857;1870;1840;1855;1.46 K
10.5.2018;1864;1870;1846;1866;1.5 K
09.5.2018;1868;1872;1817;1870;7.31 K
08.5.2018;1905;1915;1865;1866;2.07 K
04.5.2018;1900;1902;1875;1884;604
03.5.2018;1872;1899;1862;1897;644
02.5.2018;1890;1914;1873;1881;1.18 K
01.5.2018;1844;1896;1838;1887;1.56 K
30.4.2018;1833;1856;1820;1856;2.52 K
27.4.2018;1834;1840;1810;1837;3.65 K
26.4.2018;1820;1842;1760;1829;3.92 K
25.4.2018;1805;1816;1775;1812;5.81 K
24.4.2018;1781;1819;1772;1804;3.07 K
23.4.2018;1789;1809;1772;1783;1.89 K
20.4.2018;1840;1840;1774;1788;5.36 K
19.4.2018;1842;1849;1826;1838;4.48 K
18.4.2018;1792;1850;1790;1836;7.01 K
17.4.2018;1790;1796;1774;1787;3.56 K
16.4.2018;1729;1795;1728;1791;7.17 K
13.4.2018;1727;1745;1719;1735;4.12 K
12.4.2018;1743;1750;1724;1728;4.43 K
11.4.2018;1712;1750;1705;1741;3.67 K
10.4.2018;1722;1727;1693;1710;3.31 K
09.4.2018;1685;1732;1671;1724;6.89 K
06.4.2018;1722;1732;1680;1685;8.74 K
05.4.2018;1727;1746;1701;1728;17.93 K
04.4.2018;1723;1749;1696;1725;13.78 K
03.4.2018;1778;1783;1712;1733;14.62 K
29.3.2018;1792;1800;1749;1753;11.75 K
28.3.2018;1776;1799;1722;1796;10.57 K
27.3.2018;1820;1820;1758;1770;9.35 K
26.3.2018;1830;1836;1801;1820;6.42 K
23.3.2018;1781;1829;1772;1821;10.56 K
22.3.2018;1780;1794;1764;1786;8.06 K
21.3.2018;1761;1779;1741;1775;9.15 K
20.3.2018;1734;1779;1711;1756;14.6 K
19.3.2018;1804;1805;1730;1731;18.99 K
16.3.2018;1792;1809;1789;1796;11.82 K
15.3.2018;1791;1810;1774;1796;12.18 K
14.3.2018;1815;1815;1813;1787;309
13.3.2018;1815;1830;1809;1813;1.4 K
12.3.2018;1773;1824;1773;1822;3.35 K
09.3.2018;1812;1829;1786;1771;3.02 K
08.3.2018;1737;1810;1737;1807;3.99 K
07.3.2018;1751;1761;1742;1749;1.95 K
06.3.2018;1734;1753;1701;1750;4.54 K
05.3.2018;1639;1733;1635;1729;9.4 K
02.3.2018;1608;1638;1597;1638;4.67 K
01.3.2018;1577;1607;1571;1602;6.31 K
28.2.2018;1568;1576;1550;1574;9.15 K
27.2.2018;1554;1574;1541;1568;7.6 K
26.2.2018;1535;1556;1515;1551;6.92 K
23.2.2018;1505;1535;1504;1532;8.85 K
22.2.2018;1507;1527;1506;1510;7.71 K
21.2.2018;1498;1525;1489;1519;6.22 K
20.2.2018;1482;1498;1480;1497;5.12 K
19.2.2018;1479;1487;1478;1483;2.05 K
16.2.2018;1477;1491;1464;1484;5.05 K
15.2.2018;1470;1490;1464;1476;7.93 K
14.2.2018;1455;1469;1440;1463;6.67 K
13.2.2018;1426;1456;1424;1446;5.39 K
12.2.2018;1470;1470;1427;1435;10.71 K
09.2.2018;1459;1473;1448;1468;12.34 K
08.2.2018;1438;1467;1436;1460;9.01 K
07.2.2018;1470;1480;1444;1448;14.83 K
06.2.2018;1458;1481;1444;1462;12.36 K
05.2.2018;1451;1471;1448;1457;16.53 K
02.2.2018;1414;1457;1408;1455;17.83 K
01.2.2018;1391;1411;1387;1408;14.67 K
31.1.2018;1381;1405;1381;1399;15.15 K
30.1.2018;1369;1390;1357;1385;13.13 K
29.1.2018;1385;1395;1363;1370;10.13 K
26.1.2018;1360;1388;1346;1381;9.67 K
25.1.2018;1354;1366;1348;1356;8.11 K
24.1.2018;1366;1366;1329;1357;8.89 K
23.1.2018;1374;1384;1363;1364;6.18 K
22.1.2018;1381;1389;1366;1370;8.35 K
19.1.2018;1394;1397;1367;1380;8.94 K
18.1.2018;1424;1427;1399;1403;10.6 K
17.1.2018;1389;1422;1378;1417;11.6 K
16.1.2018;1404;1408;1372;1391;11.22 K
15.1.2018;1390;1405;1375;1404;6.99 K
12.1.2018;1387;1400;1368;1380;8.24 K
11.1.2018;1408;1415;1381;1396;9.16 K
10.1.2018;1380;1405;1380;1404;8.28 K
09.1.2018;1370;1395;1364;1376;8.14 K
08.1.2018;1360;1374;1346;1371;7.54 K
05.1.2018;1357;1369;1338;1364;8.61 K
04.1.2018;1363;1370;1322;1367;13.41 K
03.1.2018;1390;1393;1366;1374;7.31 K
02.1.2018;1375;1390;1350;1383;12.2 K
29.12.2017;1380;1389;1366;1378;4.88 K
28.12.2017;1376;1398;1368;1393;8.45 K
27.12.2017;1375;1382;1346;1366;9.59 K
26.12.2017;1379;1379;1379;1379;6.26 K
22.12.2017;1398;1398;1376;1379;6.26 K
21.12.2017;1416;1416;1388;1407;11.17 K
20.12.2017;1409;1422;1397;1420;10.47 K
19.12.2017;1419;1421;1395;1410;8.86 K
18.12.2017;1418;1425;1407;1420;8.33 K
15.12.2017;1407;1415;1402;1407;6.89 K
14.12.2017;1418;1423;1402;1411;7.61 K
13.12.2017;1409;1420;1389;1414;15.02 K
12.12.2017;1307;1320;1307;1371;804
11.12.2017;1357;1361;1301;1329;2.32 K
08.12.2017;1324;1350;1320;1336;3.63 K
07.12.2017;1340;1363;1324;1326;3.33 K
06.12.2017;1371;1382;1343;1344;3.65 K
05.12.2017;1406;1409;1351;1364;2.59 K
04.12.2017;1440;1443;1401;1406;10.49 K
01.12.2017;1444;1449;1423;1438;3.75 K
30.11.2017;1494;1494;1429;1444;6.88 K
29.11.2017;1477;1500;1464;1496;8.21 K
28.11.2017;1503;1505;1481;1487;5.73 K
27.11.2017;1530;1536;1500;1503;4.86 K
24.11.2017;1545;1545;1510;1533;3.36 K
23.11.2017;1547;1551;1536;1542;1.32 K
22.11.2017;1549;1555;1543;1552;3.62 K
21.11.2017;1544;1554;1533;1544;5.08 K
20.11.2017;1570;1570;1536;1544;5.89 K
17.11.2017;1587;1589;1566;1577;7.18 K
16.11.2017;1585;1593;1580;1587;3.11 K
15.11.2017;1608;1609;1562;1581;13.14 K
14.11.2017;1638;1639;1604;1606;11.24 K
13.11.2017;1647;1652;1630;1638;10.53 K
10.11.2017;1633;1654;1628;1642;11.56 K
09.11.2017;1630;1640;1624;1632;14.32 K
08.11.2017;1600;1635;1599;1629;22.06 K
07.11.2017;1585;1598;1578;1596;14.26 K
06.11.2017;1554;1588;1547;1585;15.8 K
03.11.2017;1549;1561;1536;1559;9.63 K
02.11.2017;1570;1582;1544;1550;13.51 K
01.11.2017;1556;1575;1541;1571;14.18 K
31.10.2017;1571;1571;1551;1553;8.02 K
30.10.2017;1575;1575;1550;1571;11.42 K
27.10.2017;1583;1586;1559;1573;8.11 K
26.10.2017;1550;1577;1550;1576;9.35 K
25.10.2017;1562;1566;1540;1548;8.39 K
24.10.2017;1579;1585;1556;1561;7.85 K
23.10.2017;1587;1593;1566;1580;13.15 K
20.10.2017;1600;1615;1586;1592;15.93 K
19.10.2017;1563;1599;1553;1596;14.92 K
18.10.2017;1558;1571;1551;1560;6.72 K
17.10.2017;1537;1558;1535;1556;7.95 K
16.10.2017;1564;1569;1534;1537;8.75 K
13.10.2017;1578;1582;1553;1566;8.04 K
12.10.2017;1590;1602;1571;1580;12.35 K
11.10.2017;1548;1585;1548;1583;11.28 K
10.10.2017;1535;1563;1531;1547;8.78 K
09.10.2017;1584;1597;1528;1533;16.98 K
06.10.2017;1580;1594;1571;1593;9.67 K
05.10.2017;1562;1580;1556;1579;9.49 K
04.10.2017;1550;1571;1548;1558;13.08 K
03.10.2017;1530;1561;1519;1554;14.73 K
02.10.2017;1520;1530;1496;1529;12.31 K
29.9.2017;1478;1518;1474;1516;12.38 K
28.9.2017;1498;1509;1474;1476;12.59 K
27.9.2017;1472;1499;1471;1498;8.09 K
26.9.2017;1471;1481;1466;1473;4.66 K
25.9.2017;1466;1493;1461;1470;7.65 K
22.9.2017;1495;1508;1467;1472;8.46 K
21.9.2017;1483;1503;1478;1492;8.94 K
20.9.2017;1466;1483;1462;1480;5.75 K
19.9.2017;1471;1487;1460;1468;8.54 K
18.9.2017;1479;1498;1471;1474;6.79 K
15.9.2017;1473;1489;1460;1484;10.03 K
14.9.2017;1466;1466;1466;1466;2.01 K
13.9.2017;1434;1454;1430;1459;2.01 K
12.9.2017;1428;1432;1416;1432;2.71 K
11.9.2017;1441;1442;1414;1427;2.91 K
08.9.2017;1427;1437;1417;1436;1.14 K
07.9.2017;1458;1461;1428;1432;4.06 K
06.9.2017;1495;1503;1450;1459;5.55 K
05.9.2017;1505;1529;1495;1498;2.4 K
04.9.2017;1512;1514;1492;1497;2.7 K
01.9.2017;1497;1519;1494;1503;2.54 K
31.8.2017;1507;1518;1483;1503;4.08 K
30.8.2017;1517;1529;1480;1500;2.93 K
29.8.2017;1560;1560;1520;1528;4.47 K
25.8.2017;1496;1518;1496;1514;3.78 K
24.8.2017;1464;1493;1464;1489;1.8 K
23.8.2017;1468;1480;1460;1472;1.44 K
22.8.2017;1484;1499;1471;1481;5 K
21.8.2017;1485;1491;1456;1482;2.65 K
18.8.2017;1477;1496;1465;1481;2.87 K
17.8.2017;1450;1469;1442;1464;4.36 K
16.8.2017;1460;1472;1438;1446;3.72 K
15.8.2017;1494;1494;1456;1459;8.51 K
14.8.2017;1529;1534;1488;1492;8.66 K
11.8.2017;1536;1554;1522;1542;12.79 K
10.8.2017;1555;1572;1530;1538;9.13 K
09.8.2017;1570;1572;1540;1557;5.97 K
08.8.2017;1575;1608;1574;1576;9.67 K
07.8.2017;1570;1593;1563;1584;13.25 K
04.8.2017;1594;1614;1554;1563;9.86 K
03.8.2017;1587;1604;1579;1594;8.5 K
02.8.2017;1541;1582;1537;1580;8.29 K
01.8.2017;1590;1607;1554;1561;11.33 K
31.7.2017;1594;1606;1582;1590;8.94 K
28.7.2017;1562;1598;1558;1595;10.66 K
27.7.2017;1502;1569;1502;1565;13.95 K
26.7.2017;1521;1529;1502;1506;7.95 K
25.7.2017;1558;1558;1515;1521;9.33 K
24.7.2017;1552;1568;1543;1554;10.51 K
21.7.2017;1544;1569;1537;1561;8.87 K
20.7.2017;1541;1559;1535;1548;8.4 K
19.7.2017;1505;1539;1502;1533;9.04 K
18.7.2017;1512;1534;1508;1512;8.29 K
17.7.2017;1506;1514;1488;1507;4.96 K
14.7.2017;1506;1514;1498;1505;278
13.7.2017;1461;1510;1461;1500;1.81 K
12.7.2017;1441;1450;1434;1452;2.37 K
11.7.2017;1459;1465;1417;1443;1.77 K
10.7.2017;1488;1499;1443;1458;1.59 K
07.7.2017;1506;1508;1479;1487;887
06.7.2017;1537;1537;1487;1506;2.28 K
05.7.2017;1542;1546;1522;1539;1.46 K
04.7.2017;1548;1556;1518;1535;5.94 K
03.7.2017;1540;1578;1540;1547;1.79 K
30.6.2017;1482;1550;1474;1533;5.6 K
29.6.2017;1497;1509;1483;1486;5.37 K
28.6.2017;1500;1519;1492;1504;5.5 K
27.6.2017;1484;1533;1483;1500;3.92 K
26.6.2017;1512;1526;1478;1490;2.79 K
23.6.2017;1475;1529;1475;1520;2.42 K
22.6.2017;1508;1510;1465;1488;6.73 K
21.6.2017;1552;1559;1510;1512;8.37 K
20.6.2017;1550;1568;1542;1555;3.01 K
19.6.2017;1608;1619;1546;1550;7.71 K
16.6.2017;1634;1644;1594;1607;7.88 K
15.6.2017;1640;1653;1628;1631;3.08 K
14.6.2017;1622;1633;1608;1630;6.6 K
13.6.2017;1660;1672;1620;1622;13.62 K
12.6.2017;1609;1661;1605;1657;20.54 K
09.6.2017;1560;1610;1540;1605;17.63 K
08.6.2017;1530;1601;1518;1536;14.86 K
07.6.2017;1530;1551;1522;1530;10.37 K
06.6.2017;1553;1553;1528;1540;6.42 K
05.6.2017;1555;1559;1501;1541;15.7 K
02.6.2017;1570;1578;1549;1554;7.8 K
01.6.2017;1575;1583;1527;1571;11.17 K
31.5.2017;1579;1615;1572;1583;10.43 K
30.5.2017;1499;1584;1482;1582;19.06 K
26.5.2017;1460;1500;1459;1495;8.71 K
25.5.2017;1466;1490;1443;1449;8.1 K
24.5.2017;1539;1548;1456;1468;17.83 K
23.5.2017;1560;1582;1551;1554;6.66 K
22.5.2017;1569;1583;1549;1566;8.55 K
19.5.2017;1603;1605;1559;1563;9.54 K
18.5.2017;1586;1607;1577;1605;8.72 K
17.5.2017;1578;1591;1554;1589;10.49 K
16.5.2017;1593;1607;1540;1578;12.58 K
15.5.2017;1570;1570;1570;1570;2.03 K
12.5.2017;1497;1544;1488;1536;2.03 K
11.5.2017;1496;1504;1489;1495;2.15 K
10.5.2017;1495;1499;1481;1493;2.27 K
09.5.2017;1499;1509;1483;1495;2.87 K
08.5.2017;1446;1508;1439;1498;1.83 K
05.5.2017;1408;1437;1383;1432;1.92 K
04.5.2017;1359;1414;1357;1411;4.74 K
03.5.2017;1378;1378;1351;1359;2.39 K
02.5.2017;1391;1416;1382;1384;2.75 K
28.4.2017;1433;1441;1394;1403;2.38 K
27.4.2017;1438;1441;1415;1435;1.88 K
26.4.2017;1430;1460;1417;1445;3.29 K
25.4.2017;1390;1424;1374;1418;2.89 K
24.4.2017;1407;1437;1386;1390;1.92 K
21.4.2017;1378;1425;1366;1423;4.7 K
20.4.2017;1433;1438;1336;1385;12.38 K
19.4.2017;1489;1497;1442;1449;8.83 K
18.4.2017;1520;1537;1472;1497;4.96 K
13.4.2017;1555;1561;1515;1522;6.44 K
12.4.2017;1580;1585;1553;1568;6.6 K
11.4.2017;1577;1598;1559;1590;8.47 K
10.4.2017;1612;1616;1577;1579;16.49 K
07.4.2017;1660;1664;1606;1614;14.81 K
06.4.2017;1696;1696;1665;1671;13.43 K
05.4.2017;1693;1701;1679;1691;11.59 K
04.4.2017;1692;1703;1674;1696;9.17 K
03.4.2017;1676;1692;1650;1689;6.3 K
31.3.2017;1683;1689;1668;1679;4.9 K
30.3.2017;1687;1695;1658;1683;8.78 K
29.3.2017;1698;1707;1675;1686;6.71 K
28.3.2017;1728;1728;1698;1708;7.83 K
27.3.2017;1712;1738;1695;1719;8.7 K
24.3.2017;1750;1750;1709;1714;7.52 K
23.3.2017;1744;1754;1727;1750;5.86 K
22.3.2017;1738;1751;1708;1744;9.8 K
21.3.2017;1728;1759;1708;1730;13.98 K
20.3.2017;1645;1729;1627;1722;10.31 K
17.3.2017;1654;1659;1633;1636;5.15 K
16.3.2017;1686;1704;1686;1678;293
15.3.2017;1688;1707;1681;1683;1.41 K
14.3.2017;1664;1697;1664;1696;2.39 K
13.3.2017;1601;1668;1594;1663;1.77 K
10.3.2017;1578;1611;1564;1597;8.32 K
09.3.2017;1574;1580;1556;1572;2.61 K
08.3.2017;1575;1580;1565;1576;8.39 K
07.3.2017;1577;1589;1563;1580;4.23 K
06.3.2017;1600;1600;1571;1577;5.33 K
03.3.2017;1551;1603;1551;1590;3.59 K
02.3.2017;1530;1571;1519;1561;5.96 K
01.3.2017;1531;1546;1522;1525;6.22 K
28.2.2017;1575;1580;1529;1529;5.89 K
27.2.2017;1588;1601;1568;1578;5.26 K
24.2.2017;1618;1618;1586;1590;3.44 K
23.2.2017;1600;1623;1595;1617;4.48 K
22.2.2017;1605;1614;1593;1594;2.6 K
21.2.2017;1598;1610;1583;1601;3.29 K
20.2.2017;1610;1610;1588;1599;1.07 K
17.2.2017;1650;1663;1608;1613;6.84 K
16.2.2017;1603;1643;1595;1641;4.63 K
15.2.2017;1545;1605;1539;1602;7.17 K
14.2.2017;1548;1575;1524;1540;9.23 K
13.2.2017;1593;1598;1555;1558;8.08 K
10.2.2017;1624;1625;1596;1598;7.71 K
09.2.2017;1624;1645;1618;1622;4.95 K
08.2.2017;1638;1646;1618;1624;9.31 K
07.2.2017;1677;1681;1639;1641;7.42 K
06.2.2017;1691;1704;1673;1676;16 K
03.2.2017;1690;1695;1670;1687;10.48 K
02.2.2017;1689;1691;1663;1687;6.36 K
01.2.2017;1680;1708;1676;1686;7.64 K
31.1.2017;1691;1718;1683;1686;8.53 K
30.1.2017;1690;1705;1685;1687;6.57 K
27.1.2017;1709;1714;1684;1696;11.4 K
26.1.2017;1747;1749;1716;1720;10.69 K
25.1.2017;1759;1770;1735;1747;6.74 K
24.1.2017;1748;1769;1741;1757;6.15 K
23.1.2017;1742;1762;1733;1746;6.38 K
20.1.2017;1750;1762;1735;1748;8.07 K
19.1.2017;1798;1813;1753;1758;10.88 K
18.1.2017;1801;1820;1785;1799;9.95 K
17.1.2017;1788;1797;1763;1792;12.28 K
16.1.2017;1795;1798;1783;1792;2.88 K
13.1.2017;1815;1815;1788;1797;6.05 K
12.1.2017;1757;1814;1749;1811;9.4 K
11.1.2017;1792;1805;1742;1751;11.58 K
10.1.2017;1778;1801;1764;1798;6.9 K
09.1.2017;1821;1821;1752;1781;10.94 K
06.1.2017;1809;1848;1805;1821;9.77 K
05.1.2017;1797;1812;1785;1809;7.71 K
04.1.2017;1754;1812;1754;1806;10.59 K
03.1.2017;1736;1765;1725;1757;10.1 K
02.1.2017;1732;1732;1732;1732;12.29 K
30.12.2016;1757;1779;1723;1732;12.29 K
29.12.2016;1805;1809;1760;1767;9.34 K
28.12.2016;1829;1833;1788;1805;5.07 K
27.12.2016;1816;1816;1816;1816;2.08 K
23.12.2016;1804;1818;1790;1816;2.08 K
22.12.2016;1849;1852;1798;1802;7.31 K
21.12.2016;1849;1861;1838;1852;4.73 K
20.12.2016;1855;1865;1836;1844;6.22 K
19.12.2016;1823;1867;1820;1863;11.79 K
16.12.2016;1818;1825;1773;1818;9.47 K
15.12.2016;1833;1844;1802;1823;8.03 K
14.12.2016;1820;1843;1791;1829;10.42 K
13.12.2016;1744;1757;1741;1754;1.97 K
12.12.2016;1693;1733;1668;1732;5.87 K
09.12.2016;1770;1770;1711;1698;1.74 K
08.12.2016;1816;1818;1770;1773;3.83 K
07.12.2016;1822;1825;1782;1808;1.31 K
06.12.2016;1854;1855;1803;1830;5.21 K
05.12.2016;1896;1896;1844;1861;3.04 K
02.12.2016;1950;1950;1894;1901;7.82 K
01.12.2016;1964;1968;1954;1961;2.11 K
30.11.2016;1996;1998;1946;1964;7.24 K
29.11.2016;2031;2031;1974;1993;4.62 K
28.11.2016;2050;2053;2030;2033;2.69 K
25.11.2016;2062;2065;2020;2044;3.69 K
24.11.2016;2063;2063;2049;2057;1.63 K
23.11.2016;2058;2063;2036;2060;3.21 K
22.11.2016;2045;2065;2025;2055;2.76 K
21.11.2016;2057;2060;2025;2040;1.24 K
18.11.2016;2027;2058;2023;2057;3.98 K
17.11.2016;2030;2037;1985;2031;3.97 K
16.11.2016;2017;2038;2010;2034;2.5 K
15.11.2016;2030;2033;2015;2019;3.52 K
14.11.2016;2068;2075;2029;2034;3.39 K
11.11.2016;2059;2075;2042;2068;2 K
10.11.2016;2055;2065;2043;2055;5.61 K
09.11.2016;2033;2058;2033;2050;3.84 K
08.11.2016;2050;2076;2042;2064;9.94 K
07.11.2016;2108;2125;2030;2045;12.81 K
04.11.2016;2185;2187;2080;2103;12.23 K
03.11.2016;2226;2232;2185;2192;8.16 K
02.11.2016;2230;2236;2212;2226;4.83 K
01.11.2016;2260;2260;2224;2229;5.04 K
31.10.2016;2279;2283;2251;2262;6.8 K
28.10.2016;2270;2283;2252;2279;6.31 K
27.10.2016;2277;2281;2250;2272;6.84 K
26.10.2016;2269;2279;2258;2277;4.86 K
25.10.2016;2234;2267;2231;2263;8.05 K
24.10.2016;2233;2235;2211;2231;4.78 K
21.10.2016;2233;2243;2211;2235;7.81 K
20.10.2016;2238;2258;2218;2237;6.09 K
19.10.2016;2221;2240;2217;2238;5.76 K
18.10.2016;2244;2258;2211;2224;10.46 K
17.10.2016;2265;2268;2219;2246;6.62 K
14.10.2016;2247;2281;2247;2268;5.44 K
13.10.2016;2237;2258;2228;2251;7.82 K
12.10.2016;2249;2261;2217;2232;8.71 K
11.10.2016;2236;2253;2224;2249;8.6 K
10.10.2016;2315;2328;2202;2230;11.03 K
07.10.2016;2291;2324;2289;2319;14.47 K
06.10.2016;2309;2309;2263;2279;11.49 K
05.10.2016;2291;2315;2289;2311;8.81 K
04.10.2016;2262;2298;2256;2295;9.2 K
03.10.2016;2239;2270;2223;2267;10.27 K
30.9.2016;2208;2228;2192;2223;8.36 K
29.9.2016;2263;2263;2194;2212;18.57 K
28.9.2016;2285;2287;2241;2263;11.41 K
27.9.2016;2275;2290;2266;2285;5.59 K
26.9.2016;2290;2290;2259;2273;8.23 K
23.9.2016;2322;2334;2257;2290;14.98 K
22.9.2016;2299;2335;2299;2320;6.66 K
21.9.2016;2300;2316;2295;2308;6.44 K
20.9.2016;2285;2318;2285;2305;8.2 K
19.9.2016;2252;2307;2252;2298;10.02 K
16.9.2016;2254;2264;2238;2246;7.58 K
15.9.2016;2257;2257;2257;2274;3.09 K
14.9.2016;2222;2249;2222;2245;576
13.9.2016;2202;2215;2194;2215;5.8 K
12.9.2016;2195;2208;2168;2207;2.56 K
09.9.2016;2256;2256;2187;2189;2.34 K
08.9.2016;2276;2283;2265;2274;7.75 K
07.9.2016;2283;2309;2270;2281;1.59 K
06.9.2016;2287;2298;2259;2277;3.02 K
05.9.2016;2288;2289;2278;2288;2.33 K
02.9.2016;2302;2307;2290;2290;5.46 K
01.9.2016;2355;2360;2300;2311;11.89 K
31.8.2016;2356;2370;2339;2359;10.72 K
30.8.2016;2404;2411;2357;2361;5.38 K
29.8.2016;2429;2429;2429;2429;6.13 K
26.8.2016;2425;2443;2408;2429;6.13 K
25.8.2016;2415;2444;2405;2426;4.73 K
24.8.2016;2437;2453;2391;2415;3.28 K
23.8.2016;2421;2440;2381;2434;6.97 K
22.8.2016;2485;2485;2403;2406;7.3 K
19.8.2016;2505;2514;2477;2492;7.31 K
18.8.2016;2505;2512;2487;2512;3.52 K
17.8.2016;2487;2502;2472;2500;3.97 K
16.8.2016;2475;2486;2455;2485;4.7 K
15.8.2016;2422;2472;2422;2468;4.93 K
12.8.2016;2409;2425;2401;2420;4.86 K
11.8.2016;2427;2427;2400;2413;5.24 K
10.8.2016;2391;2431;2368;2420;7.08 K
09.8.2016;2405;2425;2387;2390;8.86 K
08.8.2016;2415;2427;2401;2404;8.36 K
05.8.2016;2409;2436;2399;2420;18.13 K
04.8.2016;2377;2409;2363;2404;12.25 K
03.8.2016;2325;2386;2307;2379;11.22 K
02.8.2016;2352;2380;2315;2323;9.15 K
01.8.2016;2301;2368;2289;2356;16.2 K
29.7.2016;2332;2334;2291;2297;10.07 K
28.7.2016;2356;2361;2322;2332;14.43 K
27.7.2016;2334;2362;2334;2352;10.53 K
26.7.2016;2350;2364;2335;2342;6.88 K
25.7.2016;2382;2397;2343;2347;7.87 K
22.7.2016;2344;2426;2344;2384;19.2 K
21.7.2016;2410;2413;2355;2362;15.37 K
20.7.2016;2432;2451;2414;2417;8.74 K
19.7.2016;2473;2480;2435;2437;10.44 K
18.7.2016;2460;2473;2449;2470;7.86 K
15.7.2016;2473;2489;2445;2450;8.07 K
14.7.2016;2578;2578;2575;2522;488
13.7.2016;2558;2578;2554;2577;1.01 K
12.7.2016;2555;2555;2538;2545;2.55 K
11.7.2016;2547;2575;2547;2564;6.6 K
08.7.2016;2550;2559;2540;2546;1.4 K
07.7.2016;2531;2549;2517;2549;2.65 K
06.7.2016;2501;2530;2496;2525;2.08 K
05.7.2016;2420;2489;2420;2485;7.03 K
04.7.2016;2406;2429;2404;2417;851
01.7.2016;2386;2405;2374;2404;5.24 K
30.6.2016;2392;2400;2360;2385;9.72 K
29.6.2016;2395;2401;2365;2390;9.93 K
28.6.2016;2395;2402;2378;2395;5.04 K
27.6.2016;2350;2412;2350;2395;4.75 K
24.6.2016;2344;2351;2309;2343;6.68 K
23.6.2016;2279;2288;2260;2286;3.77 K
22.6.2016;2272;2285;2269;2281;4.57 K
21.6.2016;2267;2271;2245;2270;4.66 K
20.6.2016;2270;2278;2258;2263;2.87 K
17.6.2016;2296;2307;2270;2286;3.96 K
16.6.2016;2322;2329;2216;2296;5.05 K
15.6.2016;2308;2330;2304;2325;6.5 K
14.6.2016;2304;2312;2292;2308;3.22 K
13.6.2016;2275;2306;2275;2299;4.93 K
10.6.2016;2260;2278;2244;2276;3.81 K
09.6.2016;2256;2267;2243;2258;3.54 K
08.6.2016;2262;2262;2243;2253;4.94 K
07.6.2016;2255;2260;2238;2257;5.83 K
06.6.2016;2241;2274;2241;2258;9.68 K
03.6.2016;2248;2261;2215;2241;8.22 K
02.6.2016;2232;2259;2226;2249;6.72 K
01.6.2016;2239;2248;2211;2237;7.35 K
31.5.2016;2203;2243;2203;2238;7.75 K
30.5.2016;2210;2210;2210;2210;14.03 K
27.5.2016;2179;2218;2179;2210;14.03 K
26.5.2016;2172;2172;2146;2167;9.22 K
25.5.2016;2195;2208;2163;2170;7.09 K
24.5.2016;2225;2242;2184;2194;9.96 K
23.5.2016;2141;2215;2139;2214;20.27 K
20.5.2016;2125;2152;2124;2148;9.72 K
19.5.2016;2144;2150;2118;2120;12.6 K
18.5.2016;2137;2150;2118;2141;14.85 K
17.5.2016;2151;2153;2129;2133;12.14 K
16.5.2016;2190;2201;2142;2157;12.18 K
13.5.2016;2179;2182;2179;2180;2 K
12.5.2016;2247;2247;2194;2201;1.05 K
11.5.2016;2259;2269;2240;2240;1.58 K
10.5.2016;2241;2261;2240;2253;8.48 K
09.5.2016;2217;2242;2216;2236;7.11 K
06.5.2016;2272;2272;2216;2225;5.97 K
05.5.2016;2292;2292;2273;2274;3.99 K
04.5.2016;2297;2303;2264;2299;9.2 K
03.5.2016;2310;2310;2288;2300;5.25 K
02.5.2016;2313;2313;2313;2313;17.5 K
29.4.2016;2266;2314;2266;2313;17.5 K
28.4.2016;2278;2283;2257;2269;5.66 K
27.4.2016;2288;2294;2270;2279;5.17 K
26.4.2016;2260;2287;2257;2287;4.97 K
25.4.2016;2272;2277;2253;2266;2.74 K
22.4.2016;2256;2274;2252;2270;6.67 K
21.4.2016;2228;2255;2224;2247;5.05 K
20.4.2016;2223;2238;2220;2232;6.29 K
19.4.2016;2217;2226;2204;2221;2.58 K
18.4.2016;2177;2213;2166;2212;6.5 K
15.4.2016;2188;2220;2175;2184;4.76 K
14.4.2016;2173;2200;2161;2197;4.67 K
13.4.2016;2151;2173;2126;2165;3.96 K
12.4.2016;2149;2167;2133;2166;2.39 K
11.4.2016;2137;2156;2122;2146;2.81 K
08.4.2016;2122;2144;2120;2136;3.66 K
07.4.2016;2154;2159;2120;2124;4.16 K
06.4.2016;2135;2155;2125;2149;5.52 K
05.4.2016;2098;2137;2092;2132;13.72 K
04.4.2016;2130;2137;2098;2108;10.27 K
01.4.2016;2152;2166;2124;2127;8.94 K
31.3.2016;2170;2177;2119;2156;11.42 K
30.3.2016;2182;2196;2169;2171;6.68 K
29.3.2016;2200;2202;2179;2186;5.82 K
24.3.2016;2211;2217;2175;2202;5.4 K
23.3.2016;2240;2246;2180;2211;13.67 K
22.3.2016;2243;2250;2223;2235;8.24 K
21.3.2016;2256;2269;2229;2238;6.23 K
18.3.2016;2260;2275;2251;2256;6.86 K
17.3.2016;2255;2266;2223;2260;8.33 K
16.3.2016;2257;2262;2242;2261;4.73 K
15.3.2016;2257;2269;2255;2258;6.89 K
14.3.2016;2242;2242;2235;2220;5.53 K
11.3.2016;2238;2252;2229;2232;3.26 K
10.3.2016;2222;2243;2222;2239;1.76 K
09.3.2016;2198;2232;2190;2224;5.31 K
08.3.2016;2209;2216;2189;2196;1.03 K
07.3.2016;2213;2230;2200;2215;2.19 K
04.3.2016;2182;2220;2182;2216;2.24 K
03.3.2016;2199;2211;2180;2185;2.85 K
02.3.2016;2201;2204;2163;2192;2.7 K
01.3.2016;2206;2213;2185;2198;11.66 K
29.2.2016;2162;2222;2147;2215;9.97 K
26.2.2016;2189;2212;2150;2161;6.18 K
25.2.2016;2176;2209;2176;2195;6.37 K
24.2.2016;2131;2180;2127;2176;4.92 K
23.2.2016;2109;2132;2084;2125;5.96 K
22.2.2016;2056;2123;2050;2108;6.33 K
19.2.2016;2099;2123;2054;2058;3.78 K
18.2.2016;2068;2110;2065;2109;7.25 K
17.2.2016;2046;2090;2039;2073;7.56 K
16.2.2016;2043;2059;2022;2052;1.98 K
15.2.2016;2058;2075;2027;2037;3.48 K
12.2.2016;2014;2062;2000;2060;5.28 K
11.2.2016;2036;2042;2009;2012;5.27 K
10.2.2016;2032;2065;2013;2046;4.55 K
09.2.2016;2056;2060;2005;2037;4.68 K
08.2.2016;1994;2060;1989;2058;4.54 K
05.2.2016;1975;2024;1964;1990;13.09 K
04.2.2016;2010;2041;1966;1969;6.63 K
03.2.2016;2000;2033;1961;2015;9.62 K
02.2.2016;2067;2069;1985;1990;8.24 K
01.2.2016;2005;2072;1988;2067;11.97 K
29.1.2016;2006;2049;2006;2009;4.65 K
28.1.2016;1999;2037;1972;2012;8.88 K
27.1.2016;2041;2050;1995;2005;8.82 K
26.1.2016;2044;2057;2024;2041;12.33 K
25.1.2016;2084;2091;2043;2049;7.17 K
22.1.2016;2082;2107;2074;2084;11.12 K
21.1.2016;2046;2092;2016;2082;14.66 K
20.1.2016;2130;2133;2039;2054;16.01 K
19.1.2016;2115;2147;2115;2144;9.24 K
18.1.2016;2122;2128;2107;2114;3.46 K
15.1.2016;2070;2117;2070;2115;13.42 K
14.1.2016;2073;2083;2057;2061;6.98 K
13.1.2016;2060;2082;2053;2073;5.85 K
12.1.2016;2060;2079;2044;2063;13.26 K
11.1.2016;2136;2143;2055;2068;16.63 K
08.1.2016;2111;2158;2111;2155;17.43 K
07.1.2016;2110;2110;2060;2107;23.92 K
06.1.2016;2155;2161;2111;2115;17.74 K
05.1.2016;2209;2224;2159;2163;14.59 K
04.1.2016;2257;2258;2207;2209;10.59 K
31.12.2015;2248;2270;2235;2262;5.82 K
30.12.2015;2238;2252;2233;2251;3.72 K
29.12.2015;2233;2246;2230;2243;3.84 K
28.12.2015;2264;2264;2264;2264;1.39 K
24.12.2015;2254;2268;2252;2264;3.66 K
23.12.2015;2224;2263;2215;2261;7.83 K
22.12.2015;2245;2247;2225;2230;4.61 K
21.12.2015;2255;2259;2222;2248;9.48 K
18.12.2015;2262;2269;2246;2257;4.56 K
17.12.2015;2269;2272;2245;2261;9.08 K
16.12.2015;2291;2294;2261;2262;7.78 K
15.12.2015;2300;2302;2276;2286;9.49 K
14.12.2015;2251;2252;2241;2251;282
11.12.2015;2252;2253;2226;2257;2.26 K
10.12.2015;2268;2269;2241;2244;2.1 K
09.12.2015;2258;2267;2252;2265;1.12 K
08.12.2015;2297;2305;2250;2255;1.52 K
07.12.2015;2290;2302;2287;2298;1.68 K
04.12.2015;2277;2290;2272;2287;5.3 K
03.12.2015;2270;2281;2263;2280;6.7 K
02.12.2015;2255;2270;2244;2269;2.77 K
01.12.2015;2257;2260;2238;2251;3.04 K
30.11.2015;2263;2276;2253;2261;9 K
27.11.2015;2243;2264;2243;2260;1.59 K
26.11.2015;2258;2273;2245;2248;1.45 K
25.11.2015;2280;2285;2243;2253;4.93 K
24.11.2015;2266;2286;2264;2284;13.41 K
23.11.2015;2297;2298;2258;2261;6.08 K
20.11.2015;2301;2328;2281;2298;7.12 K
19.11.2015;2293;2308;2291;2297;4.17 K
18.11.2015;2305;2313;2289;2291;3.16 K
17.11.2015;2305;2318;2300;2306;3 K
16.11.2015;2303;2322;2297;2315;4.97 K
13.11.2015;2276;2308;2273;2307;6.78 K
12.11.2015;2255;2276;2254;2275;3.77 K
11.11.2015;2243;2261;2236;2260;4.77 K
10.11.2015;2200;2250;2200;2248;9.34 K
09.11.2015;2228;2230;2202;2206;5.12 K
06.11.2015;2229;2236;2209;2233;5.18 K
05.11.2015;2181;2228;2180;2223;9.04 K
04.11.2015;2218;2218;2180;2186;4.4 K
03.11.2015;2217;2225;2211;2223;7.56 K
02.11.2015;2208;2222;2190;2219;5.16 K
30.10.2015;2196;2216;2193;2208;4.04 K
29.10.2015;2200;2210;2177;2200;6.57 K
28.10.2015;2189;2204;2187;2200;5.28 K
27.10.2015;2170;2195;2170;2193;5.76 K
26.10.2015;2148;2181;2146;2175;5.59 K
23.10.2015;2140;2155;2128;2147;4.65 K
22.10.2015;2141;2167;2129;2141;4.9 K
21.10.2015;2178;2193;2136;2145;14.63 K
20.10.2015;2152;2193;2151;2177;11 K
19.10.2015;2109;2156;2108;2155;7.95 K
16.10.2015;2095;2120;2092;2117;5.4 K
15.10.2015;2107;2107;2088;2101;7.1 K
14.10.2015;2141;2142;2100;2108;9.37 K
13.10.2015;2103;2150;2084;2141;11.97 K
12.10.2015;2085;2104;2066;2091;8.63 K
09.10.2015;2093;2103;2082;2084;8.72 K
08.10.2015;2101;2104;2082;2093;9.59 K
07.10.2015;2116;2144;2101;2107;10.54 K
06.10.2015;2125;2126;2113;2120;7.35 K
05.10.2015;2126;2131;2112;2126;7.83 K
02.10.2015;2132;2146;2118;2121;6.42 K
01.10.2015;2140;2164;2126;2132;9.16 K
30.9.2015;2179;2181;2136;2140;9.32 K
29.9.2015;2216;2218;2171;2179;8.22 K
28.9.2015;2236;2240;2205;2210;7.91 K
25.9.2015;2238;2256;2234;2240;7.31 K
24.9.2015;2253;2254;2227;2238;8.65 K
23.9.2015;2235;2254;2234;2253;8.21 K
22.9.2015;2215;2237;2212;2235;7.95 K
21.9.2015;2206;2218;2202;2216;6.85 K
18.9.2015;2194;2215;2191;2208;7.85 K
17.9.2015;2182;2199;2177;2197;11.82 K
16.9.2015;2190;2198;2179;2189;7.16 K
15.9.2015;2186;2186;2186;2186;232
14.9.2015;2184;2204;2184;2202;1 K
11.9.2015;2180;2195;2167;2172;863
10.9.2015;2190;2195;2178;2183;5.21 K
09.9.2015;2156;2190;2156;2189;16.29 K
08.9.2015;2143;2155;2139;2153;4.28 K
07.9.2015;2133;2152;2133;2147;3.46 K
04.9.2015;2097;2146;2097;2133;3.75 K
03.9.2015;2091;2105;2085;2091;2.89 K
02.9.2015;2109;2110;2091;2095;6.16 K
01.9.2015;2081;2110;2080;2110;4.3 K
31.8.2015;2086;2086;2086;2086;4.99 K
28.8.2015;2085;2104;2076;2086;4.99 K
27.8.2015;2066;2085;2063;2081;2.54 K
26.8.2015;2048;2069;2045;2068;2.9 K
25.8.2015;2041;2069;2038;2050;1.24 K
24.8.2015;2022;2049;1975;2040;4.19 K
21.8.2015;2061;2067;2034;2036;6.79 K
20.8.2015;2053;2071;2042;2067;2.07 K
19.8.2015;2030;2066;2029;2061;5.64 K
18.8.2015;2016;2035;2016;2032;2.45 K
17.8.2015;2017;2033;2013;2017;3.01 K
14.8.2015;2024;2036;2010;2020;3.47 K
13.8.2015;2010;2035;1994;2024;5.98 K
12.8.2015;2047;2050;2007;2013;4.39 K
11.8.2015;2062;2085;2016;2049;6.29 K
10.8.2015;2073;2073;2048;2062;4.46 K
07.8.2015;2032;2083;2018;2079;9.91 K
06.8.2015;2060;2067;2032;2033;13.96 K
05.8.2015;2102;2107;2057;2068;13.12 K
04.8.2015;2110;2120;2101;2102;9.04 K
03.8.2015;2129;2133;2108;2110;7.07 K
31.7.2015;2150;2150;2123;2131;8.11 K
30.7.2015;2138;2148;2132;2144;6.16 K
29.7.2015;2134;2142;2126;2139;5.39 K
28.7.2015;2127;2137;2117;2134;12.21 K
27.7.2015;2133;2147;2121;2131;6.87 K
24.7.2015;2167;2181;2130;2131;15.5 K
23.7.2015;2178;2183;2161;2165;7.97 K
22.7.2015;2219;2226;2163;2180;10.43 K
21.7.2015;2222;2233;2214;2223;3.94 K
20.7.2015;2220;2224;2205;2222;4.88 K
17.7.2015;2213;2225;2202;2217;5.11 K
16.7.2015;2199;2205;2194;2194;2.14 K
15.7.2015;2208;2225;2205;2207;4.78 K
14.7.2015;2191;2219;2184;2214;2.79 K
13.7.2015;2174;2186;2171;2182;1.21 K
10.7.2015;2180;2186;2175;2184;1.02 K
09.7.2015;2160;2183;2152;2180;16.06 K
08.7.2015;2150;2163;2150;2161;2.07 K
07.7.2015;2148;2158;2145;2155;3.38 K
06.7.2015;2151;2162;2145;2146;6.42 K
03.7.2015;2152;2166;2147;2159;1.61 K
02.7.2015;2154;2164;2140;2163;1.47 K
01.7.2015;2130;2160;2125;2155;2.67 K
30.6.2015;2169;2174;2133;2139;3.8 K
29.6.2015;2164;2177;2155;2169;1.86 K
26.6.2015;2136;2173;2133;2168;3.28 K
25.6.2015;2150;2161;2136;2138;1.92 K
24.6.2015;2121;2150;2119;2146;2.46 K
23.6.2015;2133;2139;2122;2124;4.41 K
22.6.2015;2117;2138;2112;2135;5.53 K
19.6.2015;2141;2150;2112;2120;6.66 K
18.6.2015;2123;2148;2118;2145;3.88 K
17.6.2015;2147;2147;2123;2128;2.78 K
16.6.2015;2130;2149;2130;2147;5.04 K
15.6.2015;2108;2141;2106;2137;5.83 K
12.6.2015;2081;2110;2080;2102;2.67 K
11.6.2015;2094;2110;2084;2087;4.44 K
10.6.2015;2092;2112;2088;2096;4.49 K
09.6.2015;2106;2109;2087;2097;8.67 K
08.6.2015;2112;2118;2099;2110;4.17 K
05.6.2015;2105;2114;2083;2112;10.24 K
04.6.2015;2116;2117;2096;2102;7.44 K
03.6.2015;2112;2116;2107;2113;5.41 K
02.6.2015;2093;2114;2091;2111;6.28 K
01.6.2015;2107;2110;2093;2094;6.91 K
29.5.2015;2125;2127;2104;2107;8.08 K
28.5.2015;2124;2131;2107;2125;6.8 K
27.5.2015;2117;2128;2104;2126;5.93 K
26.5.2015;2106;2119;2096;2119;6.18 K
25.5.2015;2112;2112;2112;2112;7.29 K
22.5.2015;2095;2113;2087;2112;7.29 K
21.5.2015;2085;2104;2082;2096;7.77 K
20.5.2015;2097;2098;2070;2084;8.76 K
19.5.2015;2080;2100;2077;2098;9.29 K
18.5.2015;2068;2080;2061;2079;9.23 K
15.5.2015;2050;2069;2044;2068;7.28 K
14.5.2015;2039;2050;2034;2049;4.8 K
13.5.2015;2045;2051;2040;2046;457
12.5.2015;2025;2045;2012;2040;5.5 K
11.5.2015;1985;2026;1975;2018;6.75 K
08.5.2015;1987;1995;1975;1980;7.62 K
07.5.2015;1996;2003;1987;1995;1.13 K
06.5.2015;2000;2006;1986;1989;1.51 K
05.5.2015;1979;2004;1964;2002;1.27 K
04.5.2015;1974;1974;1974;1974;2.44 K
01.5.2015;1988;2005;1962;1974;2.44 K
30.4.2015;1969;1995;1965;1992;5.19 K
29.4.2015;1962;1978;1954;1966;2.21 K
28.4.2015;1982;1995;1967;1971;1.96 K
27.4.2015;1959;1983;1954;1980;2.14 K
24.4.2015;1917;1969;1917;1965;2.37 K
23.4.2015;1899;1919;1894;1916;2.01 K
22.4.2015;1907;1922;1891;1900;9.86 K
21.4.2015;1906;1915;1896;1902;3.13 K
20.4.2015;1939;1939;1903;1905;3.8 K
17.4.2015;1954;1963;1937;1938;3.21 K
16.4.2015;1949;1976;1949;1964;3.42 K
15.4.2015;1966;1968;1943;1945;2.13 K
14.4.2015;1950;1971;1947;1967;2.47 K
13.4.2015;1942;1957;1941;1953;2.19 K
10.4.2015;1945;1964;1937;1940;6.72 K
09.4.2015;1940;1952;1933;1947;3.54 K
08.4.2015;1941;1957;1937;1944;6.83 K
07.4.2015;1948;1950;1939;1942;6.36 K
06.4.2015;1939;1939;1939;1939;5.33 K
02.4.2015;1922;1945;1918;1939;5.33 K
01.4.2015;1898;1930;1897;1920;5.65 K
31.3.2015;1899;1905;1893;1901;8.62 K
30.3.2015;1918;1936;1901;1903;5.9 K
27.3.2015;1940;1940;1913;1921;4.78 K
26.3.2015;1946;1954;1933;1940;3.38 K
25.3.2015;1945;1967;1935;1951;7.07 K
24.3.2015;1918;1953;1905;1948;7.14 K
23.3.2015;1938;1941;1918;1920;5.95 K
20.3.2015;1920;1947;1908;1945;10.03 K
19.3.2015;1945;1956;1919;1923;13.92 K
18.3.2015;1970;1972;1935;1949;14.69 K
17.3.2015;1967;1974;1931;1968;17.97 K
16.3.2015;1994;1994;1977;1977;388
13.3.2015;1989;2000;1977;1991;6.47 K
12.3.2015;1960;1983;1959;1982;715
11.3.2015;1985;1988;1967;1966;1.71 K
10.3.2015;2018;2023;1985;1988;2.75 K
09.3.2015;2028;2040;2003;2018;5.34 K
06.3.2015;2050;2054;2031;2032;4.48 K
05.3.2015;2050;2054;2032;2051;2.17 K
04.3.2015;2046;2052;2037;2051;2.58 K
03.3.2015;2038;2046;2029;2045;3.55 K
02.3.2015;2033;2037;2018;2037;7.71 K
27.2.2015;2024;2038;2017;2035;5.94 K
26.2.2015;2003;2020;1984;2019;10.19 K
25.2.2015;2053;2055;1999;2000;6.1 K
24.2.2015;2040;2050;2034;2048;10.48 K
23.2.2015;2040;2044;2026;2042;6.09 K
20.2.2015;2020;2040;2017;2038;7.57 K
19.2.2015;2027;2033;2009;2025;5.1 K
18.2.2015;2024;2030;2002;2029;3.65 K
17.2.2015;2003;2027;2003;2024;3.83 K
16.2.2015;2013;2018;2001;2005;1.63 K
13.2.2015;2015;2020;1995;2018;4.07 K
12.2.2015;2006;2016;2006;2016;7.37 K
11.2.2015;1988;2009;1981;2009;4.13 K
10.2.2015;2008;2010;1976;1993;7.13 K
09.2.2015;1961;2011;1958;2008;10.59 K
06.2.2015;1930;1958;1930;1957;7.74 K
05.2.2015;1918;1938;1911;1934;11.04 K
04.2.2015;1916;1955;1901;1921;17.55 K
03.2.2015;1895;1935;1891;1912;7.63 K
02.2.2015;1903;1907;1891;1893;8.52 K
30.1.2015;1901;1920;1895;1905;9.72 K
29.1.2015;1903;1907;1893;1900;8.66 K
28.1.2015;1916;1917;1899;1902;14.78 K
27.1.2015;1918;1927;1904;1914;11.51 K
26.1.2015;1939;1948;1917;1919;9.28 K
23.1.2015;1952;1968;1936;1937;7.79 K
22.1.2015;1983;1985;1952;1961;13.98 K
21.1.2015;2017;2024;1985;1986;9.11 K
20.1.2015;2030;2040;2018;2019;3.61 K
19.1.2015;2032;2047;2016;2034;2.56 K
16.1.2015;2030;2042;2023;2031;4.36 K
15.1.2015;2038;2049;2026;2044;5.11 K
14.1.2015;2047;2053;2031;2049;7.24 K
13.1.2015;2060;2062;2045;2051;4.85 K
12.1.2015;2030;2056;2026;2055;5.5 K
09.1.2015;2046;2055;2031;2037;6.79 K
08.1.2015;2020;2060;2020;2046;12.31 K
07.1.2015;2000;2020;2000;2016;4.41 K
06.1.2015;2016;2018;1991;2000;5.36 K
05.1.2015;1994;2017;1991;2012;6.31 K
02.1.2015;1958;1991;1953;1987;5.09 K
31.12.2014;1985;1989;1974;1980;2.63 K
30.12.2014;1979;1997;1974;1986;2.93 K
29.12.2014;1982;1999;1963;1982;5.57 K
26.12.2014;1989;1989;1989;1989;787
24.12.2014;1991;1996;1987;1989;787
23.12.2014;1989;1996;1983;1991;2.47 K
22.12.2014;1995;2000;1975;1991;3.08 K
19.12.2014;1975;1994;1965;1988;9.54 K
18.12.2014;1940;1975;1939;1969;13.4 K
17.12.2014;1924;1939;1921;1939;5.98 K
16.12.2014;1908;1931;1906;1928;6.13 K
15.12.2014;1890;1914;1889;1907;3.25 K
12.12.2014;1924;1924;1895;1909;1.09 K
11.12.2014;1996;2000;1920;1922;4.29 K
10.12.2014;2001;2008;1999;1999;2.76 K
09.12.2014;1982;2003;1980;1999;2.74 K
08.12.2014;1980;1984;1973;1980;5.07 K
05.12.2014;1950;1985;1948;1978;2.39 K
04.12.2014;1943;1953;1941;1950;1.66 K
03.12.2014;1951;1952;1936;1938;1.48 K
02.12.2014;1960;1974;1948;1949;2.34 K
01.12.2014;1928;1959;1926;1959;6.11 K
28.11.2014;1945;1949;1921;1924;5.29 K
27.11.2014;1930;1945;1924;1944;3.01 K
26.11.2014;1895;1930;1891;1929;4.55 K
25.11.2014;1920;1925;1893;1895;6.06 K
24.11.2014;1895;1918;1888;1916;3.24 K
21.11.2014;1897;1897;1888;1894;4.41 K
20.11.2014;1893;1900;1890;1895;2.01 K
19.11.2014;1895;1898;1884;1896;6.13 K
18.11.2014;1895;1917;1883;1889;4.33 K
17.11.2014;1885;1901;1876;1897;3.75 K
14.11.2014;1894;1900;1870;1881;2.51 K
13.11.2014;1899;1901;1862;1889;6.19 K
12.11.2014;1932;1941;1897;1902;4.63 K
11.11.2014;1929;1943;1929;1941;2.43 K
10.11.2014;1923;1943;1905;1929;3.21 K
07.11.2014;1921;1943;1913;1927;2.79 K
06.11.2014;1894;1918;1890;1915;4.26 K
05.11.2014;1904;1912;1895;1896;5.84 K
04.11.2014;1893;1907;1891;1900;5.16 K
03.11.2014;1905;1914;1888;1889;4.93 K
31.10.2014;1936;1938;1901;1910;4.55 K
30.10.2014;1929;1936;1917;1930;5.03 K
29.10.2014;1905;1920;1888;1915;5.94 K
28.10.2014;1927;1934;1895;1899;13.21 K
27.10.2014;1980;1985;1931;1933;11.57 K
24.10.2014;2025;2035;1977;1984;9.42 K
23.10.2014;2022;2066;2005;2031;6.6 K
22.10.2014;2024;2032;2018;2029;2.13 K
21.10.2014;2033;2035;2005;2023;3.09 K
20.10.2014;2020;2037;1993;2028;4.24 K
17.10.2014;2039;2050;2026;2034;2.43 K
16.10.2014;2045;2060;2015;2021;3.9 K
15.10.2014;2050;2070;2035;2064;5.48 K
14.10.2014;2000;2040;1982;2035;6.81 K
13.10.2014;2050;2087;1993;1998;6.37 K
10.10.2014;1988;2061;1987;2053;9.37 K
09.10.2014;1978;1988;1969;1983;11.65 K
08.10.2014;1991;1996;1978;1978;5.29 K
07.10.2014;2009;2011;1982;1986;8.09 K
06.10.2014;1995;2017;1995;2007;4.99 K
03.10.2014;1995;2015;1990;1995;5.04 K
02.10.2014;2028;2055;1991;1994;10.53 K
01.10.2014;2105;2106;2012;2028;14.31 K
30.9.2014;2123;2139;2105;2110;5.65 K
29.9.2014;2126;2136;2110;2121;2.01 K
26.9.2014;2147;2158;2112;2124;5.31 K
25.9.2014;2165;2187;2138;2140;5.53 K
24.9.2014;2115;2172;2115;2168;11.97 K
23.9.2014;2138;2155;2103;2110;14.58 K
22.9.2014;2105;2140;2095;2136;12.51 K
19.9.2014;2063;2108;2061;2105;10.59 K
18.9.2014;2045;2070;2044;2065;6.68 K
17.9.2014;2008;2051;2004;2045;9.23 K
16.9.2014;2000;2023;1994;2010;8.19 K
15.9.2014;2053;2070;2035;2038;711
12.9.2014;2010;2061;2009;2044;7.53 K
11.9.2014;2025;2025;2010;2016;4.19 K
10.9.2014;2031;2037;2018;2027;1.3 K
09.9.2014;2004;2024;1994;2021;12.37 K
08.9.2014;1991;2016;1984;2008;4.75 K
05.9.2014;1998;2004;1986;1997;5.12 K
04.9.2014;2004;2006;1979;1997;4.44 K
03.9.2014;2000;2022;1985;2000;4.35 K
02.9.2014;2028;2039;2000;2002;4.3 K
01.9.2014;2060;2067;2029;2031;2.86 K
29.8.2014;2073;2097;2054;2057;4.25 K
28.8.2014;2055;2083;2045;2075;2.9 K
27.8.2014;2071;2088;2044;2054;3.6 K
26.8.2014;2075;2075;2049;2071;1.93 K
25.8.2014;2057;2057;2057;2057;1.99 K
22.8.2014;2058;2062;2042;2057;1.99 K
21.8.2014;2066;2074;2051;2052;2.84 K
20.8.2014;2054;2081;2046;2068;2.5 K
19.8.2014;2076;2079;2051;2052;2.64 K
18.8.2014;2067;2082;2062;2076;2.54 K
15.8.2014;2069;2081;2068;2075;3.62 K
14.8.2014;2046;2073;2046;2072;3.95 K
13.8.2014;2026;2050;2023;2047;4.84 K
12.8.2014;2026;2035;2023;2029;4.25 K
11.8.2014;2030;2033;2021;2026;3.42 K
08.8.2014;2028;2036;2019;2027;3.93 K
07.8.2014;2023;2028;2016;2027;8.64 K
06.8.2014;2009;2026;2009;2024;4.7 K
05.8.2014;2012;2025;1994;2007;8.35 K
04.8.2014;2014;2038;2010;2013;6.11 K
01.8.2014;2017;2028;1983;2014;8.85 K
31.7.2014;2003;2021;2003;2019;8.06 K
30.7.2014;1981;2008;1978;2004;12.89 K
29.7.2014;1965;1982;1959;1980;8.61 K
28.7.2014;1984;1988;1961;1962;6.68 K
25.7.2014;1982;1986;1976;1983;5.53 K
24.7.2014;1990;2000;1975;1986;8.68 K
23.7.2014;1955;1996;1954;1988;24.28 K
22.7.2014;1946;1959;1941;1958;8.77 K
21.7.2014;1929;1951;1922;1948;4.54 K
18.7.2014;1924;1935;1918;1930;5.77 K
17.7.2014;1911;1929;1906;1916;7.02 K
16.7.2014;1951;1958;1935;1944;3.16 K
15.7.2014;1958;1982;1948;1953;4.38 K
14.7.2014;1957;1961;1947;1960;2.94 K
11.7.2014;1945;1958;1942;1959;4.25 K
10.7.2014;1927;1950;1921;1949;4.04 K
09.7.2014;1952;1954;1920;1933;17.23 K
08.7.2014;1947;1957;1932;1952;4.84 K
07.7.2014;1947;1953;1940;1948;6.17 K
04.7.2014;1952;1959;1941;1952;1.37 K
03.7.2014;1964;1974;1951;1954;7.15 K
02.7.2014;1963;1967;1936;1957;4.26 K
01.7.2014;1978;1978;1954;1962;3.46 K
30.6.2014;1984;1992;1969;1979;9.91 K
27.6.2014;1943;1990;1942;1988;5.58 K
26.6.2014;1950;1954;1937;1942;7.4 K
25.6.2014;1944;1955;1937;1950;1.4 K
24.6.2014;1949;1951;1932;1940;4.29 K
23.6.2014;1964;1967;1947;1948;4.54 K
20.6.2014;1962;1968;1942;1965;4.11 K
19.6.2014;1969;1972;1957;1964;1.92 K
18.6.2014;1970;1975;1962;1974;3.62 K
17.6.2014;1957;1973;1957;1970;2.4 K
16.6.2014;1972;1972;1954;1960;3.32 K
13.6.2014;1957;1985;1948;1973;6.55 K
12.6.2014;1990;1995;1961;1964;10.72 K
11.6.2014;1960;1987;1947;1984;7.72 K
10.6.2014;1959;1964;1954;1961;2.72 K
09.6.2014;1951;1961;1944;1956;4.33 K
06.6.2014;1956;1964;1951;1953;5.58 K
05.6.2014;1960;1965;1946;1958;11.1 K
04.6.2014;1946;1965;1945;1961;14.35 K
03.6.2014;1942;1948;1935;1946;11.01 K
02.6.2014;1945;1951;1941;1945;8.08 K
30.5.2014;1932;1952;1931;1950;12.01 K
29.5.2014;1922;1933;1915;1932;7.81 K
28.5.2014;1913;1923;1912;1922;5.68 K
27.5.2014;1906;1921;1883;1913;10.62 K
26.5.2014;1903;1903;1903;1903;10.14 K
23.5.2014;1879;1905;1877;1903;10.14 K
22.5.2014;1863;1888;1862;1883;8.21 K
21.5.2014;1858;1872;1853;1865;8.98 K
20.5.2014;1836;1859;1834;1857;10.28 K
19.5.2014;1824;1840;1811;1839;17.4 K
16.5.2014;1815;1828;1810;1825;4.94 K
15.5.2014;1810;1830;1807;1820;5.8 K
14.5.2014;1804;1804;1790;1794;114
13.5.2014;1766;1824;1764;1812;2.18 K
12.5.2014;1770;1772;1753;1761;1.84 K
09.5.2014;1777;1786;1770;1771;10.22 K
08.5.2014;1788;1788;1757;1784;4.49 K
07.5.2014;1800;1800;1782;1788;10.46 K
06.5.2014;1810;1810;1792;1801;7.6 K
05.5.2014;1806;1806;1806;1806;14.38 K
02.5.2014;1807;1809;1801;1806;14.38 K
01.5.2014;1832;1833;1801;1808;6.74 K
30.4.2014;1835;1849;1824;1835;11.1 K
29.4.2014;1837;1844;1828;1831;6.06 K
28.4.2014;1834;1846;1829;1834;6.79 K
25.4.2014;1845;1851;1834;1837;8.97 K
24.4.2014;1864;1869;1847;1849;7.49 K
23.4.2014;1862;1871;1854;1868;9.1 K
22.4.2014;1865;1875;1858;1860;7.13 K
17.4.2014;1845;1875;1845;1872;11.24 K
16.4.2014;1858;1860;1845;1849;4.42 K
15.4.2014;1869;1875;1859;1860;3.15 K
14.4.2014;1869;1872;1865;1870;3.71 K
11.4.2014;1865;1879;1861;1876;4.3 K
10.4.2014;1865;1872;1857;1862;8.48 K
09.4.2014;1875;1886;1870;1881;5.49 K
08.4.2014;1865;1876;1852;1875;8.44 K
07.4.2014;1875;1883;1867;1869;5.95 K
04.4.2014;1853;1886;1845;1875;6.28 K
03.4.2014;1854;1859;1843;1849;3.85 K
02.4.2014;1856;1862;1841;1845;8.49 K
01.4.2014;1868;1872;1853;1856;8.71 K
31.3.2014;1879;1895;1862;1867;11.11 K
28.3.2014;1865;1898;1847;1883;10.19 K
27.3.2014;1868;1875;1862;1870;5.82 K
26.3.2014;1875;1879;1862;1875;4.93 K
25.3.2014;1868;1876;1860;1875;5.72 K
24.3.2014;1881;1893;1867;1873;6.84 K
21.3.2014;1882;1896;1874;1879;9.79 K
20.3.2014;1896;1898;1870;1882;7.29 K
19.3.2014;1896;1902;1894;1899;3.51 K
18.3.2014;1896;1901;1883;1897;4.17 K
17.3.2014;1876;1901;1868;1898;5.55 K
14.3.2014;1867;1896;1867;1888;4.36 K
13.3.2014;1845;1882;1845;1871;2.86 K
12.3.2014;1866;1868;1842;1847;8.51 K
11.3.2014;1846;1877;1845;1866;1.78 K
10.3.2014;1842;1851;1838;1849;5.61 K
07.3.2014;1826;1842;1823;1842;19.64 K
06.3.2014;1832;1836;1825;1829;6.28 K
05.3.2014;1826;1836;1819;1833;19.06 K
04.3.2014;1816;1832;1812;1828;7.32 K
03.3.2014;1836;1838;1811;1814;7.45 K
28.2.2014;1822;1858;1819;1838;8.95 K
27.2.2014;1812;1827;1805;1825;5.24 K
26.2.2014;1808;1816;1789;1814;9.39 K
25.2.2014;1836;1836;1790;1810;6.08 K
24.2.2014;1840;1853;1831;1840;3.16 K
21.2.2014;1857;1861;1835;1843;4 K
20.2.2014;1842;1866;1834;1856;10.17 K
19.2.2014;1855;1857;1828;1839;7.2 K
18.2.2014;1863;1869;1855;1858;2.25 K
17.2.2014;1858;1866;1858;1863;2.44 K
14.2.2014;1856;1867;1854;1860;4.17 K
13.2.2014;1868;1873;1851;1865;5.04 K
12.2.2014;1865;1879;1862;1871;12.88 K
11.2.2014;1861;1863;1832;1861;10.01 K
10.2.2014;1859;1874;1857;1862;8.25 K
07.2.2014;1848;1871;1846;1867;6.69 K
06.2.2014;1842;1854;1840;1847;5.21 K
05.2.2014;1844;1856;1837;1845;9.3 K
04.2.2014;1861;1865;1835;1840;6.97 K
03.2.2014;1836;1864;1836;1862;7.2 K
31.1.2014;1850;1865;1842;1844;6.89 K
30.1.2014;1841;1851;1835;1849;9.7 K
29.1.2014;1824;1846;1811;1842;8.18 K
28.1.2014;1841;1853;1828;1833;11.81 K
27.1.2014;1772;1834;1757;1830;17.89 K
24.1.2014;1770;1783;1766;1777;9.32 K
23.1.2014;1724;1774;1724;1773;16.62 K
22.1.2014;1713;1724;1697;1718;10.08 K
21.1.2014;1736;1746;1715;1717;5.36 K
20.1.2014;1731;1744;1724;1741;3.34 K
17.1.2014;1763;1764;1715;1730;15.64 K
16.1.2014;1769;1775;1761;1773;6.92 K
15.1.2014;1775;1775;1755;1765;11.1 K
14.1.2014;1737;1764;1736;1762;8.53 K
13.1.2014;1735;1746;1724;1744;6.54 K
10.1.2014;1717;1735;1717;1733;10.4 K
09.1.2014;1726;1736;1715;1716;10.03 K
08.1.2014;1714;1729;1706;1724;8.55 K
07.1.2014;1712;1724;1704;1712;7.84 K
06.1.2014;1737;1738;1703;1706;9.43 K
03.1.2014;1680;1734;1676;1730;12.9 K
02.1.2014;1720;1730;1679;1680;17.42 K
31.12.2013;1716;1734;1714;1730;4.5 K
30.12.2013;1750;1762;1715;1716;14.71 K
27.12.2013;1787;1794;1758;1760;5.64 K
24.12.2013;1798;1809;1793;1809;2.56 K
23.12.2013;1798;1807;1785;1791;4.89 K
20.12.2013;1786;1800;1781;1798;6.35 K
19.12.2013;1776;1789;1771;1780;7.21 K
18.12.2013;1782;1790;1765;1771;6.61 K
17.12.2013;1783;1799;1778;1784;7.93 K
16.12.2013;1752;1800;1747;1784;14.96 K
13.12.2013;1770;1777;1760;1767;6.43 K
12.12.2013;1719;1739;1718;1732;9.52 K
11.12.2013;1707;1722;1705;1718;618
10.12.2013;1699;1723;1692;1713;11.68 K
09.12.2013;1733;1739;1703;1702;3.03 K
06.12.2013;1719;1752;1714;1742;10 K
05.12.2013;1711;1720;1706;1716;3.22 K
04.12.2013;1741;1743;1698;1721;2.17 K
03.12.2013;1746;1746;1733;1735;2.47 K
02.12.2013;1743;1763;1738;1746;3.39 K
29.11.2013;1736;1745;1727;1736;4.26 K
28.11.2013;1722;1738;1720;1736;2.37 K
27.11.2013;1749;1750;1720;1726;1.41 K
26.11.2013;1758;1768;1734;1742;3.63 K
25.11.2013;1760;1769;1755;1766;1.83 K
22.11.2013;1770;1779;1754;1763;3.19 K
21.11.2013;1779;1784;1764;1770;3.24 K
20.11.2013;1771;1789;1770;1783;5.42 K
19.11.2013;1760;1786;1756;1775;4.64 K
18.11.2013;1732;1765;1716;1763;3.06 K
15.11.2013;1708;1741;1692;1739;3.25 K
14.11.2013;1708;1715;1698;1710;2.42 K
13.11.2013;1689;1703;1678;1703;2.55 K
12.11.2013;1655;1704;1654;1683;3.81 K
11.11.2013;1690;1692;1647;1659;6.79 K
08.11.2013;1698;1701;1690;1697;2.66 K
07.11.2013;1725;1727;1690;1702;4.75 K
06.11.2013;1721;1732;1715;1725;5.71 K
05.11.2013;1689;1731;1681;1728;8.12 K
04.11.2013;1694;1695;1677;1688;5.23 K
01.11.2013;1681;1698;1676;1695;9.87 K
31.10.2013;1684;1709;1678;1697;9.15 K
30.10.2013;1690;1690;1674;1682;7.53 K
29.10.2013;1707;1710;1679;1690;14.05 K
28.10.2013;1716;1719;1698;1701;5.85 K
25.10.2013;1706;1727;1697;1720;6.23 K
24.10.2013;1716;1724;1704;1706;7.88 K
23.10.2013;1752;1754;1721;1722;8.87 K
22.10.2013;1740;1756;1731;1753;6.32 K
21.10.2013;1733;1740;1718;1735;5.15 K
18.10.2013;1762;1765;1720;1731;9.08 K
17.10.2013;1778;1778;1763;1768;5.34 K
16.10.2013;1778;1782;1760;1775;5.49 K
15.10.2013;1755;1787;1753;1782;8.07 K
14.10.2013;1777;1780;1744;1753;8.57 K
11.10.2013;1763;1781;1762;1779;5.65 K
10.10.2013;1762;1771;1759;1767;4.64 K
09.10.2013;1761;1764;1747;1753;8.31 K
08.10.2013;1750;1765;1741;1754;8.77 K
07.10.2013;1699;1750;1698;1747;13.75 K
04.10.2013;1666;1699;1664;1694;6.9 K
03.10.2013;1691;1694;1659;1663;8.13 K
02.10.2013;1688;1693;1679;1687;3.9 K
01.10.2013;1707;1708;1685;1691;6.42 K
30.9.2013;1710;1712;1700;1707;5.93 K
27.9.2013;1705;1712;1694;1711;5.5 K
26.9.2013;1667;1702;1662;1698;8.07 K
25.9.2013;1704;1707;1670;1675;13.71 K
24.9.2013;1695;1707;1692;1700;4.86 K
23.9.2013;1699;1711;1696;1703;4.36 K
20.9.2013;1706;1709;1681;1700;6.96 K
19.9.2013;1714;1721;1693;1709;7.97 K
18.9.2013;1705;1717;1702;1712;5.13 K
17.9.2013;1726;1727;1699;1705;5.47 K
16.9.2013;1690;1729;1689;1722;9.67 K
13.9.2013;1712;1714;1699;1699;158
12.9.2013;1698;1710;1686;1709;7.67 K
11.9.2013;1712;1712;1684;1699;2.14 K
10.9.2013;1702;1706;1686;1703;2.49 K
09.9.2013;1700;1708;1695;1700;3.04 K
06.9.2013;1717;1720;1698;1714;11.86 K
05.9.2013;1661;1717;1655;1715;2.92 K
04.9.2013;1616;1658;1611;1657;2.41 K
03.9.2013;1625;1633;1615;1618;4.58 K
02.9.2013;1628;1628;1616;1622;1.39 K
30.8.2013;1640;1646;1612;1639;6.52 K
29.8.2013;1658;1661;1634;1648;2.1 K
28.8.2013;1630;1659;1629;1654;3.41 K
27.8.2013;1636;1639;1628;1629;5.14 K
23.8.2013;1628;1640;1621;1636;2.63 K
22.8.2013;1625;1637;1620;1630;2.97 K
21.8.2013;1646;1653;1609;1618;4.06 K
20.8.2013;1657;1666;1653;1654;3.08 K
19.8.2013;1637;1653;1623;1651;3.52 K
16.8.2013;1646;1653;1639;1643;2.56 K
15.8.2013;1664;1665;1639;1647;2.96 K
14.8.2013;1629;1662;1625;1652;4.81 K
13.8.2013;1655;1655;1611;1633;6.88 K
12.8.2013;1646;1669;1637;1655;3.33 K
09.8.2013;1653;1654;1633;1648;4.67 K
08.8.2013;1649;1685;1645;1655;6.77 K
07.8.2013;1614;1653;1609;1644;10.07 K
06.8.2013;1621;1621;1600;1610;4.2 K
05.8.2013;1569;1625;1565;1611;7.71 K
02.8.2013;1569;1584;1555;1566;4.91 K
01.8.2013;1578;1587;1567;1575;5 K
31.7.2013;1556;1575;1547;1572;9.61 K
30.7.2013;1538;1563;1536;1555;6.92 K
29.7.2013;1564;1575;1541;1543;7.15 K
26.7.2013;1589;1596;1575;1576;4.66 K
25.7.2013;1586;1612;1584;1591;5.28 K
24.7.2013;1592;1603;1571;1595;7.5 K
23.7.2013;1593;1607;1591;1598;6.38 K
22.7.2013;1600;1606;1581;1591;5.4 K
19.7.2013;1615;1626;1603;1609;6.58 K
18.7.2013;1592;1610;1590;1608;10.94 K
17.7.2013;1585;1600;1582;1585;11.81 K
16.7.2013;1519;1543;1518;1538;3.84 K
15.7.2013;1505;1519;1501;1515;2.09 K
12.7.2013;1524;1532;1511;1515;5.11 K
11.7.2013;1499;1522;1496;1520;17.76 K
10.7.2013;1495;1510;1490;1491;16.01 K
09.7.2013;1486;1506;1484;1502;4.35 K
08.7.2013;1503;1516;1484;1484;2.77 K
05.7.2013;1507;1525;1495;1504;1.12 K
04.7.2013;1480;1517;1479;1510;1.66 K
03.7.2013;1455;1481;1452;1476;2.04 K
02.7.2013;1432;1453;1425;1451;3.16 K
01.7.2013;1439;1439;1420;1432;3 K
28.6.2013;1434;1446;1422;1440;4.82 K
27.6.2013;1435;1441;1427;1434;3.2 K
26.6.2013;1428;1454;1421;1441;3.36 K
25.6.2013;1420;1429;1410;1428;2.4 K
24.6.2013;1420;1425;1404;1413;3 K
21.6.2013;1416;1421;1409;1420;4.38 K
20.6.2013;1437;1437;1413;1415;4.99 K
19.6.2013;1444;1449;1433;1436;3.75 K
18.6.2013;1439;1450;1437;1439;3.11 K
17.6.2013;1453;1460;1435;1440;6.4 K
14.6.2013;1502;1509;1461;1464;9.02 K
13.6.2013;1537;1537;1502;1506;8.62 K
12.6.2013;1543;1551;1539;1548;4.6 K
11.6.2013;1552;1557;1543;1551;7.54 K
10.6.2013;1554;1565;1552;1557;5.08 K
07.6.2013;1569;1570;1546;1563;4.08 K
06.6.2013;1545;1572;1545;1568;7.1 K
05.6.2013;1528;1555;1523;1552;13.5 K
04.6.2013;1507;1532;1500;1528;5.91 K
03.6.2013;1487;1512;1487;1507;5.57 K
31.5.2013;1499;1506;1490;1491;9.62 K
30.5.2013;1502;1513;1497;1500;9.52 K
29.5.2013;1503;1507;1498;1504;6.63 K
28.5.2013;1525;1533;1501;1503;7.2 K
24.5.2013;1529;1534;1520;1522;7.17 K
23.5.2013;1553;1573;1533;1537;5.56 K
22.5.2013;1567;1577;1559;1562;7.09 K
21.5.2013;1536;1572;1533;1569;7.5 K
20.5.2013;1551;1553;1536;1538;4.54 K
17.5.2013;1524;1555;1521;1549;5.65 K
16.5.2013;1557;1559;1527;1529;8.29 K
15.5.2013;1577;1601;1569;1569;1.2 K
14.5.2013;1586;1600;1575;1597;4.09 K
13.5.2013;1533;1585;1527;1580;4.46 K
10.5.2013;1544;1557;1531;1541;16.78 K
09.5.2013;1555;1574;1546;1554;3.48 K
08.5.2013;1560;1566;1540;1556;3.82 K
07.5.2013;1556;1570;1552;1563;2.91 K
03.5.2013;1566;1576;1563;1563;1.21 K
02.5.2013;1564;1578;1557;1565;2.93 K
01.5.2013;1544;1571;1532;1566;3.03 K
30.4.2013;1519;1547;1516;1544;3.65 K
29.4.2013;1532;1538;1511;1523;2.78 K
26.4.2013;1557;1561;1528;1542;3.33 K
25.4.2013;1562;1565;1535;1551;5.34 K
24.4.2013;1554;1563;1541;1551;4.5 K
23.4.2013;1556;1570;1547;1551;4.7 K
22.4.2013;1561;1563;1538;1541;3.86 K
19.4.2013;1560;1560;1546;1558;3.51 K
18.4.2013;1540;1554;1538;1546;2.64 K
17.4.2013;1534;1556;1534;1545;6.96 K
16.4.2013;1504;1540;1500;1534;11.7 K
15.4.2013;1504;1509;1497;1504;6.3 K
12.4.2013;1486;1509;1481;1504;5.64 K
11.4.2013;1482;1493;1481;1488;5.54 K
10.4.2013;1485;1487;1469;1481;4.16 K
09.4.2013;1459;1488;1459;1485;6.84 K
08.4.2013;1428;1475;1427;1473;11.37 K
05.4.2013;1438;1442;1427;1431;6.92 K
04.4.2013;1445;1460;1431;1444;9.8 K
03.4.2013;1471;1480;1442;1452;7 K
02.4.2013;1471;1480;1471;1471;9.96 K
28.3.2013;1456;1474;1452;1467;16.14 K
27.3.2013;1444;1458;1440;1452;9.03 K
26.3.2013;1435;1459;1435;1447;4.3 K
25.3.2013;1450;1461;1429;1435;3.9 K
22.3.2013;1456;1464;1443;1446;4.94 K
21.3.2013;1446;1462;1442;1455;4.6 K
20.3.2013;1419;1448;1417;1446;6.11 K
19.3.2013;1423;1423;1413;1418;5.43 K
18.3.2013;1420;1424;1409;1414;5.41 K
15.3.2013;1439;1447;1426;1427;4.23 K
14.3.2013;1469;1469;1439;1441;7.44 K
13.3.2013;1445;1458;1444;1453;1.6 K
12.3.2013;1447;1465;1447;1452;5.19 K
11.3.2013;1430;1440;1426;1440;6.88 K
08.3.2013;1391;1427;1386;1426;10.43 K
07.3.2013;1365;1387;1365;1386;13.24 K
06.3.2013;1365;1373;1357;1367;10.91 K
05.3.2013;1363;1374;1357;1365;14.81 K
04.3.2013;1381;1383;1360;1362;8.03 K
01.3.2013;1411;1415;1379;1381;6.19 K
28.2.2013;1407;1413;1397;1409;6.21 K
27.2.2013;1414;1418;1401;1411;6.75 K
26.2.2013;1431;1436;1411;1416;4.71 K
25.2.2013;1422;1440;1422;1434;4.4 K
22.2.2013;1424;1434;1418;1424;3.45 K
21.2.2013;1409;1424;1399;1419;7.03 K
20.2.2013;1402;1409;1397;1404;2.96 K
19.2.2013;1407;1409;1393;1399;3.67 K
18.2.2013;1410;1419;1399;1400;3.83 K
15.2.2013;1416;1422;1406;1409;2.69 K
14.2.2013;1415;1429;1413;1418;2.18 K
13.2.2013;1416;1427;1413;1423;3.58 K
12.2.2013;1415;1418;1403;1412;6.25 K
11.2.2013;1444;1448;1412;1415;4.36 K
08.2.2013;1459;1463;1440;1442;3.25 K
07.2.2013;1448;1472;1446;1457;3.41 K
06.2.2013;1462;1469;1443;1452;5.08 K
05.2.2013;1431;1465;1424;1464;8.12 K
04.2.2013;1438;1442;1424;1427;4.54 K
01.2.2013;1428;1441;1417;1435;6.51 K
31.1.2013;1422;1440;1415;1428;6.23 K
30.1.2013;1436;1445;1411;1420;6.04 K
29.1.2013;1426;1441;1421;1435;3.8 K
28.1.2013;1417;1429;1417;1421;4.35 K
25.1.2013;1438;1443;1413;1417;5.46 K
24.1.2013;1446;1455;1430;1438;4.84 K
23.1.2013;1447;1454;1431;1447;6.48 K
22.1.2013;1476;1485;1440;1443;12.4 K
21.1.2013;1493;1493;1475;1483;1.31 K
18.1.2013;1497;1499;1477;1482;6.21 K
17.1.2013;1465;1492;1460;1489;15 K
16.1.2013;1449;1459;1448;1455;5.47 K
15.1.2013;1438;1465;1436;1455;9.74 K
14.1.2013;1435;1465;1430;1451;11.77 K
11.1.2013;1431;1448;1429;1438;8 K
10.1.2013;1435;1444;1428;1442;3.51 K
09.1.2013;1418;1430;1414;1426;4.77 K
08.1.2013;1430;1449;1415;1421;11.18 K
07.1.2013;1420;1444;1416;1441;5.76 K
04.1.2013;1427;1433;1417;1422;6.09 K
03.1.2013;1422;1446;1420;1433;5.8 K
02.1.2013;1440;1440;1420;1429;9.02 K
31.12.2012;1440;1441;1430;1435;1.47 K
28.12.2012;1444;1448;1433;1438;5.23 K
27.12.2012;1451;1455;1439;1441;4.68 K
24.12.2012;1468;1469;1455;1460;992
21.12.2012;1467;1489;1456;1469;6.44 K
20.12.2012;1483;1485;1457;1471;13.54 K
19.12.2012;1512;1514;1481;1484;12.32 K
18.12.2012;1528;1529;1510;1511;5.8 K
17.12.2012;1538;1543;1522;1532;5.26 K
14.12.2012;1529;1550;1526;1545;6.9 K
13.12.2012;1538;1540;1516;1530;7.59 K
12.12.2012;1520;1570;1515;1533;546
11.12.2012;1595;1597;1516;1518;4.07 K
10.12.2012;1611;1614;1590;1595;8.41 K
07.12.2012;1623;1630;1607;1621;6.42 K
06.12.2012;1598;1623;1592;1620;11.94 K
05.12.2012;1596;1603;1580;1588;9.12 K
04.12.2012;1598;1618;1584;1592;5.66 K
03.12.2012;1603;1605;1580;1603;3.03 K
30.11.2012;1593;1599;1568;1593;4.25 K
29.11.2012;1588;1600;1563;1593;4.65 K
28.11.2012;1574;1583;1556;1577;2.21 K
27.11.2012;1585;1592;1556;1564;1.72 K
26.11.2012;1601;1605;1566;1586;1.89 K
23.11.2012;1576;1600;1576;1598;814
22.11.2012;1575;1597;1573;1576;1.44 K
21.11.2012;1572;1590;1565;1588;2.12 K
20.11.2012;1560;1585;1559;1579;3.15 K
19.11.2012;1560;1568;1550;1560;1.22 K
16.11.2012;1598;1598;1550;1556;4.89 K
15.11.2012;1604;1612;1590;1604;2.83 K
14.11.2012;1551;1610;1551;1597;6.18 K
13.11.2012;1538;1561;1536;1553;2.42 K
12.11.2012;1532;1548;1526;1545;3.69 K
09.11.2012;1519;1544;1518;1540;2.79 K
08.11.2012;1556;1556;1516;1519;3.78 K
07.11.2012;1587;1592;1549;1551;2.65 K
06.11.2012;1576;1592;1573;1587;2.08 K
05.11.2012;1574;1597;1571;1579;4.87 K
02.11.2012;1559;1585;1558;1582;2.59 K
01.11.2012;1546;1564;1536;1562;3.02 K
31.10.2012;1536;1558;1534;1548;3.17 K
30.10.2012;1538;1588;1532;1544;6.86 K
29.10.2012;1551;1558;1524;1534;3.29 K
26.10.2012;1557;1568;1541;1544;4.71 K
25.10.2012;1574;1574;1539;1556;3.51 K
24.10.2012;1617;1630;1557;1563;6.07 K
23.10.2012;1616;1631;1607;1630;5.56 K
22.10.2012;1600;1630;1593;1628;5.12 K
19.10.2012;1600;1617;1594;1614;7.1 K
18.10.2012;1528;1577;1520;1575;7.8 K
17.10.2012;1544;1553;1519;1527;2.8 K
16.10.2012;1534;1554;1522;1550;4.48 K
15.10.2012;1510;1522;1509;1514;4.29 K
12.10.2012;1517;1528;1511;1523;3.82 K
11.10.2012;1534;1549;1513;1518;5.92 K
10.10.2012;1555;1567;1533;1535;4.21 K
09.10.2012;1546;1578;1538;1562;6.78 K
08.10.2012;1515;1542;1515;1538;4.59 K
05.10.2012;1524;1543;1523;1525;3.01 K
04.10.2012;1561;1572;1525;1532;10.34 K
03.10.2012;1598;1599;1555;1564;9.97 K
02.10.2012;1580;1603;1560;1599;6.95 K
01.10.2012;1618;1626;1578;1580;5.45 K
28.9.2012;1624;1649;1617;1631;6.71 K
27.9.2012;1592;1605;1586;1601;6.97 K
26.9.2012;1594;1621;1586;1597;10.75 K
25.9.2012;1582;1598;1570;1598;8.34 K
24.9.2012;1623;1624;1577;1583;8.03 K
21.9.2012;1639;1639;1611;1626;7.52 K
20.9.2012;1648;1650;1630;1635;5.58 K
19.9.2012;1640;1649;1629;1642;5.31 K
18.9.2012;1642;1648;1626;1633;6.51 K
17.9.2012;1686;1700;1640;1663;6.83 K
14.9.2012;1700;1713;1682;1692;4.23 K
13.9.2012;1675;1686;1675;1677;4.24 K
12.9.2012;1671;1683;1662;1675;6.34 K
11.9.2012;1702;1704;1658;1665;5.49 K
10.9.2012;1699;1704;1671;1694;2.04 K
07.9.2012;1726;1726;1705;1704;3.1 K
06.9.2012;1696;1730;1696;1718;1.55 K
05.9.2012;1659;1705;1650;1702;2.43 K
04.9.2012;1657;1665;1635;1651;2.6 K
03.9.2012;1669;1686;1646;1652;1.97 K
31.8.2012;1699;1703;1683;1686;1.65 K
30.8.2012;1689;1689;1665;1687;1.64 K
29.8.2012;1681;1697;1670;1677;4.23 K
28.8.2012;1608;1680;1596;1677;5.39 K
24.8.2012;1576;1577;1560;1573;5.16 K
23.8.2012;1578;1590;1560;1570;1.97 K
22.8.2012;1601;1605;1569;1574;3.03 K
21.8.2012;1611;1621;1590;1602;2.42 K
20.8.2012;1644;1644;1600;1605;1.44 K
17.8.2012;1615;1649;1607;1624;1.54 K
16.8.2012;1635;1640;1606;1608;2.04 K
15.8.2012;1656;1660;1629;1638;2.38 K
14.8.2012;1633;1666;1633;1647;2.35 K
13.8.2012;1640;1672;1614;1623;3.33 K
10.8.2012;1656;1679;1656;1650;3.4 K
09.8.2012;1667;1683;1640;1666;7.41 K
08.8.2012;1673;1685;1660;1679;5.87 K
07.8.2012;1654;1673;1649;1672;4.69 K
06.8.2012;1642;1649;1631;1642;4.05 K
03.8.2012;1653;1669;1637;1648;5.3 K
02.8.2012;1651;1660;1636;1649;7.33 K
01.8.2012;1654;1660;1634;1654;8.93 K
31.7.2012;1608;1634;1599;1629;5.65 K
30.7.2012;1601;1615;1599;1609;2.95 K
27.7.2012;1586;1608;1584;1603;4.36 K
26.7.2012;1558;1595;1557;1585;5.92 K
25.7.2012;1552;1562;1533;1553;3.12 K
24.7.2012;1567;1575;1535;1540;4.05 K
23.7.2012;1536;1566;1535;1554;3.73 K
20.7.2012;1529;1554;1523;1543;3.13 K
19.7.2012;1513;1556;1510;1532;6.83 K
18.7.2012;1503;1507;1488;1501;3.2 K
17.7.2012;1505;1518;1488;1501;6.37 K
16.7.2012;1540;1550;1525;1518;399
13.7.2012;1540;1571;1539;1540;6.67 K
12.7.2012;1560;1575;1540;1540;2.31 K
11.7.2012;1601;1623;1596;1607;12.99 K
10.7.2012;1630;1640;1594;1616;8.29 K
09.7.2012;1598;1639;1584;1634;3.69 K
06.7.2012;1625;1631;1585;1604;3.84 K
05.7.2012;1644;1653;1627;1637;3.9 K
04.7.2012;1646;1651;1626;1635;3.26 K
03.7.2012;1632;1659;1623;1651;2.3 K
02.7.2012;1625;1632;1608;1627;3.45 K
29.6.2012;1590;1616;1578;1614;5.53 K
28.6.2012;1561;1591;1550;1587;2.85 K
27.6.2012;1514;1568;1513;1565;3.55 K
26.6.2012;1496;1515;1493;1509;4.17 K
25.6.2012;1502;1504;1486;1488;3.88 K
22.6.2012;1501;1521;1498;1501;2.33 K
21.6.2012;1503;1546;1499;1516;2.46 K
20.6.2012;1535;1542;1505;1508;1.85 K
19.6.2012;1532;1543;1521;1539;3.08 K
18.6.2012;1585;1585;1526;1530;4.27 K
15.6.2012;1584;1591;1573;1575;4.57 K
14.6.2012;1567;1588;1556;1580;8.31 K
13.6.2012;1565;1570;1548;1568;5.46 K
12.6.2012;1529;1566;1524;1552;6.75 K
11.6.2012;1541;1550;1525;1527;6.43 K
08.6.2012;1515;1545;1512;1530;4.85 K
07.6.2012;1530;1536;1520;1521;5.07 K
06.6.2012;1495;1524;1480;1519;11.42 K
05.6.2012;1452;1452;1452;1452;5.96 K
01.6.2012;1461;1469;1440;1452;5.96 K
31.5.2012;1464;1480;1456;1471;9.33 K
30.5.2012;1467;1469;1442;1450;8.37 K
29.5.2012;1478;1503;1472;1475;5.68 K
28.5.2012;1471;1486;1466;1481;2.14 K
25.5.2012;1482;1485;1467;1476;4.04 K
24.5.2012;1468;1484;1465;1473;6.25 K
23.5.2012;1504;1508;1480;1485;7.17 K
22.5.2012;1527;1552;1496;1511;9.33 K
21.5.2012;1550;1554;1535;1539;5.55 K
18.5.2012;1528;1554;1523;1551;4.55 K
17.5.2012;1537;1550;1525;1528;4.41 K
16.5.2012;1560;1588;1515;1550;573
15.5.2012;1520;1553;1518;1548;2.48 K
14.5.2012;1530;1538;1520;1526;9.52 K
11.5.2012;1532;1559;1527;1550;2.89 K
10.5.2012;1545;1548;1528;1545;4.88 K
09.5.2012;1525;1543;1525;1540;4.1 K
08.5.2012;1535;1548;1520;1538;2.21 K
04.5.2012;1510;1532;1503;1511;1.06 K
03.5.2012;1542;1547;1513;1517;2.21 K
02.5.2012;1520;1535;1515;1538;3.73 K
01.5.2012;1467;1530;1461;1515;1.91 K
30.4.2012;1518;1526;1441;1472;4.59 K
27.4.2012;1497;1520;1486;1515;2.92 K
26.4.2012;1484;1503;1477;1498;2.42 K
25.4.2012;1489;1514;1478;1483;1.94 K
24.4.2012;1452;1502;1450;1490;2.15 K
23.4.2012;1475;1490;1440;1444;1.3 K
20.4.2012;1434;1481;1434;1476;2.47 K
19.4.2012;1464;1471;1442;1446;5.42 K
18.4.2012;1479;1481;1454;1468;3.8 K
17.4.2012;1458;1488;1454;1478;3.25 K
16.4.2012;1446;1470;1431;1464;1.9 K
13.4.2012;1415;1460;1413;1452;3.79 K
12.4.2012;1370;1414;1360;1412;6.83 K
11.4.2012;1373;1397;1366;1381;4.32 K
10.4.2012;1416;1422;1375;1378;6.61 K
05.4.2012;1394;1437;1389;1421;10.49 K
04.4.2012;1412;1416;1375;1398;6.23 K
03.4.2012;1440;1449;1413;1419;4.31 K
02.4.2012;1470;1497;1445;1446;5.91 K
30.3.2012;1453;1478;1453;1462;6.18 K
29.3.2012;1502;1506;1455;1463;7.59 K
28.3.2012;1519;1546;1504;1513;11.94 K
27.3.2012;1517;1538;1516;1526;6.34 K
26.3.2012;1488;1516;1482;1513;4.22 K
23.3.2012;1489;1494;1466;1492;3.94 K
22.3.2012;1504;1518;1475;1479;4.81 K
21.3.2012;1523;1550;1509;1514;8.88 K
20.3.2012;1479;1532;1474;1519;5.85 K
19.3.2012;1458;1480;1448;1477;5.33 K
16.3.2012;1444;1466;1418;1461;5.81 K
15.3.2012;1466;1466;1442;1428;3.07 K
14.3.2012;1513;1533;1487;1485;6.29 K
13.3.2012;1513;1523;1494;1514;10.35 K
12.3.2012;1521;1544;1508;1513;20.32 K
09.3.2012;1498;1528;1492;1520;6.64 K
08.3.2012;1457;1515;1444;1504;6.22 K
07.3.2012;1461;1462;1448;1452;3.14 K
06.3.2012;1435;1473;1432;1450;5.58 K
05.3.2012;1459;1471;1438;1440;7.16 K
02.3.2012;1497;1497;1467;1470;3.52 K
01.3.2012;1488;1507;1460;1484;6.44 K
29.2.2012;1508;1516;1470;1479;5.39 K
28.2.2012;1552;1570;1506;1513;3.78 K
27.2.2012;1497;1535;1497;1533;2.84 K
24.2.2012;1500;1523;1496;1505;2.33 K
23.2.2012;1576;1578;1494;1510;4.19 K
22.2.2012;1550;1574;1541;1571;1.78 K
21.2.2012;1509;1550;1506;1548;3.25 K
20.2.2012;1491;1515;1487;1505;836
17.2.2012;1514;1516;1488;1494;1.41 K
16.2.2012;1533;1550;1501;1537;3.48 K
15.2.2012;1491;1556;1486;1552;5.52 K
14.2.2012;1431;1481;1418;1479;8.3 K
13.2.2012;1416;1447;1403;1438;8.96 K
10.2.2012;1435;1442;1404;1411;6.39 K
09.2.2012;1459;1470;1427;1454;7.66 K
08.2.2012;1480;1480;1461;1469;3.65 K
07.2.2012;1464;1480;1457;1472;4.12 K
06.2.2012;1516;1516;1458;1472;6.62 K
03.2.2012;1456;1525;1438;1502;6.88 K
02.2.2012;1447;1466;1442;1449;4.37 K
01.2.2012;1509;1521;1442;1443;10.04 K
31.1.2012;1495;1518;1484;1497;6.63 K
30.1.2012;1526;1532;1486;1489;6.64 K
27.1.2012;1603;1607;1543;1563;5.96 K
26.1.2012;1596;1608;1576;1591;4.82 K
25.1.2012;1588;1612;1571;1589;9.54 K
24.1.2012;1493;1587;1477;1584;11.87 K
23.1.2012;1494;1500;1473;1483;5.82 K
20.1.2012;1529;1541;1487;1489;6.11 K
19.1.2012;1520;1540;1504;1537;8.31 K
18.1.2012;1512;1514;1490;1503;4.42 K
17.1.2012;1504;1507;1470;1504;5.04 K
16.1.2012;1506;1516;1474;1481;2.93 K
13.1.2012;1496;1520;1485;1511;11.32 K
12.1.2012;1568;1576;1537;1545;10.03 K
11.1.2012;1576;1579;1479;1562;16.37 K
10.1.2012;1472;1545;1471;1544;21.11 K
09.1.2012;1337;1445;1331;1428;11.65 K
06.1.2012;1321;1353;1321;1335;7.8 K
05.1.2012;1335;1379;1330;1332;7.37 K
04.1.2012;1358;1381;1344;1345;5.3 K
03.1.2012;1405;1418;1363;1365;5.99 K
30.12.2011;1364;1385;1355;1380;5.18 K
29.12.2011;1398;1398;1362;1364;5.66 K
28.12.2011;1426;1427;1387;1390;4.08 K
23.12.2011;1405;1418;1399;1407;3.53 K
22.12.2011;1434;1440;1397;1414;7.28 K
21.12.2011;1423;1436;1394;1435;8.09 K
20.12.2011;1350;1408;1341;1400;9.19 K
19.12.2011;1359;1379;1340;1343;5.33 K
16.12.2011;1407;1407;1364;1369;9.73 K
15.12.2011;1416;1433;1385;1394;6.6 K
14.12.2011;1477;1482;1414;1423;11.02 K
13.12.2011;1360;1404;1360;1403;3.82 K
12.12.2011;1281;1383;1232;1362;15.05 K
09.12.2011;1315;1328;1279;1281;8.29 K
08.12.2011;1330;1337;1294;1317;26.24 K
07.12.2011;1362;1370;1333;1334;9.97 K
06.12.2011;1380;1387;1352;1359;3.92 K
05.12.2011;1387;1398;1379;1380;17.9 K
02.12.2011;1431;1443;1399;1402;2.53 K
01.12.2011;1443;1450;1428;1429;5.54 K
30.11.2011;1462;1465;1420;1440;5.53 K
29.11.2011;1484;1490;1449;1460;3.72 K
28.11.2011;1517;1521;1485;1488;1.9 K
25.11.2011;1518;1518;1504;1509;1.66 K
24.11.2011;1516;1523;1510;1518;1.39 K
23.11.2011;1509;1529;1508;1516;1.88 K
22.11.2011;1516;1541;1496;1510;2.69 K
21.11.2011;1533;1534;1510;1514;2.81 K
18.11.2011;1572;1572;1533;1537;1.83 K
17.11.2011;1579;1579;1558;1577;2.49 K
16.11.2011;1579;1582;1561;1578;8.05 K
15.11.2011;1575;1580;1552;1579;6.35 K
14.11.2011;1584;1599;1557;1576;2.97 K
11.11.2011;1583;1594;1565;1575;5.72 K
10.11.2011;1614;1624;1580;1583;4.97 K
09.11.2011;1650;1661;1609;1613;6.39 K
08.11.2011;1692;1693;1643;1652;7.26 K
07.11.2011;1689;1697;1673;1689;6.22 K
04.11.2011;1685;1696;1676;1677;6.39 K
03.11.2011;1652;1688;1645;1682;8.97 K
02.11.2011;1637;1660;1630;1654;6.37 K
01.11.2011;1659;1663;1626;1629;6.75 K
31.10.2011;1687;1691;1662;1673;5.45 K
28.10.2011;1712;1716;1685;1700;4.78 K
27.10.2011;1720;1726;1701;1714;6.27 K
26.10.2011;1684;1710;1682;1700;6.33 K
25.10.2011;1675;1689;1664;1674;4.88 K
24.10.2011;1657;1675;1645;1668;5.59 K
21.10.2011;1678;1682;1652;1654;3.58 K
20.10.2011;1668;1685;1666;1671;6.29 K
19.10.2011;1690;1697;1667;1687;5.58 K
18.10.2011;1673;1687;1652;1684;7.83 K
17.10.2011;1708;1713;1673;1693;5.2 K
14.10.2011;1698;1714;1682;1706;5.61 K
13.10.2011;1710;1725;1686;1687;6.45 K
12.10.2011;1692;1707;1681;1687;7.27 K
11.10.2011;1710;1715;1672;1688;6.19 K
10.10.2011;1726;1733;1705;1707;3.51 K
07.10.2011;1740;1740;1707;1717;3.77 K
06.10.2011;1730;1745;1715;1735;8.48 K
05.10.2011;1722;1734;1709;1717;4.4 K
04.10.2011;1680;1718;1674;1706;7.96 K
03.10.2011;1705;1707;1677;1687;5.8 K
30.9.2011;1746;1752;1697;1699;11.63 K
29.9.2011;1725;1747;1714;1745;5.29 K
28.9.2011;1742;1748;1715;1730;14.76 K
27.9.2011;1749;1770;1734;1759;5.82 K
26.9.2011;1725;1757;1721;1747;7.69 K
23.9.2011;1777;1779;1729;1734;7.88 K
22.9.2011;1766;1785;1745;1773;12.05 K
21.9.2011;1771;1786;1756;1781;5.38 K
20.9.2011;1769;1788;1762;1772;8.86 K
19.9.2011;1799;1802;1758;1768;14.12 K
16.9.2011;1820;1825;1805;1807;5.82 K
15.9.2011;1782;1786;1775;1782;2.88 K
14.9.2011;1812;1822;1786;1786;2.87 K
13.9.2011;1809;1821;1800;1809;7.94 K
12.9.2011;1814;1816;1800;1808;16.25 K
09.9.2011;1824;1830;1814;1815;12.3 K
08.9.2011;1840;1841;1815;1815;13.86 K
07.9.2011;1879;1888;1850;1850;2.49 K
06.9.2011;1915;1917;1868;1884;5.61 K
05.9.2011;1925;1935;1914;1916;957
02.9.2011;1936;1940;1911;1930;1.13 K
01.9.2011;1935;1944;1917;1927;1.18 K
31.8.2011;1925;1940;1923;1936;1.92 K
30.8.2011;1941;1944;1905;1928;2.37 K
26.8.2011;1900;1930;1900;1922;1.29 K
25.8.2011;1917;1928;1883;1891;1.41 K
24.8.2011;1946;1958;1913;1916;2.52 K
23.8.2011;1916;1947;1909;1944;3.71 K
22.8.2011;1877;1909;1877;1906;2.17 K
19.8.2011;1882;1883;1863;1871;2.12 K
18.8.2011;1891;1891;1848;1874;1.46 K
17.8.2011;1880;1901;1872;1895;2.92 K
16.8.2011;1830;1887;1830;1880;2.85 K
15.8.2011;1850;1862;1832;1837;1.51 K
12.8.2011;1835;1850;1833;1838;1.66 K
11.8.2011;1840;1844;1825;1834;4.43 K
10.8.2011;1856;1879;1837;1841;7.75 K
09.8.2011;1854;1868;1845;1865;4.64 K
08.8.2011;1838;1858;1823;1850;5.55 K
05.8.2011;1825;1901;1822;1852;10.14 K
04.8.2011;1840;1855;1831;1833;4.41 K
03.8.2011;1853;1859;1835;1836;5.5 K
02.8.2011;1847;1863;1847;1854;4.18 K
01.8.2011;1851;1863;1844;1857;2.88 K
29.7.2011;1867;1873;1845;1852;5.75 K
28.7.2011;1893;1903;1860;1862;3.79 K
27.7.2011;1865;1904;1864;1890;5.47 K
26.7.2011;1860;1879;1856;1873;6.05 K
25.7.2011;1897;1907;1867;1870;6.78 K
22.7.2011;1957;1960;1896;1901;7.49 K
21.7.2011;1970;1986;1960;1970;3.98 K
20.7.2011;2001;2014;1985;1990;7.74 K
19.7.2011;1992;2009;1972;1994;4 K
18.7.2011;1975;2020;1970;2001;3.57 K
15.7.2011;1967;2008;1960;1992;9.49 K
14.7.2011;1950;1970;1921;1948;5.83 K
13.7.2011;1922;1961;1911;1950;2.18 K
12.7.2011;1914;1917;1885;1909;13.13 K
11.7.2011;1906;1928;1903;1905;9.97 K
08.7.2011;1987;2008;1920;1926;3.94 K
07.7.2011;1961;1985;1941;1984;11.91 K
06.7.2011;2000;2018;1976;1981;1.1 K
05.7.2011;1970;2002;1966;2000;1.81 K
04.7.2011;1971;1984;1951;1980;2.02 K
01.7.2011;1954;1964;1939;1963;7.36 K
30.6.2011;1941;1960;1935;1954;8.35 K
29.6.2011;1918;1939;1905;1935;2.73 K
28.6.2011;1903;1911;1885;1899;1.6 K
27.6.2011;1884;1905;1877;1899;1.95 K
24.6.2011;1888;1908;1867;1869;1.6 K
23.6.2011;1889;1920;1859;1879;2.18 K
22.6.2011;1880;1888;1858;1884;5.07 K
21.6.2011;1850;1890;1850;1867;3.34 K
20.6.2011;1818;1850;1800;1848;2.32 K
17.6.2011;1790;1827;1790;1822;999
16.6.2011;1831;1831;1793;1800;2.81 K
15.6.2011;1852;1866;1834;1837;9.48 K
14.6.2011;1826;1870;1826;1849;9.54 K
13.6.2011;1849;1859;1834;1838;3.03 K
10.6.2011;1850;1861;1841;1848;3.85 K
09.6.2011;1813;1839;1813;1830;4.95 K
08.6.2011;1782;1810;1782;1807;4.4 K
07.6.2011;1769;1808;1768;1781;4.67 K
06.6.2011;1767;1794;1765;1772;4.73 K
03.6.2011;1795;1797;1770;1779;5.29 K
02.6.2011;1814;1824;1795;1796;4.11 K
01.6.2011;1837;1844;1809;1814;6.57 K
31.5.2011;1816;1846;1810;1840;7.58 K
30.5.2011;1813;1813;1813;1813;4.27 K
27.5.2011;1853;1860;1805;1813;4.27 K
26.5.2011;1848;1883;1833;1849;13.87 K
25.5.2011;1790;1855;1783;1841;6.34 K
24.5.2011;1790;1811;1784;1791;7.16 K
23.5.2011;1810;1815;1790;1792;7.68 K
20.5.2011;1859;1861;1814;1816;7.36 K
19.5.2011;1860;1875;1851;1865;4 K
18.5.2011;1863;1873;1854;1865;5.67 K
17.5.2011;1869;1874;1846;1855;6.03 K
16.5.2011;1869;1888;1862;1869;4.55 K
13.5.2011;1850;1859;1840;1857;269
12.5.2011;1894;1895;1822;1845;18 K
11.5.2011;1889;1904;1858;1883;3.47 K
10.5.2011;1872;1888;1855;1879;10.79 K
09.5.2011;1866;1899;1852;1867;3.33 K
06.5.2011;1867;1872;1840;1866;3.31 K
05.5.2011;1913;1916;1860;1870;3.79 K
04.5.2011;1980;1997;1932;1937;1.35 K
03.5.2011;1960;1978;1942;1971;3.04 K
29.4.2011;1975;1975;1975;1975;3.21 K
28.4.2011;1918;1975;1903;1975;3.21 K
27.4.2011;1905;1925;1882;1916;1.34 K
26.4.2011;1873;1903;1865;1899;2.8 K
21.4.2011;1905;1916;1871;1874;2.85 K
20.4.2011;1929;1936;1910;1912;1.36 K
19.4.2011;1915;1936;1911;1924;1.07 K
18.4.2011;1973;1991;1924;1927;2.43 K
15.4.2011;1964;1984;1960;1972;1.5 K
14.4.2011;1950;1981;1932;1963;1.05 K
13.4.2011;1944;1967;1935;1948;2.21 K
12.4.2011;1915;1943;1902;1938;4.46 K
11.4.2011;1890;1953;1890;1914;4.92 K
08.4.2011;1913;1929;1883;1898;5.24 K
07.4.2011;1926;1944;1911;1921;3.27 K
06.4.2011;1921;1948;1903;1928;5.05 K
05.4.2011;1900;1922;1888;1912;7.8 K
04.4.2011;1964;1989;1943;1956;4.45 K
01.4.2011;1921;1963;1891;1947;6.58 K
31.3.2011;1935;1942;1907;1915;11.63 K
30.3.2011;1971;2006;1940;1944;11.38 K
29.3.2011;2110;2114;1994;1997;10.08 K
28.3.2011;2102;2134;2101;2124;3.66 K
25.3.2011;2079;2136;2069;2111;4.12 K
24.3.2011;2074;2084;2044;2074;4.9 K
23.3.2011;2089;2118;2076;2089;4.17 K
22.3.2011;2048;2092;2036;2089;6.56 K
21.3.2011;1996;2069;1988;2050;11.38 K
18.3.2011;2138;2142;1999;2003;12.37 K
17.3.2011;2093;2139;2075;2126;7.3 K
16.3.2011;2099;2139;2099;2110;291
15.3.2011;2160;2160;2094;2119;2.36 K
14.3.2011;2242;2257;2176;2170;5.78 K
11.3.2011;2207;2218;2187;2216;17.31 K
10.3.2011;2231;2240;2147;2239;6.61 K
09.3.2011;2300;2301;2247;2254;2.89 K
08.3.2011;2369;2390;2315;2320;6.73 K
07.3.2011;2347;2367;2298;2350;978
04.3.2011;2430;2433;2349;2353;11.18 K
03.3.2011;2363;2413;2363;2405;7.01 K
02.3.2011;2338;2355;2300;2354;2.15 K
01.3.2011;2395;2401;2330;2337;3.19 K
28.2.2011;2379;2406;2369;2392;3.58 K
25.2.2011;2365;2390;2357;2378;2.34 K
24.2.2011;2373;2387;2340;2361;2.54 K
23.2.2011;2369;2377;2330;2374;1.94 K
22.2.2011;2318;2378;2318;2362;3.03 K
21.2.2011;2280;2318;2278;2301;1.73 K
18.2.2011;2248;2296;2239;2280;2.47 K
17.2.2011;2245;2261;2230;2244;3.45 K
16.2.2011;2219;2256;2201;2253;2.93 K
15.2.2011;2240;2247;2194;2208;3.15 K
14.2.2011;2240;2256;2232;2239;3.25 K
11.2.2011;2190;2225;2189;2223;3.63 K
10.2.2011;2169;2219;2150;2193;3.41 K
09.2.2011;2125;2159;2120;2147;3.26 K
08.2.2011;2110;2139;2093;2134;5.89 K
07.2.2011;2135;2142;2092;2109;4.68 K
04.2.2011;2176;2183;2128;2139;7.27 K
03.2.2011;2199;2213;2177;2191;4.55 K
02.2.2011;2173;2189;2169;2187;4.3 K
01.2.2011;2193;2197;2141;2160;4.66 K
31.1.2011;2160;2190;2156;2185;3.76 K
28.1.2011;2191;2210;2156;2164;5.48 K
27.1.2011;2225;2249;2195;2200;5.57 K
26.1.2011;2237;2254;2187;2214;5.94 K
25.1.2011;2214;2231;2187;2227;8.37 K
24.1.2011;2290;2307;2170;2190;10.43 K
21.1.2011;2150;2170;2135;2148;12.07 K
20.1.2011;2059;2130;2058;2128;11.14 K
19.1.2011;2005;2060;2003;2055;7.88 K
18.1.2011;2011;2023;1995;2010;5.65 K
17.1.2011;2006;2023;1976;2005;2.97 K
14.1.2011;1970;2011;1954;2006;8.51 K
13.1.2011;1970;1973;1943;1964;5.36 K
12.1.2011;1978;2000;1975;1980;5.83 K
11.1.2011;1935;1973;1932;1970;12.25 K
10.1.2011;1921;1941;1907;1940;5.57 K
07.1.2011;1924;1948;1922;1928;3.94 K
06.1.2011;1933;1954;1922;1924;10.08 K
05.1.2011;1958;1962;1914;1934;12.28 K
04.1.2011;2026;2036;1950;1962;9.77 K
31.12.2010;2030;2044;2001;2017;5.33 K
30.12.2010;2039;2049;2018;2023;1.98 K
29.12.2010;2048;2057;2007;2053;7.72 K
24.12.2010;2042;2050;2014;2036;2.4 K
23.12.2010;2020;2055;2015;2040;10.06 K
22.12.2010;2010;2010;1990;2009;4.83 K
21.12.2010;2003;2018;1985;2008;5.8 K
20.12.2010;1996;2028;1965;1987;8.13 K
17.12.2010;2004;2012;1963;1983;5.78 K
16.12.2010;2010;2035;2003;2006;19.19 K
15.12.2010;1957;1999;1943;1998;6.23 K
14.12.2010;1906;1913;1897;1908;18.25 K
13.12.2010;1893;1923;1884;1900;7.39 K
10.12.2010;1987;1987;1895;1899;7.31 K
09.12.2010;2026;2026;1989;1990;10.96 K
08.12.2010;2025;2035;2006;2008;7.29 K
07.12.2010;2065;2083;2026;2038;2.86 K
06.12.2010;1943;2039;1942;2041;2.05 K
03.12.2010;1927;1964;1918;1954;1.79 K
02.12.2010;1862;1944;1849;1910;4.39 K
01.12.2010;1900;1900;1845;1847;2.67 K
30.11.2010;1855;1906;1848;1892;3.69 K
29.11.2010;1880;1886;1853;1853;1.27 K
26.11.2010;1852;1875;1845;1870;1.92 K
25.11.2010;1855;1857;1845;1847;3.01 K
24.11.2010;1879;1882;1857;1860;1.83 K
23.11.2010;1876;1893;1868;1868;9.68 K
22.11.2010;1885;1905;1877;1878;3.55 K
19.11.2010;1925;1938;1878;1881;4.28 K
18.11.2010;1882;1939;1879;1935;6.3 K
17.11.2010;1837;1878;1833;1870;2.98 K
16.11.2010;1829;1845;1825;1840;4.09 K
15.11.2010;1800;1841;1790;1837;3.47 K
12.11.2010;1829;1838;1798;1800;4.23 K
11.11.2010;1849;1860;1834;1846;2.32 K
10.11.2010;1871;1874;1843;1847;2.95 K
09.11.2010;1842;1875;1829;1873;8.78 K
08.11.2010;1785;1832;1770;1829;5.18 K
05.11.2010;1815;1818;1775;1786;3.88 K
04.11.2010;1830;1844;1816;1818;7.11 K
03.11.2010;1860;1864;1826;1827;4.33 K
02.11.2010;1854;1872;1845;1870;4.23 K
01.11.2010;1847;1863;1838;1842;3.06 K
29.10.2010;1869;1879;1851;1856;6.74 K
28.10.2010;1916;1925;1872;1872;4.1 K
27.10.2010;1923;1959;1913;1917;5.41 K
26.10.2010;1954;1958;1911;1920;6.84 K
25.10.2010;1933;1964;1931;1963;8.07 K
22.10.2010;1906;1934;1904;1925;3.98 K
21.10.2010;1847;1919;1840;1902;4.64 K
20.10.2010;1850;1868;1841;1860;2.74 K
19.10.2010;1861;1871;1839;1853;3.7 K
18.10.2010;1850;1884;1848;1859;5.4 K
15.10.2010;1895;1902;1847;1850;4.46 K
14.10.2010;1881;1905;1870;1902;5.21 K
13.10.2010;1913;1940;1913;1914;4.37 K
12.10.2010;1906;1927;1888;1914;4.63 K
11.10.2010;1878;1905;1860;1905;4.67 K
08.10.2010;1845;1874;1828;1870;5.03 K
07.10.2010;1856;1871;1839;1840;3.88 K
06.10.2010;1840;1857;1832;1848;6 K
05.10.2010;1852;1856;1825;1828;7.11 K
04.10.2010;1865;1872;1846;1847;7.14 K
01.10.2010;1921;1938;1866;1868;6.5 K
30.9.2010;1927;1936;1880;1910;7.86 K
29.9.2010;1893;1929;1889;1924;3.54 K
28.9.2010;1900;1903;1884;1893;4.36 K
27.9.2010;1894;1908;1881;1900;4.22 K
24.9.2010;1885;1905;1875;1883;2.92 K
23.9.2010;1888;1897;1872;1879;3.01 K
22.9.2010;1905;1932;1881;1886;5.13 K
21.9.2010;1865;1918;1851;1905;6.69 K
20.9.2010;1890;1893;1862;1865;5.38 K
17.9.2010;1901;1920;1873;1884;5.72 K
16.9.2010;1873;1910;1861;1884;8.99 K
15.9.2010;1849;1851;1809;1816;8.41 K
14.9.2010;1804;1854;1800;1843;27.45 K
13.9.2010;1828;1837;1793;1815;11.23 K
10.9.2010;1867;1867;1834;1839;1.19 K
09.9.2010;1895;1900;1860;1872;2.29 K
08.9.2010;1922;1922;1864;1890;23.13 K
07.9.2010;1962;1962;1922;1925;2.9 K
06.9.2010;1970;1970;1941;1963;5.13 K
03.9.2010;1941;1970;1938;1953;764
02.9.2010;1929;1948;1915;1943;2.19 K
01.9.2010;1946;1960;1901;1926;4.4 K
31.8.2010;1980;1981;1919;1951;6.17 K
27.8.2010;2017;2033;1981;1981;3.96 K
26.8.2010;2054;2054;2012;2023;1.8 K
25.8.2010;2085;2089;2039;2053;996
24.8.2010;2092;2096;2072;2093;1.98 K
23.8.2010;2059;2098;2055;2090;3.06 K
20.8.2010;2064;2073;2037;2061;3.04 K
19.8.2010;2075;2085;2063;2066;1.94 K
18.8.2010;2080;2094;2068;2072;2.29 K
17.8.2010;2108;2119;2073;2077;1.91 K
16.8.2010;2106;2113;2073;2104;1.72 K
13.8.2010;2120;2128;2109;2109;1.95 K
12.8.2010;2103;2142;2093;2127;2.77 K
11.8.2010;2123;2132;2100;2106;3.42 K
10.8.2010;2170;2170;2115;2123;4.37 K
09.8.2010;2175;2193;2148;2185;5.33 K
06.8.2010;2293;2297;2179;2193;9.37 K
05.8.2010;2292;2323;2290;2292;3.35 K
04.8.2010;2270;2325;2270;2294;3.72 K
03.8.2010;2250;2273;2243;2259;2.76 K
02.8.2010;2277;2281;2243;2257;4.26 K
30.7.2010;2285;2309;2273;2273;23.16 K
29.7.2010;2274;2289;2250;2286;15.81 K
28.7.2010;2283;2298;2261;2271;3.94 K
27.7.2010;2285;2298;2240;2280;5.32 K
26.7.2010;2294;2314;2274;2279;2.7 K
23.7.2010;2270;2305;2254;2297;4.58 K
22.7.2010;2283;2300;2251;2273;5.55 K
21.7.2010;2320;2335;2280;2286;5.76 K
20.7.2010;2350;2386;2314;2319;7.92 K
19.7.2010;2433;2465;2326;2345;9.39 K
16.7.2010;2425;2470;2424;2445;4.05 K
15.7.2010;2714;2732;2665;2713;1.98 K
14.7.2010;2622;2725;2622;2713;3.05 K
13.7.2010;2625;2650;2520;2601;4.11 K
12.7.2010;2609;2630;2597;2621;18.3 K
09.7.2010;2612;2618;2568;2613;1.3 K
08.7.2010;2631;2637;2589;2601;13.51 K
07.7.2010;2580;2632;2565;2618;3.95 K
06.7.2010;2557;2615;2550;2594;2.68 K
05.7.2010;2556;2556;2516;2557;2.36 K
02.7.2010;2595;2610;2542;2555;2.28 K
01.7.2010;2503;2625;2495;2597;3.12 K
30.6.2010;2540;2559;2495;2503;26.33 K
29.6.2010;2564;2590;2529;2540;2.56 K
28.6.2010;2554;2577;2548;2574;2.07 K
25.6.2010;2541;2559;2517;2554;2.87 K
24.6.2010;2500;2548;2493;2541;2.46 K
23.6.2010;2511;2518;2486;2500;1.86 K
22.6.2010;2465;2520;2460;2516;2 K
21.6.2010;2453;2479;2445;2465;2.38 K
18.6.2010;2420;2465;2420;2456;1.46 K
17.6.2010;2434;2434;2410;2418;3.81 K
16.6.2010;2460;2464;2419;2430;3.9 K
15.6.2010;2492;2493;2460;2464;2.06 K
14.6.2010;2468;2510;2464;2485;2.85 K
11.6.2010;2491;2517;2452;2458;4.92 K
10.6.2010;2554;2584;2493;2496;5.97 K
09.6.2010;2585;2608;2540;2560;3.83 K
08.6.2010;2531;2597;2524;2594;3.1 K
07.6.2010;2555;2598;2528;2534;4.23 K
04.6.2010;2565;2606;2553;2559;7.11 K
03.6.2010;2520;2558;2513;2550;4.24 K
02.6.2010;2441;2523;2440;2520;6.65 K
01.6.2010;2409;2446;2390;2444;3.76 K
28.5.2010;2432;2445;2396;2420;6.71 K
27.5.2010;2436;2451;2418;2434;6.11 K
26.5.2010;2397;2437;2388;2432;5.07 K
25.5.2010;2339;2401;2330;2398;5.46 K
24.5.2010;2304;2347;2292;2339;5.38 K
21.5.2010;2276;2328;2269;2315;4.86 K
20.5.2010;2265;2292;2258;2279;4.67 K
19.5.2010;2254;2275;2244;2269;5.5 K
18.5.2010;2232;2267;2217;2261;6.88 K
17.5.2010;2209;2233;2185;2230;10.5 K
14.5.2010;2250;2253;2212;2218;7.47 K
13.5.2010;2253;2264;2250;2259;93
12.5.2010;2248;2276;2232;2265;18.99 K
11.5.2010;2322;2324;2248;2252;23.97 K
10.5.2010;2332;2350;2323;2331;1.35 K
07.5.2010;2390;2410;2329;2329;4.25 K
06.5.2010;2372;2404;2372;2404;2.61 K
05.5.2010;2358;2369;2349;2368;680
04.5.2010;2385;2397;2342;2359;2.53 K
30.4.2010;2360;2370;2355;2370;2.91 K
29.4.2010;2347;2367;2345;2364;2.69 K
28.4.2010;2345;2360;2334;2348;2.75 K
27.4.2010;2329;2361;2327;2344;5.53 K
26.4.2010;2314;2334;2295;2328;4.46 K
23.4.2010;2264;2320;2263;2305;5.37 K
22.4.2010;2240;2268;2223;2264;5.07 K
21.4.2010;2219;2241;2206;2239;3.14 K
20.4.2010;2167;2217;2163;2212;2.35 K
19.4.2010;2171;2181;2143;2171;1.88 K
16.4.2010;2142;2181;2130;2180;2.91 K
15.4.2010;2118;2127;2106;2125;3.48 K
14.4.2010;2125;2132;2107;2116;2.19 K
13.4.2010;2149;2153;2100;2121;3.79 K
12.4.2010;2134;2165;2125;2152;3.27 K
09.4.2010;2148;2149;2126;2131;3.93 K
08.4.2010;2151;2159;2131;2141;4.85 K
07.4.2010;2171;2185;2144;2148;6.25 K
06.4.2010;2251;2268;2180;2188;8.4 K
01.4.2010;2251;2273;2242;2251;2.99 K
31.3.2010;2263;2268;2231;2255;5.71 K
30.3.2010;2252;2268;2243;2262;3.7 K
29.3.2010;2217;2251;2217;2246;3.71 K
26.3.2010;2194;2227;2181;2216;3.98 K
25.3.2010;2202;2209;2170;2198;6.22 K
24.3.2010;2208;2215;2172;2201;3.55 K
23.3.2010;2219;2238;2207;2218;4.8 K
22.3.2010;2192;2212;2155;2211;3.35 K
19.3.2010;2215;2229;2178;2198;4.94 K
18.3.2010;2211;2243;2192;2213;5.99 K
17.3.2010;2195;2209;2181;2205;3.17 K
16.3.2010;2169;2172;2120;2155;311
15.3.2010;2199;2210;2172;2175;9.81 K
12.3.2010;2165;2211;2163;2203;11.33 K
11.3.2010;2179;2187;2165;2171;10.22 K
10.3.2010;2122;2185;2108;2178;9.16 K
09.3.2010;2140;2144;2114;2127;2.7 K
08.3.2010;2151;2155;2139;2144;430
05.3.2010;2140;2172;2136;2156;942
04.3.2010;2125;2157;2120;2142;2 K
03.3.2010;2120;2127;2096;2125;1.14 K
02.3.2010;2160;2163;2120;2133;1.65 K
01.3.2010;2182;2190;2148;2155;1.95 K
26.2.2010;2177;2199;2174;2181;2.48 K
25.2.2010;2184;2184;2154;2174;1.47 K
24.2.2010;2180;2185;2146;2184;3.66 K
23.2.2010;2260;2272;2171;2177;4.04 K
22.2.2010;2265;2289;2241;2260;2.48 K
19.2.2010;2255;2265;2248;2263;3.95 K
18.2.2010;2257;2277;2246;2250;4.67 K
17.2.2010;2280;2301;2228;2257;6.93 K
16.2.2010;2304;2312;2292;2299;4.82 K
15.2.2010;2294;2322;2294;2298;3.12 K
12.2.2010;2295;2312;2261;2286;3.47 K
11.2.2010;2247;2309;2245;2285;4.36 K
10.2.2010;2233;2250;2219;2246;3.36 K
09.2.2010;2231;2249;2227;2238;4.38 K
08.2.2010;2206;2239;2186;2237;7.17 K
05.2.2010;2236;2255;2199;2205;5.68 K
04.2.2010;2243;2259;2230;2250;3.99 K
03.2.2010;2212;2245;2194;2243;8.4 K
02.2.2010;2227;2230;2157;2213;15.67 K
01.2.2010;2230;2249;2221;2225;5.06 K
29.1.2010;2241;2264;2222;2233;7.53 K
28.1.2010;2236;2271;2208;2245;10.9 K
27.1.2010;2305;2312;2204;2246;15.58 K
26.1.2010;2323;2337;2292;2309;7.18 K
25.1.2010;2323;2340;2318;2324;3.53 K
22.1.2010;2321;2344;2305;2340;4.81 K
21.1.2010;2313;2350;2312;2327;6.25 K
20.1.2010;2310;2324;2299;2303;8.57 K
19.1.2010;2295;2320;2286;2318;5.45 K
18.1.2010;2287;2301;2285;2290;2.93 K
15.1.2010;2301;2312;2285;2305;4.39 K
14.1.2010;2293;2302;2284;2297;5.95 K
13.1.2010;2263;2294;2257;2288;4.53 K
12.1.2010;2280;2286;2267;2278;3.44 K
11.1.2010;2263;2280;2258;2277;4.07 K
08.1.2010;2273;2285;2263;2270;5.5 K
07.1.2010;2257;2290;2249;2284;5.25 K
06.1.2010;2257;2265;2250;2261;3.91 K
05.1.2010;2234;2284;2225;2275;7.43 K
04.1.2010;2237;2246;2205;2222;4.55 K
31.12.2009;2225;2250;2210;2250;2.25 K
30.12.2009;2231;2242;2222;2226;2.65 K
29.12.2009;2235;2240;2217;2234;2.99 K
24.12.2009;2233;2245;2233;2242;752
23.12.2009;2239;2242;2228;2231;2.03 K
22.12.2009;2227;2241;2214;2239;3.94 K
21.12.2009;2224;2255;2212;2213;6.33 K
18.12.2009;2298;2298;2214;2217;10.31 K
17.12.2009;2309;2337;2286;2304;6.98 K
16.12.2009;2271;2314;2257;2309;10.74 K
15.12.2009;2266;2273;2246;2257;7.85 K
14.12.2009;2214;2215;2185;2207;4.17 K
11.12.2009;2210;2223;2208;2211;4.74 K
10.12.2009;2200;2217;2196;2214;17.56 K
09.12.2009;2190;2210;2176;2204;8.33 K
08.12.2009;2190;2190;2175;2190;3.1 K
07.12.2009;2184;2197;2163;2191;2.79 K
04.12.2009;2195;2204;2176;2183;2.04 K
03.12.2009;2154;2190;2154;2189;2.16 K
02.12.2009;2167;2174;2142;2145;1.05 K
01.12.2009;2140;2169;2138;2167;3.67 K
30.11.2009;2159;2184;2136;2140;7.57 K
27.11.2009;2143;2158;2113;2154;2.15 K
26.11.2009;2148;2183;2148;2158;2.97 K
25.11.2009;2129;2156;2125;2148;1.49 K
24.11.2009;2142;2147;2117;2121;2.62 K
23.11.2009;2140;2154;2130;2144;2.72 K
20.11.2009;2070;2166;2069;2145;5.88 K
19.11.2009;2076;2079;2055;2061;3.11 K
18.11.2009;2027;2082;2014;2078;2.45 K
17.11.2009;2012;2020;1996;2013;2.35 K
16.11.2009;2035;2035;2012;2018;1.31 K
13.11.2009;2040;2041;2012;2019;7.44 K
12.11.2009;2084;2089;2040;2043;3.48 K
11.11.2009;2026;2095;2023;2089;7.36 K
10.11.2009;2060;2067;1995;2026;7.79 K
09.11.2009;2101;2103;2061;2064;3.99 K
06.11.2009;2106;2126;2097;2099;5.44 K
05.11.2009;2139;2145;2105;2108;4.01 K
04.11.2009;2145;2156;2130;2150;3.46 K
03.11.2009;2104;2159;2103;2140;3.9 K
02.11.2009;2132;2144;2101;2109;5.08 K
30.10.2009;2143;2146;2122;2127;4.58 K
29.10.2009;2142;2158;2122;2147;3.15 K
28.10.2009;2159;2168;2122;2153;6.11 K
27.10.2009;2167;2185;2159;2172;3.57 K
26.10.2009;2179;2192;2127;2175;6.98 K
23.10.2009;2160;2193;2157;2174;5.69 K
22.10.2009;2130;2161;2126;2159;4.14 K
21.10.2009;2137;2154;2127;2149;3.62 K
20.10.2009;2126;2149;2125;2143;6.77 K
19.10.2009;2113;2139;2103;2126;4.33 K
16.10.2009;2108;2125;2087;2119;4.26 K
15.10.2009;2090;2136;2084;2127;4.84 K
14.10.2009;2079;2104;2066;2095;4.23 K
13.10.2009;2079;2118;2065;2070;3.84 K
12.10.2009;2113;2118;2050;2064;5.8 K
09.10.2009;2140;2185;2124;2127;5.98 K
08.10.2009;2135;2146;2122;2125;4.34 K
07.10.2009;2127;2147;2120;2133;3.98 K
06.10.2009;2126;2134;2087;2120;7.74 K
05.10.2009;1980;2135;1973;2133;10.58 K
02.10.2009;2044;2048;1978;1988;13.66 K
01.10.2009;2083;2090;2046;2053;7.55 K
30.9.2009;2038;2090;2032;2085;6.64 K
29.9.2009;2048;2061;2015;2036;13.18 K
28.9.2009;2048;2066;2029;2049;2.88 K
25.9.2009;2008;2060;2007;2035;3.91 K
24.9.2009;2014;2040;2005;2015;6.32 K
23.9.2009;2041;2063;2025;2027;4.45 K
22.9.2009;2008;2040;2001;2035;6.31 K
21.9.2009;2032;2037;1979;2003;4.81 K
18.9.2009;1977;2025;1967;2018;8.99 K
17.9.2009;1989;1999;1973;1977;5.44 K
16.9.2009;1998;2011;1887;1982;18.07 K
15.9.2009;1928;1951;1927;1948;16.56 K
14.9.2009;1910;1930;1895;1927;7.56 K
11.9.2009;1922;1936;1900;1918;5.11 K
10.9.2009;1899;1926;1894;1917;14.5 K
09.9.2009;1862;1904;1862;1899;1.69 K
08.9.2009;1835;1865;1835;1857;4.59 K
07.9.2009;1860;1862;1828;1831;1.71 K
04.9.2009;1880;1882;1859;1860;8.12 K
03.9.2009;1890;1901;1861;1862;1.12 K
02.9.2009;1831;1890;1831;1890;905
01.9.2009;1810;1839;1809;1824;1.09 K
28.8.2009;1840;1841;1792;1806;1.19 K
27.8.2009;1903;1905;1790;1820;1.18 K
26.8.2009;1905;1905;1880;1884;725
25.8.2009;1879;1908;1879;1902;1.63 K
24.8.2009;1882;1884;1862;1866;1.31 K
21.8.2009;1819;1885;1819;1872;4.34 K
20.8.2009;1814;1835;1799;1833;2.13 K
19.8.2009;1713;1820;1712;1811;2.04 K
18.8.2009;1744;1753;1710;1722;2.06 K
17.8.2009;1781;1789;1737;1739;1.93 K
14.8.2009;1825;1836;1783;1785;2.09 K
13.8.2009;1808;1842;1803;1830;2.8 K
12.8.2009;1782;1816;1777;1810;2.23 K
11.8.2009;1810;1830;1781;1790;3.75 K
10.8.2009;1781;1826;1758;1823;4.72 K
07.8.2009;1745;1779;1741;1775;2.24 K
06.8.2009;1765;1770;1744;1745;2.74 K
05.8.2009;1795;1804;1753;1757;3.54 K
04.8.2009;1794;1820;1793;1810;2.4 K
03.8.2009;1814;1821;1777;1811;2.08 K
31.7.2009;1825;1830;1804;1810;2.88 K
30.7.2009;1776;1840;1775;1831;3.47 K
29.7.2009;1830;1845;1776;1778;4.86 K
28.7.2009;1806;1853;1804;1824;3.36 K
27.7.2009;1856;1859;1807;1808;2.56 K
24.7.2009;1812;1845;1800;1841;2.53 K
23.7.2009;1763;1832;1753;1819;3.71 K
22.7.2009;1823;1823;1740;1748;7.08 K
21.7.2009;1802;1828;1800;1824;2.88 K
20.7.2009;1778;1831;1774;1808;6.83 K
17.7.2009;1729;1773;1729;1773;17.48 K
16.7.2009;1684;1692;1655;1665;35.73 K
15.7.2009;1729;1734;1689;1692;7.51 K
14.7.2009;1708;1730;1699;1729;4.73 K
13.7.2009;1700;1702;1688;1694;4.19 K
10.7.2009;1680;1695;1668;1678;2.65 K
09.7.2009;1609;1685;1605;1671;4.21 K
08.7.2009;1583;1636;1583;1634;4.49 K
07.7.2009;1578;1612;1577;1580;913
06.7.2009;1563;1578;1554;1576;1 K
03.7.2009;1569;1575;1562;1567;756
02.7.2009;1567;1575;1564;1572;1.83 K
01.7.2009;1581;1599;1570;1570;925
30.6.2009;1582;1611;1554;1581;2.98 K
29.6.2009;1620;1635;1574;1591;2.48 K
26.6.2009;1622;1623;1559;1605;2.23 K
25.6.2009;1562;1628;1545;1622;2.53 K
24.6.2009;1575;1600;1561;1562;3.46 K
23.6.2009;1562;1578;1558;1570;1.28 K
22.6.2009;1563;1573;1550;1556;2.34 K
19.6.2009;1621;1627;1566;1570;5.17 K
18.6.2009;1626;1645;1612;1619;2.18 K
17.6.2009;1658;1658;1615;1617;3 K
16.6.2009;1691;1691;1665;1670;1.97 K
15.6.2009;1728;1730;1661;1680;2.72 K
12.6.2009;1767;1777;1740;1750;2.64 K
11.6.2009;1778;1785;1759;1774;4.42 K
10.6.2009;1789;1798;1753;1779;4.57 K
09.6.2009;1767;1790;1760;1780;1.5 K
08.6.2009;1760;1786;1751;1764;3.44 K
05.6.2009;1753;1793;1744;1764;3.81 K
04.6.2009;1723;1759;1701;1751;5.01 K
03.6.2009;1686;1771;1671;1747;5.83 K
02.6.2009;1685;1706;1655;1691;5.27 K
01.6.2009;1695;1700;1667;1685;2.5 K
29.5.2009;1705;1732;1693;1693;24.69 K
28.5.2009;1633;1726;1628;1703;7.03 K
27.5.2009;1608;1649;1608;1638;4.56 K
26.5.2009;1605;1611;1591;1608;2.02 K
22.5.2009;1590;1618;1577;1611;3.23 K
21.5.2009;1591;1608;1578;1597;7.57 K
20.5.2009;1573;1597;1572;1591;2.99 K
19.5.2009;1578;1593;1574;1578;12.7 K
18.5.2009;1614;1614;1570;1581;4.3 K
15.5.2009;1598;1615;1590;1608;3.66 K
14.5.2009;1597;1603;1573;1590;7.02 K
13.5.2009;1680;1680;1600;1655;1.16 K
12.5.2009;1769;1776;1691;1687;3.87 K
11.5.2009;1831;1841;1764;1769;13.26 K
08.5.2009;1810;1836;1805;1831;5.83 K
07.5.2009;1756;1816;1756;1815;11.3 K
06.5.2009;1742;1766;1736;1754;2.67 K
05.5.2009;1730;1762;1720;1750;3.53 K
01.5.2009;1774;1774;1732;1730;971
30.4.2009;1799;1804;1773;1774;2.03 K
29.4.2009;1797;1800;1773;1790;1.55 K
28.4.2009;1797;1816;1793;1807;2.73 K
27.4.2009;1814;1814;1790;1798;1.16 K
24.4.2009;1850;1862;1830;1831;1.15 K
23.4.2009;1792;1853;1792;1840;3.06 K
22.4.2009;1792;1802;1771;1792;4.65 K
21.4.2009;1760;1799;1757;1792;1.75 K
20.4.2009;1757;1775;1742;1760;2.15 K
17.4.2009;1716;1761;1707;1760;2.38 K
16.4.2009;1760;1767;1713;1716;3.32 K
15.4.2009;1797;1806;1758;1762;3.23 K
14.4.2009;1817;1838;1795;1797;2.84 K
09.4.2009;1821;1864;1821;1842;3.34 K
08.4.2009;1864;1864;1818;1825;4.43 K
07.4.2009;1796;1888;1785;1882;8.92 K
06.4.2009;1969;1970;1797;1805;9.84 K
03.4.2009;1944;1974;1930;1970;2.82 K
02.4.2009;1932;1958;1923;1947;6.46 K
01.4.2009;1938;1945;1921;1934;4.32 K
31.3.2009;1945;1952;1921;1940;4.12 K
30.3.2009;1939;1959;1939;1950;2.21 K
27.3.2009;1900;1942;1887;1941;6.54 K
26.3.2009;1917;1926;1899;1902;3.15 K
25.3.2009;1918;1927;1888;1920;6.75 K
24.3.2009;1920;1924;1905;1921;3.88 K
23.3.2009;1926;1937;1893;1922;4.63 K
20.3.2009;1904;1929;1903;1921;4.24 K
19.3.2009;1902;1929;1879;1921;6.44 K
18.3.2009;1856;1909;1856;1901;6.28 K
17.3.2009;1855;1878;1851;1856;3.26 K
16.3.2009;1821;1821;1805;1835;1.11 K
13.3.2009;1913;1914;1826;1826;11.64 K
12.3.2009;1860;1909;1858;1892;2.81 K
11.3.2009;1813;1872;1806;1866;5.2 K
10.3.2009;1840;1846;1777;1797;6.5 K
09.3.2009;1810;1850;1806;1833;3.4 K
06.3.2009;1801;1821;1779;1819;2.73 K
05.3.2009;1827;1845;1821;1823;2.76 K
04.3.2009;1806;1862;1793;1846;1.66 K
03.3.2009;1775;1807;1765;1806;1.55 K
02.3.2009;1830;1834;1764;1765;6.26 K
27.2.2009;1829;1853;1828;1844;1.32 K
26.2.2009;1824;1873;1823;1830;3.47 K
25.2.2009;1747;1825;1741;1825;3 K
24.2.2009;1701;1754;1681;1741;4.8 K
23.2.2009;1770;1774;1714;1716;4.48 K
20.2.2009;1855;1858;1784;1786;4.02 K
19.2.2009;1882;1886;1869;1873;3.63 K
18.2.2009;1931;1937;1869;1900;3.18 K
17.2.2009;1947;1947;1901;1936;1.89 K
16.2.2009;1928;1955;1927;1947;1.79 K
13.2.2009;1914;1932;1914;1928;1.4 K
12.2.2009;1940;1952;1903;1926;2.46 K
11.2.2009;1934;1938;1909;1932;2.53 K
10.2.2009;1943;1973;1901;1920;4.8 K
09.2.2009;1999;2022;1960;1963;2.79 K
06.2.2009;1968;2007;1965;2000;4.27 K
05.2.2009;1945;1969;1942;1966;5.64 K
04.2.2009;1956;1966;1942;1961;8.42 K
03.2.2009;1953;1988;1953;1968;4.46 K
02.2.2009;1970;1980;1941;1972;4.47 K
30.1.2009;2011;2011;1977;1995;5.56 K
29.1.2009;2025;2045;2009;2023;7.08 K
28.1.2009;2004;2024;1995;2022;4.79 K
27.1.2009;1962;2021;1930;2008;6.41 K
26.1.2009;2020;2038;1964;1982;10.59 K
23.1.2009;1991;2027;1987;2025;9.5 K
22.1.2009;1988;1994;1961;1969;7.41 K
21.1.2009;1896;1986;1876;1980;10.26 K
20.1.2009;1795;1885;1788;1866;12.97 K
19.1.2009;1758;1804;1758;1780;2.33 K
16.1.2009;1740;1780;1737;1766;5.3 K
15.1.2009;1735;1746;1715;1736;6.57 K
14.1.2009;1812;1854;1749;1751;10.32 K
13.1.2009;1767;1812;1746;1798;9.67 K
12.1.2009;1807;1822;1725;1775;16.06 K
09.1.2009;1840;1855;1802;1808;5.89 K
08.1.2009;1784;1861;1773;1836;14.12 K
07.1.2009;1799;1820;1779;1785;7.51 K
06.1.2009;1799;1809;1771;1787;7.68 K
05.1.2009;1790;1814;1775;1802;3.49 K
02.1.2009;1774;1811;1756;1792;1.9 K
31.12.2008;1791;1820;1772;1781;1.99 K
30.12.2008;1770;1786;1753;1774;3.19 K
29.12.2008;1792;1830;1760;1770;4.6 K
24.12.2008;1823;1823;1783;1783;1.73 K
23.12.2008;1775;1840;1764;1832;5.57 K
22.12.2008;1768;1784;1761;1765;3.74 K
19.12.2008;1811;1822;1752;1774;5.12 K
18.12.2008;1718;1806;1672;1790;6.98 K
17.12.2008;1729;1765;1696;1720;10.07 K
16.12.2008;1697;1709;1675;1707;6.44 K
15.12.2008;1642;1698;1635;1696;7.75 K
12.12.2008;1806;1819;1670;1670;597
11.12.2008;1810;1840;1801;1806;4.57 K
10.12.2008;1775;1819;1746;1825;5.91 K
09.12.2008;1720;1760;1718;1756;3.25 K
08.12.2008;1603;1738;1598;1732;3.98 K
05.12.2008;1744;1744;1630;1635;1.74 K
04.12.2008;1655;1754;1650;1754;3.63 K
03.12.2008;1595;1656;1585;1660;2.89 K
02.12.2008;1546;1610;1546;1605;3.11 K
01.12.2008;1596;1596;1545;1584;1.66 K
28.11.2008;1620;1643;1603;1612;17.04 K
27.11.2008;1596;1645;1595;1625;6.17 K
26.11.2008;1540;1590;1521;1590;1.77 K
25.11.2008;1525;1540;1519;1540;3.59 K
24.11.2008;1516;1537;1504;1526;14.03 K
21.11.2008;1465;1522;1464;1510;22.41 K
20.11.2008;1485;1486;1448;1470;2.89 K
19.11.2008;1469;1490;1450;1487;1.58 K
18.11.2008;1448;1471;1437;1468;3.12 K
17.11.2008;1376;1448;1376;1440;5.73 K
14.11.2008;1336;1373;1336;1365;2.35 K
13.11.2008;1305;1346;1301;1340;1.46 K
12.11.2008;1299;1317;1298;1316;1.11 K
11.11.2008;1286;1307;1279;1300;1.93 K
10.11.2008;1271;1316;1271;1290;4.32 K
07.11.2008;1267;1280;1256;1264;2.37 K
06.11.2008;1270;1287;1256;1260;3.1 K
05.11.2008;1297;1319;1259;1265;3.39 K
04.11.2008;1284;1474;1279;1297;4.62 K
03.11.2008;1333;1335;1290;1290;3.55 K
31.10.2008;1320;1347;1312;1322;2.23 K
30.10.2008;1353;1362;1322;1326;3.62 K
29.10.2008;1302;1384;1292;1345;4.36 K
28.10.2008;1310;1335;1299;1299;1.79 K
27.10.2008;1279;1322;1271;1302;2.14 K
24.10.2008;1275;1300;1261;1298;3.86 K
23.10.2008;1286;1287;1261;1281;1.96 K
22.10.2008;1259;1289;1249;1285;3.24 K
21.10.2008;1267;1276;1228;1264;5.86 K
20.10.2008;1273;1294;1259;1268;3.54 K
17.10.2008;1285;1292;1260;1270;4.55 K
16.10.2008;1301;1303;1257;1272;8.04 K
15.10.2008;1362;1365;1310;1309;5.73 K
14.10.2008;1370;1380;1361;1370;2.95 K
13.10.2008;1370;1384;1362;1367;4.42 K
10.10.2008;1380;1380;1354;1362;4.64 K
09.10.2008;1402;1413;1387;1395;3.71 K
08.10.2008;1407;1417;1388;1396;3.22 K
07.10.2008;1415;1443;1413;1420;3.19 K
06.10.2008;1415;1430;1391;1421;6.76 K
03.10.2008;1430;1445;1417;1436;4.71 K
02.10.2008;1450;1462;1431;1440;9.43 K
01.10.2008;1461;1481;1458;1460;2.88 K
30.9.2008;1460;1489;1455;1480;18.5 K
29.9.2008;1507;1515;1467;1468;5.38 K
26.9.2008;1529;1542;1513;1531;3.37 K
25.9.2008;1527;1538;1518;1530;2.12 K
24.9.2008;1506;1540;1501;1529;4.68 K
23.9.2008;1521;1536;1491;1502;3.94 K
22.9.2008;1531;1535;1450;1513;7.5 K
19.9.2008;1500;1528;1499;1512;2.04 K
18.9.2008;1480;1540;1478;1512;8.48 K
17.9.2008;1499;1499;1463;1470;4.67 K
16.9.2008;1488;1499;1466;1496;15.76 K
15.9.2008;1451;1453;1436;1436;9.08 K
12.9.2008;1485;1490;1458;1460;10.89 K
11.9.2008;1522;1522;1485;1485;2.04 K
10.9.2008;1506;1525;1504;1524;1.43 K
09.9.2008;1502;1515;1500;1510;3.59 K
08.9.2008;1550;1550;1500;1512;18.3 K
05.9.2008;1549;1552;1538;1543;1.46 K
04.9.2008;1560;1575;1541;1545;3.28 K
03.9.2008;1541;1569;1530;1556;2.46 K
02.9.2008;1590;1590;1534;1546;1.5 K
01.9.2008;1637;1651;1578;1602;2.18 K
29.8.2008;1591;1645;1591;1637;10.52 K
28.8.2008;1645;1653;1586;1593;1.13 K
27.8.2008;1617;1654;1617;1647;3.8 K
26.8.2008;1579;1616;1579;1612;1.79 K
22.8.2008;1561;1563;1542;1557;3.14 K
21.8.2008;1494;1567;1491;1564;1.39 K
20.8.2008;1491;1495;1463;1482;541
19.8.2008;1445;1484;1435;1482;1.52 K
18.8.2008;1445;1450;1437;1441;1.22 K
15.8.2008;1470;1481;1436;1440;1.6 K
14.8.2008;1500;1513;1476;1479;1.94 K
13.8.2008;1480;1500;1465;1498;1.68 K
12.8.2008;1461;1483;1461;1473;2.11 K
11.8.2008;1461;1488;1455;1461;2.08 K
08.8.2008;1493;1503;1457;1463;4.02 K
07.8.2008;1488;1505;1483;1495;2.8 K
06.8.2008;1489;1548;1477;1484;3.94 K
05.8.2008;1478;1489;1450;1470;3.91 K
04.8.2008;1606;1620;1486;1501;9.26 K
01.8.2008;1520;1611;1520;1602;7.67 K
31.7.2008;1500;1525;1495;1518;3.09 K
30.7.2008;1501;1515;1482;1499;1.4 K
29.7.2008;1486;1523;1486;1502;2.79 K
28.7.2008;1496;1526;1478;1486;4.1 K
25.7.2008;1465;1502;1461;1502;2.88 K
24.7.2008;1445;1482;1443;1461;3.77 K
23.7.2008;1454;1455;1439;1445;4.14 K
22.7.2008;1455;1473;1450;1452;3.38 K
21.7.2008;1436;1496;1436;1463;8.31 K
18.7.2008;1502;1502;1441;1443;13.16 K
17.7.2008;1570;1570;1511;1512;9.83 K
16.7.2008;1580;1609;1550;1553;7.56 K
15.7.2008;1604;1612;1563;1566;37.85 K
14.7.2008;1602;1608;1591;1597;7.16 K
11.7.2008;1622;1630;1590;1609;4.39 K
10.7.2008;1628;1628;1610;1618;8.7 K
09.7.2008;1624;1624;1604;1618;3.4 K
08.7.2008;1597;1623;1595;1619;1.96 K
07.7.2008;1645;1646;1596;1597;1.39 K
04.7.2008;1706;1711;1660;1662;1.14 K
03.7.2008;1782;1794;1710;1712;2.52 K
02.7.2008;1791;1794;1768;1772;2.26 K
01.7.2008;1751;1800;1749;1795;1.21 K
30.6.2008;1747;1759;1740;1758;962
27.6.2008;1742;1760;1741;1743;1.22 K
26.6.2008;1726;1744;1725;1744;1.57 K
25.6.2008;1705;1727;1693;1726;2.68 K
24.6.2008;1710;1717;1709;1709;2.82 K
23.6.2008;1688;1710;1686;1705;1.87 K
20.6.2008;1661;1693;1650;1688;2.02 K
19.6.2008;1658;1668;1647;1663;1.21 K
18.6.2008;1673;1688;1657;1665;2.15 K
17.6.2008;1625;1637;1602;1636;2.91 K
16.6.2008;1616;1634;1616;1630;3.68 K
13.6.2008;1610;1629;1608;1609;2.68 K
12.6.2008;1576;1619;1573;1604;3.7 K
11.6.2008;1547;1575;1542;1571;2.02 K
10.6.2008;1542;1567;1537;1547;2.23 K
09.6.2008;1560;1563;1535;1548;2.9 K
06.6.2008;1517;1578;1517;1560;3.7 K
05.6.2008;1530;1541;1514;1516;1.74 K
04.6.2008;1529;1542;1526;1534;2.43 K
03.6.2008;1513;1539;1490;1534;5.36 K
02.6.2008;1480;1513;1479;1510;3.95 K
30.5.2008;1467;1480;1455;1472;7.85 K
29.5.2008;1411;1475;1411;1468;6.67 K
28.5.2008;1399;1407;1387;1403;4.71 K
27.5.2008;1385;1417;1385;1397;3.14 K
23.5.2008;1389;1400;1376;1379;3.34 K
22.5.2008;1412;1420;1372;1389;6.43 K
21.5.2008;1417;1425;1390;1406;4.51 K
20.5.2008;1436;1454;1406;1415;6.33 K
19.5.2008;1464;1483;1404;1440;5.37 K
16.5.2008;1441;1469;1439;1467;2.85 K
15.5.2008;1463;1470;1439;1441;1.59 K
14.5.2008;1425;1425;1410;1410;5.51 K
13.5.2008;1492;1507;1397;1417;17.66 K
12.5.2008;1474;1492;1460;1491;12.91 K
09.5.2008;1457;1487;1451;1478;5.12 K
08.5.2008;1429;1462;1428;1457;2.47 K
07.5.2008;1460;1461;1430;1446;4.51 K
06.5.2008;1411;1456;1409;1456;1.71 K
02.5.2008;1395;1408;1363;1407;1.8 K
01.5.2008;1483;1499;1387;1396;1.45 K
30.4.2008;1483;1494;1470;1477;2.17 K
29.4.2008;1483;1500;1474;1493;3.88 K
28.4.2008;1480;1504;1480;1492;1.5 K
25.4.2008;1468;1479;1446;1477;798
24.4.2008;1474;1490;1450;1487;2.22 K
23.4.2008;1469;1478;1445;1472;1.22 K
22.4.2008;1455;1468;1445;1462;1.22 K
21.4.2008;1429;1492;1420;1449;2.32 K
18.4.2008;1458;1458;1388;1429;3.2 K
17.4.2008;1434;1463;1434;1452;1.74 K
16.4.2008;1414;1442;1414;1430;1.92 K
15.4.2008;1405;1420;1393;1409;2.64 K
14.4.2008;1408;1417;1388;1396;1.63 K
11.4.2008;1400;1418;1397;1414;2.29 K
10.4.2008;1369;1409;1366;1380;4.3 K
09.4.2008;1316;1377;1311;1359;5.54 K
08.4.2008;1312;1331;1307;1316;4 K
07.4.2008;1285;1311;1275;1307;4.96 K
04.4.2008;1294;1303;1272;1280;3.56 K
03.4.2008;1283;1319;1281;1285;2.5 K
02.4.2008;1294;1316;1280;1280;3.96 K
01.4.2008;1278;1312;1266;1300;5.99 K
31.3.2008;1276;1299;1272;1284;3.86 K
28.3.2008;1318;1320;1278;1281;3.83 K
27.3.2008;1292;1318;1235;1318;5.58 K
26.3.2008;1293;1319;1273;1284;5.09 K
25.3.2008;1252;1298;1252;1275;5.47 K
20.3.2008;1319;1319;1200;1268;14.78 K
19.3.2008;1429;1464;1333;1334;15.82 K
18.3.2008;1400;1419;1356;1415;12.93 K
17.3.2008;1485;1492;1379;1412;10.55 K
14.3.2008;1475;1525;1465;1487;7.79 K
13.3.2008;1428;1488;1426;1475;7.75 K
12.3.2008;1363;1419;1363;1383;2.03 K
11.3.2008;1360;1381;1355;1377;13.13 K
10.3.2008;1342;1357;1334;1355;22.22 K
07.3.2008;1350;1361;1329;1356;2.5 K
06.3.2008;1394;1416;1355;1355;6.03 K
05.3.2008;1384;1398;1370;1394;5.82 K
04.3.2008;1391;1421;1385;1385;12.53 K
03.3.2008;1394;1400;1376;1396;2.9 K
29.2.2008;1383;1402;1369;1391;2.65 K
28.2.2008;1332;1392;1330;1387;2.49 K
27.2.2008;1330;1349;1325;1343;5.45 K
26.2.2008;1310;1325;1305;1316;2.05 K
25.2.2008;1296;1306;1287;1303;2.2 K
22.2.2008;1256;1297;1252;1294;2.02 K
21.2.2008;1261;1263;1247;1260;3.29 K
20.2.2008;1271;1273;1229;1253;2.52 K
19.2.2008;1277;1296;1268;1269;4.96 K
18.2.2008;1280;1284;1268;1271;2.06 K
15.2.2008;1293;1309;1285;1287;2.8 K
14.2.2008;1280;1287;1259;1278;12.39 K
13.2.2008;1264;1284;1257;1270;5.15 K
12.2.2008;1252;1272;1251;1258;5.12 K
11.2.2008;1242;1248;1235;1247;5.76 K
08.2.2008;1225;1247;1213;1240;3.32 K
07.2.2008;1221;1256;1209;1228;8.08 K
06.2.2008;1213;1222;1212;1221;4.85 K
05.2.2008;1209;1212;1198;1210;8.59 K
04.2.2008;1208;1212;1198;1209;10.57 K
01.2.2008;1194;1208;1185;1205;7.26 K
31.1.2008;1182;1198;1182;1197;10.54 K
30.1.2008;1156;1179;1156;1175;8.13 K
29.1.2008;1145;1154;1135;1153;5.81 K
28.1.2008;1148;1150;1138;1147;5.39 K
25.1.2008;1146;1152;1142;1149;3.59 K
24.1.2008;1129;1148;1121;1145;6.32 K
23.1.2008;1119;1138;1117;1132;4.63 K
22.1.2008;1110;1122;1098;1117;6.42 K
21.1.2008;1130;1130;1113;1116;5.47 K
18.1.2008;1120;1128;1104;1128;6.81 K
17.1.2008;1125;1142;1123;1125;7.27 K
16.1.2008;1124;1133;1111;1125;8.32 K
15.1.2008;1148;1154;1130;1132;8.26 K
14.1.2008;1135;1159;1132;1146;9.23 K
11.1.2008;1127;1140;1114;1135;10.31 K
10.1.2008;1117;1127;1116;1125;6.41 K
09.1.2008;1111;1118;1109;1114;6.15 K
08.1.2008;1103;1120;1097;1111;10.48 K
07.1.2008;1080;1104;1073;1102;5.44 K
04.1.2008;1086;1090;1065;1076;5.74 K
03.1.2008;1067;1087;1062;1086;6.1 K
02.1.2008;1041;1073;1041;1068;5.22 K
31.12.2007;1047;1047;1040;1043;1.16 K
28.12.2007;1057;1057;1043;1049;2.77 K
27.12.2007;1049;1059;1041;1058;4.9 K
24.12.2007;1068;1068;1049;1051;1.79 K
21.12.2007;1080;1082;1060;1070;6.94 K
20.12.2007;1088;1091;1070;1075;5.16 K
19.12.2007;1083;1092;1077;1087;6.58 K
18.12.2007;1068;1085;1058;1079;5.77 K
17.12.2007;1060;1066;1044;1064;5.52 K
14.12.2007;1059;1066;1046;1056;7.47 K
13.12.2007;1060;1073;1056;1063;7.11 K
12.12.2007;1024;1035;1023;1026;392
11.12.2007;1030;1044;1023;1028;40.84 K
10.12.2007;1001;1023;1000;1022;3.82 K
07.12.2007;1008;1015;1004;1004;8 K
06.12.2007;1005;1018;1002;1008;8.19 K
05.12.2007;988;1011;983;1005;3.52 K
04.12.2007;971;991;971;988;7.63 K
03.12.2007;948;972;946;971;3.08 K
30.11.2007;936;954;936;951;4.09 K
29.11.2007;925;941;921;936;3.51 K
28.11.2007;921;926;919;925;1.92 K
27.11.2007;920;922;913;922;3.48 K
26.11.2007;920;924;917;917;2.69 K
23.11.2007;924;928;920;920;2.48 K
22.11.2007;924;930;917;924;1.12 K
21.11.2007;937;950;929;930;3.49 K
20.11.2007;921;939;917;936;3.68 K
19.11.2007;922;925;921;921;1.97 K
16.11.2007;924;928;920;924;2.93 K
15.11.2007;918;924;912;922;2.56 K
14.11.2007;913;932;911;919;4.67 K
13.11.2007;920;922;909;916;6.94 K
12.11.2007;920;925;915;918;2.74 K
09.11.2007;929;930;919;922;6.06 K
08.11.2007;928;934;923;925;5.91 K
07.11.2007;940;945;926;926;5.33 K
06.11.2007;931;942;924;936;4.04 K
05.11.2007;953;955;933;934;5.05 K
02.11.2007;961;971;951;955;6.04 K
01.11.2007;960;969;950;961;6.07 K
31.10.2007;956;969;948;962;7.55 K
30.10.2007;955;965;949;961;5.44 K
29.10.2007;945;962;925;954;6.21 K
26.10.2007;920;950;918;941;5.72 K
25.10.2007;928;932;920;922;5.23 K
24.10.2007;938;941;928;929;3.09 K
23.10.2007;938;945;934;938;2.51 K
22.10.2007;950;959;938;939;3.81 K
19.10.2007;946;956;940;951;5.32 K
18.10.2007;949;952;942;949;2.52 K
17.10.2007;946;955;938;945;4.4 K
16.10.2007;935;952;934;944;3.18 K
15.10.2007;929;944;928;940;3.22 K
12.10.2007;938;940;928;932;4.05 K
11.10.2007;927;945;924;940;5.66 K
10.10.2007;936;942;929;930;4.59 K
09.10.2007;932;948;931;936;4.59 K
08.10.2007;945;945;931;933;4.35 K
05.10.2007;965;965;947;949;2.54 K
04.10.2007;959;970;949;959;7.04 K
03.10.2007;962;967;944;951;8.29 K
02.10.2007;991;998;950;962;10.41 K
01.10.2007;998;1002;985;995;4.32 K
28.9.2007;992;1003;992;1000;4.14 K
27.9.2007;1005;1011;990;997;4.33 K
26.9.2007;1007;1008;997;1005;3.73 K
25.9.2007;990;1008;984;1006;7.17 K
24.9.2007;995;998;989;993;2.51 K
21.9.2007;1002;1003;979;996;4.99 K
20.9.2007;984;1004;979;999;9.04 K
19.9.2007;975;984;967;981;4.3 K
18.9.2007;979;983;969;978;4.13 K
17.9.2007;967;988;955;979;5.37 K
14.9.2007;945;971;935;967;4.93 K
13.9.2007;909;918;907;907;4.67 K
12.9.2007;930;930;901;915;3.79 K
11.9.2007;942;950;930;932;4.17 K
10.9.2007;947;955;942;942;10.24 K
07.9.2007;957;960;948;948;1.71 K
06.9.2007;943;962;942;956;2.8 K
05.9.2007;930;940;918;940;8.92 K
04.9.2007;940;942;930;936;9.48 K
03.9.2007;943;950;929;940;11.15 K
31.8.2007;938;947;933;947;756
30.8.2007;931;936;918;931;358
29.8.2007;923;940;923;931;2.34 K
28.8.2007;916;920;908;915;1.07 K
24.8.2007;923;937;909;921;2.5 K
23.8.2007;908;924;907;923;1.05 K
22.8.2007;920;920;907;908;1.19 K
21.8.2007;919;925;915;916;1.9 K
20.8.2007;933;938;915;917;1.57 K
17.8.2007;931;945;920;927;2.4 K
16.8.2007;962;963;930;933;1.77 K
15.8.2007;959;969;946;961;3.73 K
14.8.2007;966;975;959;961;2.23 K
13.8.2007;942;968;941;966;3.4 K
10.8.2007;948;950;926;948;3.29 K
09.8.2007;969;975;940;944;3.48 K
08.8.2007;959;980;958;972;4.59 K
07.8.2007;963;977;948;955;6.63 K
06.8.2007;971;972;963;968;4.11 K
03.8.2007;991;1001;975;976;3.77 K
02.8.2007;993;1015;989;991;6.21 K
01.8.2007;1012;1013;996;997;4.01 K
31.7.2007;1011;1018;996;1018;9.44 K
30.7.2007;1016;1030;1008;1013;3.76 K
27.7.2007;1035;1044;992;1022;11.65 K
26.7.2007;1069;1079;1035;1042;7.83 K
25.7.2007;1089;1093;1071;1071;3.01 K
24.7.2007;1081;1097;1064;1093;7.52 K
23.7.2007;1095;1097;1081;1083;3.88 K
20.7.2007;1112;1118;1098;1101;1.2 K
19.7.2007;1096;1115;1093;1112;2.64 K
18.7.2007;1101;1108;1092;1102;2.35 K
17.7.2007;1093;1121;1093;1105;5.98 K
16.7.2007;1071;1071;1050;1054;447
13.7.2007;1076;1081;1071;1076;14.28 K
12.7.2007;1073;1079;1067;1077;28.1 K
11.7.2007;1071;1083;1069;1071;1.92 K
10.7.2007;1080;1080;1050;1051;4.77 K
09.7.2007;1104;1104;1091;1091;882
06.7.2007;1101;1112;1099;1107;2.1 K
05.7.2007;1083;1106;1082;1100;1.53 K
04.7.2007;1065;1085;1065;1085;402
03.7.2007;1064;1076;1063;1067;1.97 K
02.7.2007;1094;1096;1060;1062;9.53 K
29.6.2007;1064;1103;1064;1091;3.65 K
28.6.2007;1075;1079;1060;1063;827
27.6.2007;1083;1083;1059;1079;1.03 K
26.6.2007;1044;1087;1044;1080;6.15 K
25.6.2007;1045;1055;1042;1044;850
22.6.2007;1030;1044;1030;1043;679
21.6.2007;1020;1030;1013;1030;2.16 K
20.6.2007;1042;1043;1014;1024;3.74 K
19.6.2007;1059;1063;1037;1045;2.93 K
18.6.2007;1050;1059;1037;1058;3.51 K
15.6.2007;1046;1061;1042;1047;1.25 K
14.6.2007;1009;1047;1008;1047;4.76 K
13.6.2007;1007;1013;1004;1008;4.48 K
12.6.2007;1014;1022;1003;1007;2 K
11.6.2007;1000;1016;996;1015;3.17 K
08.6.2007;1011;1024;1004;1006;1.64 K
07.6.2007;1024;1025;1010;1013;2.63 K
06.6.2007;1024;1034;1011;1025;6.71 K
05.6.2007;1007;1025;1005;1020;4.89 K
04.6.2007;1020;1022;1003;1007;3.45 K
01.6.2007;1030;1041;1018;1028;3.97 K
31.5.2007;1020;1038;1018;1033;4.24 K
30.5.2007;1032;1033;1008;1022;6.27 K
29.5.2007;1054;1055;1033;1035;5.38 K
25.5.2007;1064;1079;1054;1057;2.96 K
24.5.2007;1083;1093;1042;1066;4.22 K
23.5.2007;1072;1092;1066;1086;3.54 K
22.5.2007;1090;1092;1065;1073;3.17 K
21.5.2007;1095;1098;1072;1089;6.79 K
18.5.2007;1057;1094;1056;1090;6.09 K
17.5.2007;1058;1065;1051;1058;2.03 K
16.5.2007;1055;1067;1054;1058;3.13 K
15.5.2007;1028;1028;1021;1027;628
14.5.2007;1041;1050;1026;1033;2.82 K
11.5.2007;1034;1045;1020;1039;16.44 K
10.5.2007;1025;1044;1025;1034;2.4 K
09.5.2007;1009;1024;1008;1022;11.3 K
08.5.2007;1008;1012;995;1008;1.28 K
04.5.2007;995;1007;987;1006;1.15 K
03.5.2007;978;997;978;990;3.43 K
02.5.2007;965;984;965;983;2.5 K
01.5.2007;942;965;928;964;4.75 K
30.4.2007;954;960;944;947;1.88 K
27.4.2007;968;976;960;962;2.06 K
26.4.2007;979;1001;958;968;2.74 K
25.4.2007;965;979;962;977;6.36 K
24.4.2007;984;984;959;973;3.33 K
23.4.2007;1000;1001;978;986;2.55 K
20.4.2007;985;1006;957;1005;3.7 K
19.4.2007;1011;1013;974;981;9.49 K
18.4.2007;1043;1051;1018;1025;2.05 K
17.4.2007;1024;1045;1024;1040;4.28 K
16.4.2007;1025;1032;1022;1025;3.15 K
13.4.2007;1015;1041;999;1025;4.16 K
12.4.2007;1029;1030;1005;1021;3.44 K
11.4.2007;1019;1036;1017;1029;3.17 K
10.4.2007;1030;1030;1017;1020;4.56 K
05.4.2007;1036;1048;1036;1038;3.46 K
04.4.2007;1022;1036;1019;1034;2.72 K
03.4.2007;1000;1021;998;1020;3.86 K
02.4.2007;1055;1055;993;1001;9.56 K
30.3.2007;1048;1065;1046;1059;3.87 K
29.3.2007;1048;1066;1048;1054;4.62 K
28.3.2007;1026;1053;1026;1047;4.58 K
27.3.2007;1035;1040;1027;1032;3.64 K
26.3.2007;1035;1044;1031;1038;4.16 K
23.3.2007;1042;1046;1033;1039;5.14 K
22.3.2007;1034;1043;1022;1041;4.52 K
21.3.2007;1019;1041;1019;1033;4.82 K
20.3.2007;992;1025;992;1020;6.8 K
19.3.2007;982;1001;978;994;3.1 K
16.3.2007;992;995;979;985;3.79 K
15.3.2007;979;986;974;978;725
14.3.2007;1030;1035;990;990;14.29 K
13.3.2007;1031;1037;1024;1030;1.77 K
12.3.2007;1010;1028;1001;1030;1.31 K
09.3.2007;991;1019;991;1014;14.36 K
08.3.2007;969;990;962;989;13.37 K
07.3.2007;946;966;936;966;2.84 K
06.3.2007;974;981;939;944;5.68 K
05.3.2007;974;985;969;975;2.61 K
02.3.2007;959;975;959;974;2.38 K
01.3.2007;946;970;939;971;3.49 K
28.2.2007;938;946;933;946;1.53 K
27.2.2007;947;949;934;938;1.89 K
26.2.2007;954;963;948;949;1.91 K
23.2.2007;952;959;951;954;876
22.2.2007;958;962;950;952;3.94 K
21.2.2007;955;967;940;960;2.99 K
20.2.2007;966;970;947;951;2.85 K
19.2.2007;965;968;959;967;2.21 K
16.2.2007;958;964;954;962;2.54 K
15.2.2007;935;957;931;953;4.29 K
14.2.2007;943;943;923;935;3 K
13.2.2007;944;953;939;943;3.55 K
12.2.2007;939;944;931;943;2.72 K
09.2.2007;945;948;931;940;4.22 K
08.2.2007;930;944;929;942;8.76 K
07.2.2007;900;927;898;926;13.23 K
06.2.2007;896;906;896;898;4.89 K
05.2.2007;886;899;869;896;5.2 K
02.2.2007;892;902;886;892;3.75 K
01.2.2007;889;900;884;893;3.74 K
31.1.2007;890;895;881;890;3.01 K
30.1.2007;878;890;876;889;2.94 K
29.1.2007;868;883;864;879;3.06 K
26.1.2007;875;882;867;868;4.21 K
25.1.2007;875;882;871;880;3.77 K
24.1.2007;878;893;874;875;4.02 K
23.1.2007;865;880;865;877;3.22 K
22.1.2007;867;873;864;872;4.09 K
19.1.2007;874;882;868;872;5.27 K
18.1.2007;887;908;876;877;6.04 K
17.1.2007;876;888;865;887;4.61 K
16.1.2007;885;885;871;875;6.75 K
15.1.2007;890;891;884;885;3.57 K
12.1.2007;902;902;884;892;3.53 K
11.1.2007;906;912;900;902;5.48 K
10.1.2007;883;909;876;904;7.29 K
09.1.2007;880;885;873;880;8.19 K
08.1.2007;890;897;876;877;5.75 K
05.1.2007;909;920;875;894;10.21 K
04.1.2007;918;918;902;907;3.18 K
03.1.2007;891;919;891;917;8.65 K
02.1.2007;885;894;883;890;1.35 K
29.12.2006;885;888;881;888;1.24 K
28.12.2006;890;896;882;884;3.22 K
27.12.2006;881;892;874;889;4.95 K
22.12.2006;896;899;881;883;3.51 K
21.12.2006;892;901;887;896;3.32 K
20.12.2006;919;923;888;889;7.13 K
19.12.2006;909;919;905;917;4.73 K
18.12.2006;904;920;896;909;6.07 K
15.12.2006;912;913;902;906;4.1 K
14.12.2006;906;915;901;913;7.15 K
13.12.2006;894;905;885;904;7.5 K
12.12.2006;856;870;856;874;5.13 K
11.12.2006;845;853;839;853;11.04 K
08.12.2006;832;850;827;843;15.11 K
07.12.2006;819;835;817;832;26.81 K
06.12.2006;823;825;809;815;13.08 K
05.12.2006;814;826;811;823;4.8 K
04.12.2006;816;818;808;812;4.98 K
01.12.2006;823;826;815;816;1.99 K
30.11.2006;808;825;807;824;5.36 K
29.11.2006;812;820;807;809;2.44 K
28.11.2006;800;819;800;812;2.83 K
27.11.2006;811;813;800;801;2.58 K
24.11.2006;815;820;809;810;1.97 K
23.11.2006;815;824;814;817;2.07 K
22.11.2006;809;815;808;814;3.13 K
21.11.2006;810;816;807;809;7.28 K
20.11.2006;824;828;810;811;4.76 K
17.11.2006;821;835;818;823;5.31 K
16.11.2006;847;851;817;820;6.04 K
15.11.2006;839;846;833;845;5.3 K
14.11.2006;845;846;835;836;3.29 K
13.11.2006;843;846;837;843;3.28 K
10.11.2006;856;857;841;844;3.69 K
09.11.2006;855;864;851;857;6.13 K
08.11.2006;848;860;845;853;8.52 K
07.11.2006;839;854;836;847;11.12 K
06.11.2006;833;841;827;839;6.36 K
03.11.2006;831;842;828;830;4.49 K
02.11.2006;820;835;817;832;4.49 K
01.11.2006;832;832;818;820;5.66 K
31.10.2006;832;836;825;828;2.56 K
30.10.2006;832;837;827;830;4.03 K
27.10.2006;840;845;820;829;4.32 K
26.10.2006;829;840;827;840;3.52 K
25.10.2006;828;834;823;826;3.79 K
24.10.2006;836;838;823;825;2.83 K
23.10.2006;814;836;813;836;5.31 K
20.10.2006;827;829;814;816;2.83 K
19.10.2006;818;830;814;825;3.19 K
18.10.2006;833;844;812;816;8.29 K
17.10.2006;813;836;808;830;5.4 K
16.10.2006;817;823;811;812;2.87 K
13.10.2006;816;823;815;817;3.33 K
12.10.2006;819;823;812;814;4.81 K
11.10.2006;828;828;819;822;2.15 K
10.10.2006;823;831;821;825;2.19 K
09.10.2006;830;833;822;823;2.19 K
06.10.2006;842;848;825;831;2.62 K
05.10.2006;826;851;825;843;4.17 K
04.10.2006;824;845;821;825;4.67 K
03.10.2006;831;837;822;824;2.97 K
02.10.2006;849;849;830;830;2.78 K
29.9.2006;838;854;833;849;4.79 K
28.9.2006;848;854;827;837;4.61 K
27.9.2006;839;848;838;847;2.28 K
26.9.2006;837;842;831;837;2.25 K
25.9.2006;843;849;826;834;4.17 K
22.9.2006;858;858;833;840;4.78 K
21.9.2006;832;862;826;858;9.09 K
20.9.2006;815;835;815;833;8.28 K
19.9.2006;808;822;807;817;5.43 K
18.9.2006;835;837;809;812;9.34 K
15.9.2006;837;845;835;837;4.3 K
14.9.2006;815;817;806;813;2.71 K
13.9.2006;812;815;809;815;20.71 K
12.9.2006;812;818;803;814;6.33 K
11.9.2006;814;818;811;812;2.09 K
08.9.2006;815;816;812;814;1.26 K
07.9.2006;810;817;808;813;1.68 K
06.9.2006;809;810;805;806;1.07 K
05.9.2006;809;819;803;814;2.69 K
04.9.2006;813;818;806;808;864
01.9.2006;806;818;805;817;1.35 K
31.8.2006;797;807;796;806;2.5 K
30.8.2006;799;806;795;797;2.4 K
29.8.2006;800;807;795;799;11.37 K
25.8.2006;831;833;821;822;1.48 K
24.8.2006;825;835;825;828;1.42 K
23.8.2006;826;831;817;829;2.87 K
22.8.2006;833;835;826;826;1.33 K
21.8.2006;842;846;831;835;1.58 K
18.8.2006;851;854;841;848;1.08 K
17.8.2006;856;856;848;850;1.49 K
16.8.2006;848;863;845;852;2.85 K
15.8.2006;848;855;840;849;2.21 K
14.8.2006;866;868;845;850;1.57 K
11.8.2006;873;879;866;866;4.59 K
10.8.2006;865;875;858;875;4.71 K
09.8.2006;846;867;846;863;2 K
08.8.2006;847;860;843;852;2.65 K
07.8.2006;836;846;836;845;2.1 K
04.8.2006;853;859;837;841;2.99 K
03.8.2006;841;858;841;852;2.86 K
02.8.2006;843;851;840;842;3.09 K
01.8.2006;851;854;836;844;6.28 K
31.7.2006;854;860;846;850;10.18 K
28.7.2006;857;866;854;855;11.99 K
27.7.2006;855;868;852;856;3.14 K
26.7.2006;863;874;855;856;3.67 K
25.7.2006;858;866;855;862;2.76 K
24.7.2006;857;875;851;859;2.49 K
21.7.2006;878;878;858;862;5.19 K
20.7.2006;866;877;866;874;6.88 K
19.7.2006;866;892;861;868;8.79 K
18.7.2006;897;901;861;864;17.05 K
17.7.2006;1002;1015;904;907;15.63 K
14.7.2006;1098;1100;1058;1076;5.37 K
13.7.2006;1083;1102;1075;1097;3.54 K
12.7.2006;1065;1095;1064;1094;1.92 K
11.7.2006;1063;1100;1063;1079;19.11 K
10.7.2006;1034;1066;1031;1065;1.51 K
07.7.2006;1039;1049;1026;1041;645
06.7.2006;1037;1049;1035;1035;18.28 K
05.7.2006;1026;1046;1023;1041;408
04.7.2006;1030;1033;1003;1027;1.02 K
03.7.2006;1001;1039;1001;1029;1.01 K
30.6.2006;983;1010;983;1001;922
29.6.2006;979;988;973;986;10.96 K
28.6.2006;964;972;958;969;705
27.6.2006;984;984;940;959;6.15 K
26.6.2006;977;977;967;978;513
23.6.2006;972;980;967;968;1.96 K
22.6.2006;962;971;949;970;1.31 K
21.6.2006;953;963;943;961;2.36 K
20.6.2006;954;955;938;949;1.99 K
19.6.2006;941;945;932;945;3.26 K
16.6.2006;929;946;911;930;7.7 K
15.6.2006;904;925;903;923;9.7 K
14.6.2006;882;903;880;902;6.52 K
13.6.2006;883;890;869;884;5.46 K
12.6.2006;879;890;875;881;4.66 K
09.6.2006;862;879;862;875;5.55 K
08.6.2006;866;873;859;862;3.15 K
07.6.2006;854;867;850;866;5.12 K
06.6.2006;852;862;850;853;6.78 K
05.6.2006;842;860;842;849;4.2 K
02.6.2006;856;857;840;841;8.32 K
01.6.2006;844;900;844;851;15.9 K
31.5.2006;837;847;834;846;5.84 K
30.5.2006;841;847;830;835;5.55 K
26.5.2006;842;847;838;845;4.01 K
25.5.2006;845;849;839;840;3.74 K
24.5.2006;846;850;841;846;6.2 K
23.5.2006;855;856;845;846;4.34 K
22.5.2006;860;863;850;854;5.58 K
19.5.2006;863;867;857;865;5.17 K
18.5.2006;861;871;858;863;3.67 K
17.5.2006;867;867;859;861;3.35 K
16.5.2006;864;868;858;867;3.2 K
15.5.2006;852;852;843;847;385
12.5.2006;854;854;843;851;15.34 K
11.5.2006;858;862;851;854;1.07 K
10.5.2006;862;869;852;857;4.15 K
09.5.2006;865;869;861;867;17.36 K
08.5.2006;865;873;865;870;595
05.5.2006;865;874;858;872;1 K
04.5.2006;870;879;867;867;2.4 K
03.5.2006;872;883;872;874;934
02.5.2006;887;887;872;873;974
28.4.2006;885;893;884;887;1.1 K
27.4.2006;897;900;881;882;1.17 K
26.4.2006;905;908;895;905;944
25.4.2006;888;909;888;908;2.59 K
24.4.2006;874;892;867;890;1.69 K
21.4.2006;893;893;871;872;1.61 K
20.4.2006;875;893;875;887;3.48 K
19.4.2006;871;875;866;875;2.85 K
18.4.2006;876;881;869;870;2.97 K
13.4.2006;893;894;876;878;3.58 K
12.4.2006;898;901;886;888;7.01 K
11.4.2006;888;902;888;899;4.13 K
10.4.2006;914;915;884;884;3.53 K
07.4.2006;908;916;908;914;870
06.4.2006;918;918;908;910;1.29 K
05.4.2006;909;919;906;917;2.49 K
04.4.2006;927;929;904;906;3.55 K
03.4.2006;918;928;910;925;3.91 K
31.3.2006;921;924;907;914;3.13 K
30.3.2006;911;920;908;919;4.9 K
29.3.2006;895;912;890;908;3.69 K
28.3.2006;905;907;891;892;4.74 K
27.3.2006;908;911;901;908;1.54 K
24.3.2006;906;914;899;906;1.84 K
23.3.2006;914;922;906;907;3.28 K
22.3.2006;917;921;904;915;2.57 K
21.3.2006;906;915;896;914;2.51 K
20.3.2006;913;914;900;905;2.42 K
17.3.2006;916;927;908;913;6.53 K
16.3.2006;889;899;889;898;1.9 K
15.3.2006;855;887;855;884;8.44 K
14.3.2006;858;863;852;855;21.11 K
13.3.2006;876;876;859;859;1.57 K
10.3.2006;886;890;879;880;4.62 K
09.3.2006;890;894;881;886;9.34 K
08.3.2006;865;891;859;893;3.69 K
07.3.2006;858;870;853;865;4.55 K
06.3.2006;858;861;852;858;4.61 K
03.3.2006;846;859;840;859;1.49 K
02.3.2006;856;868;847;848;4.13 K
01.3.2006;855;858;847;852;1.74 K
28.2.2006;848;862;845;862;20.95 K
27.2.2006;863;867;851;852;2.45 K
24.2.2006;859;867;854;863;2.08 K
23.2.2006;867;871;857;859;4.73 K
22.2.2006;859;875;858;873;6.77 K
21.2.2006;873;884;853;856;4.32 K
20.2.2006;881;882;872;875;1.75 K
17.2.2006;884;889;882;885;2.09 K
16.2.2006;883;898;882;885;4.39 K
15.2.2006;889;898;884;887;2.24 K
14.2.2006;886;904;885;893;2.46 K
13.2.2006;910;914;890;891;2.58 K
10.2.2006;918;923;908;915;3.19 K
09.2.2006;912;920;908;917;5.35 K
08.2.2006;918;918;903;914;5.71 K
07.2.2006;890;919;889;918;6.8 K
06.2.2006;876;890;873;889;5.04 K
03.2.2006;858;886;855;882;4.56 K
02.2.2006;862;873;857;859;3.32 K
01.2.2006;882;885;869;869;6.64 K
31.1.2006;871;883;861;877;4.1 K
30.1.2006;856;876;850;875;4.96 K
27.1.2006;875;880;859;864;5.22 K
26.1.2006;865;875;858;875;4.93 K
25.1.2006;852;866;851;865;6.16 K
24.1.2006;893;894;849;854;12.23 K
23.1.2006;907;915;895;896;3.45 K
20.1.2006;917;932;899;912;9.76 K
19.1.2006;939;939;912;920;5.83 K
18.1.2006;933;947;933;944;8.56 K
17.1.2006;926;938;918;931;5.02 K
16.1.2006;911;926;903;923;5.51 K
13.1.2006;912;913;898;900;4.97 K
12.1.2006;906;911;902;909;2.47 K
11.1.2006;904;914;897;904;2.99 K
10.1.2006;896;904;892;899;4.47 K
09.1.2006;919;922;893;894;4.14 K
06.1.2006;902;919;889;917;5.63 K
05.1.2006;911;912;893;903;5.39 K
04.1.2006;927;927;904;913;10.76 K
03.1.2006;912;930;912;927;6.84 K
30.12.2005;911;914;902;911;2.92 K
29.12.2005;900;912;888;911;9.66 K
28.12.2005;875;897;872;895;4.45 K
27.12.2005;895;897;888;890;2.27 K
23.12.2005;895;897;888;890;2.27 K
22.12.2005;875;894;875;893;5.89 K
21.12.2005;861;875;861;875;2.77 K
20.12.2005;851;868;847;865;7.18 K
19.12.2005;867;867;850;852;2.6 K
16.12.2005;873;874;860;861;2.54 K
15.12.2005;861;870;853;868;3.89 K
14.12.2005;872;877;850;861;5.58 K
13.12.2005;837;837;830;843;8.51 K
12.12.2005;829;838;823;837;9.13 K
09.12.2005;819;833;819;829;2.79 K
08.12.2005;833;842;833;838;4.56 K
07.12.2005;829;846;826;842;2.24 K
06.12.2005;835;837;826;831;3.64 K
05.12.2005;853;853;835;835;1.71 K
02.12.2005;864;872;853;861;3.88 K
01.12.2005;841;865;840;863;2.99 K
30.11.2005;840;841;834;835;18.75 K
29.11.2005;843;849;834;839;3.54 K
28.11.2005;848;861;838;845;4.98 K
25.11.2005;845;861;838;845;5.37 K
24.11.2005;841;845;833;840;11.49 K
23.11.2005;858;874;841;841;4.99 K
22.11.2005;840;862;835;858;3.87 K
21.11.2005;844;857;833;844;5.99 K
18.11.2005;807;847;803;842;12.34 K
17.11.2005;808;809;802;807;1.37 K
16.11.2005;794;809;794;808;4.42 K
15.11.2005;796;814;791;794;5.17 K
14.11.2005;790;795;787;793;3.92 K
11.11.2005;807;807;790;792;8.86 K
10.11.2005;809;813;801;809;9.45 K
09.11.2005;803;809;800;806;3.76 K
08.11.2005;797;805;795;803;4.27 K
07.11.2005;807;811;798;798;3.61 K
04.11.2005;818;818;804;810;3.03 K
03.11.2005;813;820;812;815;2.84 K
02.11.2005;817;818;811;814;3.02 K
01.11.2005;808;820;808;819;3.02 K
31.10.2005;825;825;807;808;3.39 K
28.10.2005;831;834;817;825;3.94 K
27.10.2005;842;844;830;837;1.92 K
26.10.2005;837;844;827;843;3.38 K
25.10.2005;838;841;824;834;4 K
24.10.2005;820;844;819;843;3.88 K
21.10.2005;822;822;813;821;3.42 K
20.10.2005;834;840;818;818;3.43 K
19.10.2005;835;843;828;837;2.51 K
18.10.2005;821;840;818;834;3.31 K
17.10.2005;843;843;820;821;3.97 K
14.10.2005;829;847;819;844;5.94 K
13.10.2005;809;829;808;826;5.15 K
12.10.2005;816;816;807;809;3.63 K
11.10.2005;822;828;817;818;2.76 K
10.10.2005;817;822;815;818;1.63 K
07.10.2005;829;829;819;820;2.18 K
06.10.2005;828;838;825;831;1.99 K
05.10.2005;828;845;827;831;3.87 K
04.10.2005;839;841;828;830;2.17 K
03.10.2005;848;849;835;840;5.09 K
30.9.2005;868;869;844;848;7.42 K
29.9.2005;822;869;822;866;12.4 K
28.9.2005;805;826;804;823;7.58 K
27.9.2005;798;809;797;807;3.05 K
26.9.2005;800;803;792;798;2.73 K
23.9.2005;795;804;791;804;4.39 K
22.9.2005;790;796;785;793;3.94 K
21.9.2005;804;809;787;789;4.42 K
20.9.2005;798;810;798;805;5.83 K
19.9.2005;808;809;793;802;10.2 K
16.9.2005;819;820;807;811;3.65 K
15.9.2005;824;825;800;800;725
14.9.2005;868;868;834;835;14.24 K
13.9.2005;880;887;870;874;1.13 K
12.9.2005;895;900;881;885;10.28 K
09.9.2005;912;922;894;899;1.44 K
08.9.2005;900;914;880;913;1.05 K
07.9.2005;870;908;868;901;2.58 K
06.9.2005;859;876;857;875;6.71 K
05.9.2005;874;874;858;860;1.2 K
02.9.2005;855;879;851;874;2.52 K
01.9.2005;818;850;816;850;2.16 K
31.8.2005;820;823;815;818;1.54 K
30.8.2005;822;824;816;820;2.61 K
26.8.2005;811;826;811;821;1.36 K
25.8.2005;816;826;810;812;1.95 K
24.8.2005;813;825;811;817;2.08 K
23.8.2005;807;820;807;812;1.51 K
22.8.2005;807;809;793;806;1.56 K
19.8.2005;810;812;800;807;2.71 K
18.8.2005;781;808;781;807;1.06 K
17.8.2005;790;794;781;782;3.42 K
16.8.2005;787;797;782;789;7.9 K
15.8.2005;783;798;783;785;2.97 K
12.8.2005;793;799;780;782;6.9 K
11.8.2005;818;823;786;792;7.67 K
10.8.2005;825;834;816;821;4.34 K
09.8.2005;832;840;826;827;4.83 K
08.8.2005;860;863;836;838;2.19 K
05.8.2005;869;869;849;859;3.58 K
04.8.2005;877;886;869;870;2.96 K
03.8.2005;890;893;871;876;2.88 K
02.8.2005;881;890;879;886;2.01 K
01.8.2005;891;894;875;881;4.48 K
29.7.2005;870;890;865;884;16.61 K
28.7.2005;880;885;863;870;3.43 K
27.7.2005;862;880;862;877;2.75 K
26.7.2005;851;864;849;862;1.89 K
25.7.2005;849;867;849;851;1.73 K
22.7.2005;834;852;834;846;3.09 K
21.7.2005;849;858;837;846;3.59 K
20.7.2005;858;878;854;856;4.05 K
19.7.2005;868;876;858;865;3.41 K
18.7.2005;844;871;843;868;5.6 K
15.7.2005;835;858;833;852;3.17 K
14.7.2005;832;833;824;825;468
13.7.2005;829;837;827;830;21.36 K
12.7.2005;825;838;825;830;7.7 K
11.7.2005;831;843;825;826;4.63 K
08.7.2005;828;831;821;834;1.63 K
07.7.2005;830;840;826;827;1.33 K
06.7.2005;842;842;828;830;2.6 K
05.7.2005;847;852;842;843;1.6 K
04.7.2005;850;853;848;848;239
01.7.2005;842;850;836;847;925
30.6.2005;855;859;837;846;1.05 K
29.6.2005;854;860;842;855;2 K
28.6.2005;869;869;853;854;4.2 K
27.6.2005;866;878;853;872;2.86 K
24.6.2005;894;903;866;866;2.27 K
23.6.2005;888;901;884;894;1.86 K
22.6.2005;868;897;868;888;3.03 K
21.6.2005;869;880;869;872;1.26 K
20.6.2005;875;878;868;868;1.54 K
17.6.2005;878;882;866;874;1.25 K
16.6.2005;885;888;864;878;3.25 K
15.6.2005;859;889;859;882;6.81 K
14.6.2005;818;861;815;856;10.46 K
13.6.2005;814;823;812;816;3.45 K
10.6.2005;818;820;812;815;2.99 K
09.6.2005;815;825;812;818;3.71 K
08.6.2005;823;827;812;814;2.29 K
07.6.2005;821;826;813;822;3.25 K
06.6.2005;819;828;816;819;6.09 K
03.6.2005;821;835;817;824;3.4 K
02.6.2005;806;820;804;819;2.31 K
01.6.2005;820;824;803;806;6.66 K
31.5.2005;809;821;809;820;6.41 K
27.5.2005;815;816;809;810;3.15 K
26.5.2005;819;822;810;813;2.05 K
25.5.2005;818;825;814;818;3.25 K
24.5.2005;834;838;816;818;2.11 K
23.5.2005;819;846;812;832;4.32 K
20.5.2005;815;822;812;818;1.5 K
19.5.2005;826;829;815;818;1.53 K
18.5.2005;818;825;818;824;2.2 K
17.5.2005;821;821;814;816;1.52 K
16.5.2005;809;823;805;822;2.94 K
13.5.2005;794;796;789;790;1.29 K
12.5.2005;800;802;795;795;3.48 K
11.5.2005;800;806;796;799;3.7 K
10.5.2005;797;810;796;800;6.4 K
09.5.2005;795;796;785;795;17.01 K
06.5.2005;785;793;780;791;1.14 K
05.5.2005;789;791;784;784;796
04.5.2005;798;801;789;795;1.15 K
03.5.2005;797;805;793;795;1.91 K
02.5.2005;791;791;791;791;0
29.4.2005;795;809;790;791;3.76 K
28.4.2005;803;803;793;795;2.1 K
27.4.2005;789;805;789;802;514
26.4.2005;792;802;789;790;1.2 K
25.4.2005;795;796;790;790;1.31 K
22.4.2005;810;810;790;794;1.32 K
21.4.2005;815;825;810;812;1.16 K
20.4.2005;816;827;812;819;5.95 K
19.4.2005;808;824;807;818;4.24 K
18.4.2005;814;823;808;815;2.4 K
15.4.2005;824;830;810;821;4.58 K
14.4.2005;844;850;826;828;4.55 K
13.4.2005;844;850;839;842;1.97 K
12.4.2005;831;853;831;850;3.78 K
11.4.2005;847;854;833;834;1.73 K
08.4.2005;842;855;837;853;3.18 K
07.4.2005;848;861;839;848;4.85 K
06.4.2005;847;853;833;851;5.75 K
05.4.2005;873;885;847;850;2.99 K
04.4.2005;859;878;857;877;4.87 K
01.4.2005;877;902;868;870;4.32 K
31.3.2005;853;881;853;877;4.04 K
30.3.2005;865;869;856;857;4.14 K
29.3.2005;866;874;864;865;4.27 K
24.3.2005;870;882;859;873;6.68 K
23.3.2005;938;938;869;877;12.27 K
22.3.2005;942;946;932;936;2.89 K
21.3.2005;994;994;932;936;4.58 K
18.3.2005;976;987;971;986;2.6 K
17.3.2005;977;984;967;971;4.12 K
16.3.2005;957;972;945;969;2.27 K
15.3.2005;952;960;946;954;2.25 K
14.3.2005;952;959;937;942;2.73 K
11.3.2005;936;967;934;951;3.46 K
10.3.2005;917;934;916;925;6.93 K
09.3.2005;921;930;912;915;2.95 K
08.3.2005;932;940;923;926;1.49 K
07.3.2005;920;940;899;932;8.45 K
04.3.2005;911;922;901;920;2.63 K
03.3.2005;904;917;896;910;1.53 K
02.3.2005;916;917;896;904;2.33 K
01.3.2005;912;917;903;916;3.62 K
28.2.2005;875;912;870;906;8.21 K
25.2.2005;882;882;871;874;2.83 K
24.2.2005;867;883;856;882;10.02 K
23.2.2005;851;868;846;865;3.45 K
22.2.2005;854;861;850;853;2.38 K
21.2.2005;865;865;848;856;1.34 K
18.2.2005;868;874;865;866;3.33 K
17.2.2005;858;868;853;866;4.56 K
16.2.2005;862;862;851;859;10.7 K
15.2.2005;850;866;850;862;2.15 K
14.2.2005;860;863;843;850;1.69 K
11.2.2005;854;863;846;858;3.17 K
10.2.2005;842;859;840;853;3.37 K
09.2.2005;878;881;840;843;6.18 K
08.2.2005;880;887;872;881;3.73 K
07.2.2005;856;889;851;883;5.66 K
04.2.2005;865;866;848;853;4.32 K
03.2.2005;874;876;860;865;6.56 K
02.2.2005;849;874;849;872;7.43 K
01.2.2005;826;855;826;855;6.11 K
31.1.2005;848;856;832;834;4.15 K
28.1.2005;866;869;852;853;2.41 K
27.1.2005;865;871;855;864;5.42 K
26.1.2005;841;863;835;855;6.68 K
25.1.2005;837;847;835;843;4.89 K
24.1.2005;820;844;820;839;3.68 K
21.1.2005;825;832;820;823;2.92 K
20.1.2005;822;836;819;829;2.37 K
19.1.2005;826;833;813;826;6.93 K
18.1.2005;823;831;823;826;4.18 K
17.1.2005;819;831;819;828;1.99 K
14.1.2005;832;834;824;827;7.28 K
13.1.2005;815;831;815;831;5.71 K
12.1.2005;818;829;815;817;6.86 K
11.1.2005;815;824;812;818;9.53 K
10.1.2005;824;829;815;818;6.21 K
07.1.2005;844;845;825;828;5.67 K
06.1.2005;850;856;839;846;4.73 K
05.1.2005;849;852;842;847;2.25 K
04.1.2005;840;858;835;849;5.66 K
03.1.2005;844;844;844;844;0
31.12.2004;840;845;835;844;1.61 K
30.12.2004;838;849;835;841;3.1 K
29.12.2004;845;847;837;838;4.04 K
28.12.2004;850;850;850;850;0
27.12.2004;850;850;850;850;0
24.12.2004;839;850;837;850;2.38 K
23.12.2004;854;861;838;839;4.66 K
22.12.2004;844;860;838;857;4.53 K
21.12.2004;844;854;841;845;3.83 K
20.12.2004;855;858;842;846;10.74 K
17.12.2004;881;881;857;858;7.13 K
16.12.2004;880;887;879;881;6.54 K
15.12.2004;863;886;863;883;6.59 K
14.12.2004;849;852;846;848;4.38 K
13.12.2004;857;859;849;853;7.93 K
10.12.2004;863;868;858;860;3.02 K
09.12.2004;866;877;862;866;5.29 K
08.12.2004;874;876;867;867;1.13 K
07.12.2004;889;892;878;880;3.62 K
06.12.2004;897;897;888;892;3.4 K
03.12.2004;881;908;871;898;950
02.12.2004;877;884;864;877;7.18 K
01.12.2004;880;880;868;873;2.93 K
30.11.2004;869;888;865;880;9.09 K
29.11.2004;863;869;845;869;10.51 K
26.11.2004;878;878;863;864;1.41 K
25.11.2004;874;883;873;873;1.53 K
24.11.2004;866;873;863;873;1.48 K
23.11.2004;853;871;853;870;1.71 K
22.11.2004;867;868;853;857;1.19 K
19.11.2004;883;886;869;872;1.28 K
18.11.2004;875;907;874;889;1.47 K
17.11.2004;922;923;877;877;6.11 K
16.11.2004;957;959;925;928;1.59 K
15.11.2004;935;960;929;957;1.96 K
12.11.2004;955;955;921;935;2.93 K
11.11.2004;935;961;923;956;4.8 K
10.11.2004;1014;1021;936;939;4.14 K
09.11.2004;996;996;944;988;6.67 K
08.11.2004;1002;1019;970;993;13.31 K
05.11.2004;895;926;891;913;12.93 K
04.11.2004;847;892;841;889;48.44 K
03.11.2004;832;849;829;834;2.57 K
02.11.2004;830;836;829;830;2.08 K
01.11.2004;836;840;830;832;2.95 K
29.10.2004;850;859;832;833;6.48 K
28.10.2004;837;850;831;844;3.41 K
27.10.2004;827;836;827;835;4.83 K
26.10.2004;819;826;817;823;2.05 K
25.10.2004;821;821;813;818;2.76 K
22.10.2004;820;827;817;820;2.28 K
21.10.2004;814;820;812;814;2.24 K
20.10.2004;821;824;812;814;3.21 K
19.10.2004;845;850;824;830;2.52 K
18.10.2004;829;844;824;838;2.57 K
15.10.2004;842;844;827;832;1.46 K
14.10.2004;827;847;822;840;2.48 K
13.10.2004;835;842;827;828;2.58 K
12.10.2004;850;854;831;839;2.02 K
11.10.2004;816;852;816;849;2.67 K
08.10.2004;810;841;808;824;7.15 K
07.10.2004;813;818;803;810;5.33 K
06.10.2004;822;824;815;816;3.76 K
05.10.2004;820;836;818;823;2.51 K
04.10.2004;830;842;825;828;1.28 K
01.10.2004;830;844;828;835;1.79 K
30.9.2004;836;849;831;835;3.45 K
29.9.2004;826;835;821;834;1.4 K
28.9.2004;827;838;825;827;3.04 K
27.9.2004;830;841;827;831;3.07 K
24.9.2004;870;874;803;832;5.82 K
23.9.2004;879;881;861;876;2.35 K
22.9.2004;875;896;873;882;3.78 K
21.9.2004;867;870;854;865;2.54 K
20.9.2004;846;870;844;865;2.85 K
17.9.2004;850;864;847;854;3.43 K
16.9.2004;873;878;845;851;4.34 K
15.9.2004;841;850;837;842;281
14.9.2004;830;840;830;835;666
13.9.2004;838;838;820;830;4.18 K
10.9.2004;842;847;829;831;1.16 K
09.9.2004;848;855;838;844;1.42 K
08.9.2004;829;855;829;849;2.56 K
07.9.2004;890;895;850;850;981
06.9.2004;894;900;894;896;1.08 K
03.9.2004;909;909;890;901;462
02.9.2004;917;921;896;904;537
01.9.2004;952;952;902;911;1.47 K
31.8.2004;969;974;944;959;1.13 K
27.8.2004;971;977;955;975;571
26.8.2004;945;971;930;971;3.06 K
25.8.2004;966;967;939;946;716
24.8.2004;975;980;946;968;376
23.8.2004;968;983;955;979;589
20.8.2004;966;980;950;970;1.92 K
19.8.2004;920;965;920;962;2.15 K
18.8.2004;903;941;903;917;2.38 K
17.8.2004;890;900;868;903;13.67 K
16.8.2004;915;927;877;890;2.23 K
13.8.2004;930;933;911;916;1.55 K
12.8.2004;904;929;903;924;1.84 K
11.8.2004;940;952;900;907;2.27 K
10.8.2004;913;946;909;938;15.05 K
09.8.2004;906;923;905;916;502
06.8.2004;966;968;901;911;3.93 K
05.8.2004;983;983;956;970;3.53 K
04.8.2004;991;992;970;985;2.59 K
03.8.2004;967;986;957;985;4.6 K
02.8.2004;938;965;938;964;4.71 K
30.7.2004;957;957;930;937;3.54 K
29.7.2004;952;956;938;954;4 K
28.7.2004;914;949;914;947;3.56 K
27.7.2004;905;925;904;913;1.9 K
26.7.2004;923;923;894;907;1.2 K
23.7.2004;925;927;913;919;2.79 K
22.7.2004;913;921;881;920;6.35 K
21.7.2004;870;916;862;914;6.27 K
20.7.2004;875;883;869;871;3.9 K
19.7.2004;858;880;856;879;3.15 K
16.7.2004;875;875;849;863;5.62 K
15.7.2004;817;821;813;819;53
14.7.2004;788;826;785;817;402
13.7.2004;790;794;782;792;1.04 K
12.7.2004;778;795;776;790;696
09.7.2004;786;796;781;785;1.13 K
08.7.2004;785;815;778;782;5.77 K
07.7.2004;761;796;756;788;1.57 K
06.7.2004;748;758;733;758;638
05.7.2004;742;752;742;747;451
02.7.2004;755;759;739;746;13.26 K
01.7.2004;761;770;756;758;14.85 K
30.6.2004;789;801;760;761;2.92 K
29.6.2004;782;790;772;789;11.11 K
28.6.2004;771;792;766;781;2.16 K
25.6.2004;765;773;761;773;1.25 K
24.6.2004;767;768;762;764;1.08 K
23.6.2004;764;768;762;766;738
22.6.2004;770;770;762;764;1.82 K
21.6.2004;764;771;761;768;1.14 K
18.6.2004;775;779;761;764;1.86 K
17.6.2004;781;781;765;773;3.06 K
16.6.2004;776;795;776;781;2.39 K
15.6.2004;773;793;771;776;2.37 K
14.6.2004;775;779;772;773;1.1 K
11.6.2004;775;781;771;773;531
10.6.2004;778;784;775;776;2.77 K
09.6.2004;779;787;775;785;2.66 K
08.6.2004;772;794;772;782;2.28 K
07.6.2004;771;776;762;769;3.45 K
04.6.2004;774;783;765;770;4.16 K
03.6.2004;775;785;764;774;3.59 K
02.6.2004;804;808;770;775;5.35 K
01.6.2004;835;835;799;809;4.55 K
28.5.2004;822;844;818;844;3.67 K
27.5.2004;808;823;795;822;2.39 K
26.5.2004;810;816;799;810;2.2 K
25.5.2004;800;813;796;812;2.29 K
24.5.2004;810;811;800;802;1.46 K
21.5.2004;831;838;795;810;3.88 K
20.5.2004;792;851;791;835;8.15 K
19.5.2004;791;799;787;790;2.21 K
18.5.2004;781;790;775;790;3.2 K
17.5.2004;790;797;771;786;4.32 K
14.5.2004;800;802;787;794;3.43 K
13.5.2004;787;787;772;775;138
12.5.2004;783;793;780;781;1.33 K
11.5.2004;790;793;785;787;16.03 K
10.5.2004;788;793;780;786;9.85 K
07.5.2004;791;794;781;789;567
06.5.2004;784;795;781;788;1.18 K
05.5.2004;802;805;787;790;5.19 K
04.5.2004;811;815;799;807;929
30.4.2004;832;838;823;833;4.34 K
29.4.2004;824;833;821;831;578
28.4.2004;803;825;802;824;3.51 K
27.4.2004;817;822;800;804;1.12 K
26.4.2004;807;817;805;815;946
23.4.2004;795;806;786;805;1.34 K
22.4.2004;798;801;786;789;1.08 K
21.4.2004;781;794;779;788;781
20.4.2004;800;800;777;781;2.61 K
19.4.2004;791;806;782;797;1.6 K
16.4.2004;801;806;784;791;2.46 K
15.4.2004;817;823;802;805;3.19 K
14.4.2004;798;816;794;814;1.54 K
13.4.2004;800;812;797;798;2.86 K
08.4.2004;796;814;788;812;3.35 K
07.4.2004;825;825;792;811;5.46 K
06.4.2004;820;823;810;819;2.14 K
05.4.2004;810;833;797;832;2.86 K
02.4.2004;858;867;808;811;5.22 K
01.4.2004;889;893;862;867;2.71 K
31.3.2004;870;895;869;880;5.62 K
30.3.2004;861;868;855;867;3.17 K
29.3.2004;872;872;850;859;1.25 K
26.3.2004;854;872;852;865;2.49 K
25.3.2004;855;880;846;849;2.02 K
24.3.2004;843;876;837;855;6.99 K
23.3.2004;854;856;841;844;1.98 K
22.3.2004;843;858;842;851;1.74 K
19.3.2004;839;844;829;840;841
18.3.2004;831;859;824;841;13.89 K
17.3.2004;845;852;820;830;2.29 K
16.3.2004;835;837;828;826;146
15.3.2004;831;838;820;834;5.52 K
12.3.2004;837;837;812;822;2.07 K
11.3.2004;815;830;815;825;1.96 K
10.3.2004;826;826;809;812;5.78 K
09.3.2004;826;826;805;823;1.18 K
08.3.2004;821;838;820;828;16.74 K
05.3.2004;847;853;826;829;690
04.3.2004;845;856;834;847;1.32 K
03.3.2004;876;876;842;856;6.17 K
02.3.2004;884;885;863;875;1.37 K
01.3.2004;904;904;864;881;1.55 K
27.2.2004;914;951;898;903;3.3 K
26.2.2004;862;918;862;914;4.08 K
25.2.2004;845;862;837;862;1.7 K
24.2.2004;829;842;826;841;418
23.2.2004;826;837;821;831;936
20.2.2004;840;841;821;831;2.61 K
19.2.2004;860;860;832;844;1.66 K
18.2.2004;874;878;860;860;1.26 K
17.2.2004;869;883;864;875;2.1 K
16.2.2004;874;876;862;872;1.13 K
13.2.2004;878;893;856;880;1.1 K
12.2.2004;882;887;873;883;1.17 K
11.2.2004;885;886;873;881;1.24 K
10.2.2004;884;892;865;888;2.25 K
09.2.2004;888;910;879;888;1.58 K
06.2.2004;940;940;891;898;1.7 K
05.2.2004;929;944;926;940;2.49 K
04.2.2004;947;956;925;931;7.41 K
03.2.2004;887;955;887;945;3.73 K
02.2.2004;909;918;884;899;1.34 K
30.1.2004;915;921;893;905;4.76 K
29.1.2004;878;908;852;907;3.38 K
28.1.2004;920;920;876;879;7.82 K
27.1.2004;934;939;921;923;2.02 K
26.1.2004;930;938;916;934;2.8 K
23.1.2004;963;965;921;930;3.34 K
22.1.2004;941;962;941;961;6.01 K
21.1.2004;925;943;925;942;3.97 K
20.1.2004;939;957;920;922;3.6 K
19.1.2004;922;952;921;947;2.7 K
16.1.2004;914;938;911;925;3.97 K
15.1.2004;907;927;901;907;3.32 K
14.1.2004;926;926;898;906;3.61 K
13.1.2004;942;942;916;922;5.01 K
12.1.2004;943;946;925;938;4.25 K
09.1.2004;918;962;911;943;6.54 K
08.1.2004;934;948;913;918;6.15 K
07.1.2004;880;983;872;933;11.53 K
06.1.2004;849;892;845;885;4.06 K
05.1.2004;856;863;838;851;7.63 K
02.1.2004;885;885;856;859;6.54 K
31.12.2003;890;894;888;893;1.53 K
30.12.2003;902;903;890;891;2.58 K
29.12.2003;907;908;893;900;4.47 K
24.12.2003;905;911;897;908;2.4 K
23.12.2003;910;914;903;906;3.84 K
22.12.2003;922;934;910;914;3.86 K
19.12.2003;939;939;916;924;2.62 K
18.12.2003;934;950;923;934;2.77 K
17.12.2003;919;944;914;934;2.88 K
16.12.2003;960;960;920;925;3.62 K
15.12.2003;983;990;961;962;2.7 K
12.12.2003;960;970;952;950;840
11.12.2003;968;979;937;944;2.46 K
10.12.2003;984;1007;967;962;12.67 K
09.12.2003;925;984;924;984;7.5 K
08.12.2003;912;930;905;926;5.46 K
05.12.2003;931;931;907;920;5.65 K
04.12.2003;912;935;912;931;3.95 K
03.12.2003;896;915;890;910;1.93 K
02.12.2003;899;916;888;890;2.02 K
01.12.2003;877;910;875;899;2.59 K
28.11.2003;857;869;856;868;918
27.11.2003;854;863;848;857;1.79 K
26.11.2003;857;863;848;855;824
25.11.2003;878;884;849;853;3.61 K
24.11.2003;882;883;870;879;1.94 K
21.11.2003;909;915;877;878;2.45 K
20.11.2003;917;929;912;912;1.2 K
19.11.2003;905;928;905;921;1.52 K
18.11.2003;918;937;903;907;2.37 K
17.11.2003;948;948;920;921;2.79 K
14.11.2003;925;948;920;940;3.38 K
13.11.2003;911;932;902;925;2.22 K
12.11.2003;890;925;880;911;1.76 K
11.11.2003;875;889;870;888;1.84 K
10.11.2003;897;897;866;870;2.08 K
07.11.2003;876;901;870;898;3.03 K
06.11.2003;870;881;865;877;4.09 K
05.11.2003;855;885;855;873;3.4 K
04.11.2003;847;863;847;861;6.51 K
03.11.2003;844;853;838;851;4.85 K
31.10.2003;844;864;840;850;7.63 K
30.10.2003;851;859;842;847;6.19 K
29.10.2003;842;854;841;852;1.09 K
28.10.2003;847;861;842;844;2.16 K
27.10.2003;858;867;845;851;2.57 K
24.10.2003;845;859;844;859;11.27 K
23.10.2003;850;867;844;849;2.08 K
22.10.2003;865;871;835;844;2.96 K
21.10.2003;856;874;854;864;3.4 K
20.10.2003;855;867;841;856;1.61 K
17.10.2003;891;900;839;850;5.29 K
16.10.2003;910;910;885;891;2.47 K
15.10.2003;893;920;883;905;3 K
14.10.2003;923;923;895;896;1.35 K
13.10.2003;907;935;897;925;2.3 K
10.10.2003;923;936;904;916;2.79 K
09.10.2003;911;924;909;922;5.44 K
08.10.2003;962;975;908;912;6.34 K
07.10.2003;955;972;948;964;2.97 K
06.10.2003;959;975;948;958;1.25 K
03.10.2003;953;968;952;963;11.81 K
02.10.2003;972;977;949;957;2.31 K
01.10.2003;1004;1007;954;969;2.54 K
30.9.2003;995;1015;981;1013;2.76 K
29.9.2003;988;995;975;992;3.31 K
26.9.2003;1016;1017;973;988;3.18 K
25.9.2003;1020;1075;1018;1022;4.79 K
24.9.2003;999;1019;973;1017;3.38 K
23.9.2003;952;1008;950;1001;8.64 K
22.9.2003;967;969;945;955;1.99 K
19.9.2003;955;979;948;967;2.23 K
18.9.2003;984;984;944;957;4.37 K
17.9.2003;968;989;968;984;2.35 K
16.9.2003;986;990;965;969;1.65 K
15.9.2003;949;962;949;963;85
12.9.2003;971;982;945;964;2.83 K
11.9.2003;1030;1030;998;972;900
10.9.2003;1051;1053;1027;1032;13.05 K
09.9.2003;1074;1081;1052;1053;2.49 K
08.9.2003;1073;1079;1057;1074;2.39 K
05.9.2003;1084;1091;1070;1073;800
04.9.2003;1052;1083;1052;1083;1.81 K
03.9.2003;1087;1090;1060;1063;1.66 K
02.9.2003;1111;1112;1080;1102;1.26 K
01.9.2003;1126;1126;1107;1115;917
29.8.2003;1135;1135;1099;1132;1.12 K
28.8.2003;1089;1130;1088;1130;1.35 K
27.8.2003;1107;1107;1075;1082;699
26.8.2003;1057;1101;1057;1098;1.97 K
25.8.2003;1037;1037;1037;1037;0
22.8.2003;1015;1039;1006;1037;1.05 K
21.8.2003;983;1015;982;1011;2.91 K
20.8.2003;955;979;952;974;1.2 K
19.8.2003;965;976;953;955;2.7 K
18.8.2003;940;970;938;960;1.98 K
15.8.2003;945;945;934;943;1.66 K
14.8.2003;943;945;932;940;1.47 K
13.8.2003;931;945;931;943;3.46 K
12.8.2003;946;955;931;934;2.93 K
11.8.2003;933;947;928;945;3.67 K
08.8.2003;927;945;927;934;4.53 K
07.8.2003;923;938;923;928;1.88 K
06.8.2003;925;960;915;921;2.36 K
05.8.2003;939;939;924;927;1.19 K
04.8.2003;932;939;921;935;2.54 K
01.8.2003;938;938;927;932;1.33 K
31.7.2003;940;948;932;938;2.42 K
30.7.2003;945;948;933;944;2.09 K
29.7.2003;921;943;908;942;6.33 K
28.7.2003;947;950;917;922;2.74 K
25.7.2003;939;950;935;947;1.11 K
24.7.2003;940;953;930;939;1.2 K
23.7.2003;924;944;919;938;2.12 K
22.7.2003;949;949;924;926;4.83 K
21.7.2003;961;968;946;949;3.46 K
18.7.2003;998;1004;956;957;2.8 K
17.7.2003;989;1006;976;1006;2.84 K
16.7.2003;940;952;939;953;616
15.7.2003;949;961;945;949;1.75 K
14.7.2003;956;957;944;950;1.97 K
11.7.2003;963;971;951;967;1.53 K
10.7.2003;995;998;960;967;395
09.7.2003;1021;1026;995;996;4.17 K
08.7.2003;1037;1037;1022;1022;4.16 K
07.7.2003;1020;1040;1014;1030;350
04.7.2003;1008;1020;1008;1020;384
03.7.2003;1018;1018;996;1008;507
02.7.2003;1008;1012;985;1012;643
01.7.2003;1021;1022;984;1007;1.54 K
30.6.2003;1005;1021;1002;1020;584
27.6.2003;976;1007;976;1000;1.28 K
26.6.2003;974;979;964;974;1.11 K
25.6.2003;961;979;959;967;1 K
24.6.2003;962;970;955;959;1.47 K
23.6.2003;963;989;958;963;1.32 K
20.6.2003;925;973;925;973;206
19.6.2003;961;980;928;920;1.02 K
18.6.2003;966;1000;961;962;1.03 K
17.6.2003;933;970;930;965;1.93 K
16.6.2003;930;966;929;933;1.73 K
13.6.2003;956;960;930;933;1.55 K
12.6.2003;953;965;942;953;1.62 K
11.6.2003;945;956;940;953;1.78 K
10.6.2003;958;970;938;947;1.4 K
09.6.2003;958;959;947;957;867
06.6.2003;958;969;951;954;2.79 K
05.6.2003;985;999;953;958;3.05 K
04.6.2003;985;1003;974;987;1.45 K
03.6.2003;1004;1013;987;987;2.95 K
02.6.2003;960;1009;945;1008;6.69 K
30.5.2003;970;997;969;974;3.69 K
29.5.2003;1016;1025;960;970;4.61 K
28.5.2003;1004;1028;997;1015;2 K
27.5.2003;1059;1060;1003;1005;3.73 K
26.5.2003;1072;1072;1072;1072;0
23.5.2003;1068;1073;1046;1072;2.21 K
22.5.2003;1026;1073;1024;1068;2.86 K
21.5.2003;1036;1036;989;1031;3.96 K
20.5.2003;1059;1079;1006;1036;2.29 K
19.5.2003;1107;1114;1059;1073;3.72 K
16.5.2003;1090;1120;1087;1116;2.43 K
15.5.2003;1118;1120;1090;1100;2.64 K
14.5.2003;1082;1096;1082;1096;798
13.5.2003;1145;1147;1105;1107;2.48 K
12.5.2003;1158;1164;1146;1148;9.86 K
09.5.2003;1159;1180;1157;1161;3.12 K
08.5.2003;1163;1176;1156;1162;866
07.5.2003;1179;1194;1160;1168;2.15 K
06.5.2003;1180;1195;1174;1188;1.09 K
05.5.2003;1219;1219;1219;1219;0
02.5.2003;1225;1242;1211;1219;1.22 K
01.5.2003;1228;1239;1220;1232;182
30.4.2003;1234;1248;1233;1236;1.58 K
29.4.2003;1223;1250;1218;1240;1.77 K
28.4.2003;1236;1236;1218;1227;569
25.4.2003;1210;1240;1205;1236;1.36 K
24.4.2003;1195;1223;1195;1220;1.09 K
23.4.2003;1254;1254;1193;1208;1.1 K
22.4.2003;1212;1255;1205;1255;5.54 K
17.4.2003;1203;1212;1188;1210;812
16.4.2003;1203;1222;1187;1207;1.25 K
15.4.2003;1204;1220;1183;1203;1.39 K
14.4.2003;1213;1225;1198;1212;1.04 K
11.4.2003;1254;1261;1210;1215;1.68 K
10.4.2003;1280;1282;1246;1250;2.21 K
09.4.2003;1296;1304;1282;1289;5.51 K
08.4.2003;1273;1305;1271;1296;2.09 K
07.4.2003;1274;1277;1262;1274;3.52 K
04.4.2003;1249;1262;1242;1255;1.61 K
03.4.2003;1274;1274;1251;1253;1.29 K
02.4.2003;1250;1274;1249;1270;1.22 K
01.4.2003;1256;1268;1246;1250;1.78 K
31.3.2003;1239;1263;1239;1256;5.15 K
28.3.2003;1241;1255;1239;1239;2.43 K
27.3.2003;1241;1275;1237;1248;2.55 K
26.3.2003;1257;1261;1236;1243;3.82 K
25.3.2003;1261;1275;1251;1267;2.25 K
24.3.2003;1294;1304;1271;1273;1.16 K
21.3.2003;1317;1335;1293;1305;1.27 K
20.3.2003;1321;1330;1284;1323;2.13 K
19.3.2003;1346;1356;1323;1325;1.42 K
18.3.2003;1292;1358;1292;1354;4.48 K
17.3.2003;1300;1305;1280;1304;1.73 K
14.3.2003;1278;1278;1263;1266;220
13.3.2003;1295;1295;1277;1284;1.39 K
12.3.2003;1281;1298;1244;1295;6.03 K
11.3.2003;1294;1305;1285;1292;3.02 K
10.3.2003;1308;1324;1278;1307;5.86 K
07.3.2003;1287;1317;1274;1315;5.83 K
06.3.2003;1296;1317;1272;1292;21.81 K
05.3.2003;1305;1320;1291;1304;3.45 K
04.3.2003;1279;1313;1270;1303;1.22 K
03.3.2003;1342;1356;1286;1284;681
28.2.2003;1340;1355;1330;1338;1.49 K
27.2.2003;1326;1349;1326;1340;2.52 K
26.2.2003;1294;1333;1268;1330;1.92 K
25.2.2003;1375;1378;1289;1298;2.74 K
24.2.2003;1362;1383;1362;1380;2.06 K
21.2.2003;1370;1371;1326;1364;1.92 K
20.2.2003;1470;1472;1337;1368;3.29 K
19.2.2003;1460;1479;1460;1471;1.09 K
18.2.2003;1475;1475;1455;1464;1.5 K
17.2.2003;1493;1493;1469;1476;1.13 K
14.2.2003;1454;1493;1454;1486;1.65 K
13.2.2003;1455;1469;1447;1454;1.04 K
12.2.2003;1442;1462;1423;1457;1.9 K
11.2.2003;1454;1454;1437;1438;4.08 K
10.2.2003;1483;1483;1445;1454;2.19 K
07.2.2003;1417;1479;1411;1470;3.15 K
06.2.2003;1458;1461;1415;1419;2.88 K
05.2.2003;1466;1469;1448;1458;7.37 K
04.2.2003;1451;1483;1449;1468;2.45 K
03.2.2003;1473;1484;1442;1458;5.46 K
31.1.2003;1460;1478;1450;1473;2.54 K
30.1.2003;1439;1454;1420;1454;2.29 K
29.1.2003;1439;1461;1423;1438;3.5 K
28.1.2003;1383;1420;1383;1419;17.24 K
27.1.2003;1353;1385;1353;1376;3.05 K
24.1.2003;1350;1364;1343;1350;4.15 K
23.1.2003;1361;1393;1350;1380;13.33 K
22.1.2003;1356;1359;1342;1354;2.49 K
21.1.2003;1350;1358;1342;1356;3.96 K
20.1.2003;1350;1353;1341;1351;841
17.1.2003;1358;1367;1346;1351;3.76 K
16.1.2003;1319;1370;1319;1357;3.37 K
15.1.2003;1310;1330;1310;1321;1.13 K
14.1.2003;1319;1336;1311;1314;3.52 K
13.1.2003;1345;1360;1317;1322;2.52 K
10.1.2003;1372;1372;1352;1358;2.52 K
09.1.2003;1335;1382;1317;1365;3.58 K
08.1.2003;1389;1390;1319;1338;7.04 K
07.1.2003;1393;1400;1381;1390;3.3 K
06.1.2003;1375;1393;1357;1392;5.22 K
03.1.2003;1355;1385;1355;1375;7.53 K
02.1.2003;1290;1365;1289;1349;4.17 K
31.12.2002;1282;1290;1280;1287;3.42 K
30.12.2002;1295;1295;1279;1285;5.25 K
27.12.2002;1314;1314;1295;1295;2.12 K
24.12.2002;1324;1324;1308;1318;2.78 K
23.12.2002;1336;1340;1318;1327;4.42 K
20.12.2002;1340;1342;1333;1334;2.83 K
19.12.2002;1335;1349;1329;1340;3.11 K
18.12.2002;1343;1352;1333;1340;2.03 K
17.12.2002;1327;1343;1309;1341;4.6 K
16.12.2002;1347;1349;1319;1328;2.23 K
13.12.2002;1340;1353;1331;1340;3.35 K
12.12.2002;1300;1321;1300;1307;423
11.12.2002;1333;1333;1294;1305;1.37 K
10.12.2002;1334;1360;1314;1340;5.98 K
09.12.2002;1270;1311;1259;1312;5.51 K
06.12.2002;1215;1255;1215;1241;5.9 K
05.12.2002;1191;1223;1185;1214;6.89 K
04.12.2002;1200;1207;1187;1193;1.49 K
03.12.2002;1159;1195;1158;1191;2.02 K
02.12.2002;1191;1210;1159;1160;1.58 K
29.11.2002;1154;1179;1143;1173;1.75 K
28.11.2002;1142;1156;1139;1149;1.33 K
27.11.2002;1112;1165;1107;1140;3.03 K
26.11.2002;1120;1121;1097;1111;1.6 K
25.11.2002;1126;1129;1093;1120;2.85 K
22.11.2002;1142;1142;1130;1131;1.89 K
21.11.2002;1141;1146;1123;1139;1.37 K
20.11.2002;1144;1149;1136;1141;4.58 K
19.11.2002;1153;1162;1141;1143;1.2 K
18.11.2002;1141;1170;1140;1153;2.18 K
15.11.2002;1134;1151;1131;1141;2.5 K
14.11.2002;1137;1177;1135;1136;2.49 K
13.11.2002;1145;1155;1132;1135;2.17 K
12.11.2002;1188;1188;1145;1149;2.62 K
11.11.2002;1216;1230;1188;1192;3.31 K
08.11.2002;1244;1244;1215;1219;2.28 K
07.11.2002;1263;1284;1243;1247;5.88 K
06.11.2002;1197;1264;1184;1259;1.65 K
05.11.2002;1215;1235;1199;1206;4.09 K
04.11.2002;1254;1259;1192;1213;3.8 K
01.11.2002;1290;1291;1266;1270;7.75 K
31.10.2002;1312;1319;1294;1298;2.17 K
30.10.2002;1305;1329;1295;1309;15.63 K
29.10.2002;1350;1350;1284;1304;2.23 K
28.10.2002;1400;1400;1358;1363;1.43 K
25.10.2002;1424;1425;1401;1409;1.46 K
24.10.2002;1420;1425;1390;1422;1.37 K
23.10.2002;1410;1445;1410;1424;1.76 K
22.10.2002;1351;1405;1350;1399;2.73 K
21.10.2002;1349;1366;1312;1348;3.41 K
18.10.2002;1444;1444;1330;1350;10.19 K
17.10.2002;1490;1505;1445;1454;6.17 K
16.10.2002;1586;1600;1448;1454;3.39 K
15.10.2002;1615;1617;1550;1586;2.92 K
14.10.2002;1628;1636;1606;1613;3.52 K
11.10.2002;1609;1635;1585;1593;8.24 K
10.10.2002;1580;1615;1575;1605;13.35 K
09.10.2002;1558;1592;1558;1582;3.38 K
08.10.2002;1549;1556;1542;1555;1.33 K
07.10.2002;1540;1555;1538;1540;2.25 K
04.10.2002;1514;1530;1495;1530;7 K
03.10.2002;1515;1531;1513;1524;1.68 K
02.10.2002;1516;1518;1504;1518;1.24 K
01.10.2002;1520;1520;1505;1515;1.72 K
30.9.2002;1512;1528;1505;1519;4.45 K
27.9.2002;1499;1520;1499;1510;3.17 K
26.9.2002;1488;1499;1480;1499;5.19 K
25.9.2002;1472;1512;1472;1493;5.02 K
24.9.2002;1485;1488;1460;1476;1.83 K
23.9.2002;1482;1498;1468;1480;1.35 K
20.9.2002;1480;1485;1468;1477;1.42 K
19.9.2002;1470;1490;1462;1478;3.21 K
18.9.2002;1452;1467;1446;1455;2.02 K
17.9.2002;1443;1458;1443;1451;2.68 K
16.9.2002;1410;1450;1410;1443;2.09 K
13.9.2002;1394;1397;1381;1385;504
12.9.2002;1400;1405;1393;1399;1.12 K
11.9.2002;1384;1398;1380;1398;2.85 K
10.9.2002;1397;1398;1376;1389;866
09.9.2002;1400;1408;1396;1400;720
06.9.2002;1381;1398;1378;1398;513
05.9.2002;1381;1400;1375;1388;1.75 K
04.9.2002;1370;1380;1357;1381;1.72 K
03.9.2002;1400;1400;1349;1364;1.31 K
02.9.2002;1404;1407;1400;1401;1.56 K
30.8.2002;1402;1414;1397;1406;1.57 K
29.8.2002;1395;1407;1394;1404;671
28.8.2002;1388;1393;1378;1389;1.43 K
27.8.2002;1380;1388;1375;1388;648
26.8.2002;1400;1400;1400;1400;0
23.8.2002;1410;1416;1388;1400;1.28 K
22.8.2002;1407;1411;1397;1410;860
21.8.2002;1403;1420;1372;1406;17.73 K
20.8.2002;1395;1410;1392;1399;613
19.8.2002;1372;1393;1367;1390;6.04 K
16.8.2002;1378;1386;1369;1371;3.31 K
15.8.2002;1359;1376;1356;1376;4.81 K
14.8.2002;1366;1366;1350;1359;470
13.8.2002;1365;1373;1359;1366;1.24 K
12.8.2002;1354;1365;1348;1358;480
09.8.2002;1346;1382;1340;1357;1.99 K
08.8.2002;1354;1354;1340;1350;3.49 K
07.8.2002;1331;1355;1330;1355;1.05 K
06.8.2002;1314;1335;1311;1331;1.28 K
05.8.2002;1310;1323;1294;1311;1.51 K
02.8.2002;1373;1373;1290;1309;5.46 K
01.8.2002;1398;1409;1370;1378;1.5 K
31.7.2002;1380;1409;1378;1403;1.05 K
30.7.2002;1395;1402;1380;1380;1.31 K
29.7.2002;1394;1400;1382;1390;285
26.7.2002;1397;1423;1381;1405;2.48 K
25.7.2002;1355;1405;1346;1400;1.05 K
24.7.2002;1370;1370;1343;1351;2.9 K
23.7.2002;1395;1395;1370;1375;2.64 K
22.7.2002;1384;1408;1384;1399;888
19.7.2002;1367;1403;1353;1389;2.12 K
18.7.2002;1370;1379;1359;1366;819
17.7.2002;1395;1395;1360;1370;18.43 K
16.7.2002;1430;1451;1425;1449;353
15.7.2002;1404;1428;1391;1423;6.53 K
12.7.2002;1467;1473;1403;1407;1.42 K
11.7.2002;1450;1475;1445;1468;2.71 K
10.7.2002;1429;1451;1429;1450;1.04 K
09.7.2002;1411;1426;1404;1430;867
08.7.2002;1398;1420;1398;1406;4.17 K
05.7.2002;1400;1405;1396;1405;533
04.7.2002;1386;1400;1379;1400;348
03.7.2002;1375;1385;1375;1383;1.83 K
02.7.2002;1355;1375;1355;1373;1.05 K
01.7.2002;1336;1354;1328;1355;962
28.6.2002;1341;1350;1334;1347;2.56 K
27.6.2002;1334;1348;1320;1347;4.72 K
26.6.2002;1335;1340;1323;1339;428
25.6.2002;1334;1336;1323;1335;932
24.6.2002;1318;1331;1312;1331;807
21.6.2002;1302;1322;1302;1316;859
20.6.2002;1280;1306;1270;1300;960
19.6.2002;1265;1279;1264;1276;560
18.6.2002;1268;1273;1263;1264;490
17.6.2002;1253;1271;1240;1265;1.3 K
14.6.2002;1258;1262;1249;1253;2.2 K
13.6.2002;1259;1266;1250;1257;1.71 K
12.6.2002;1240;1270;1240;1260;1.2 K
11.6.2002;1225;1238;1212;1237;1.86 K
10.6.2002;1275;1276;1215;1224;5.11 K
07.6.2002;1277;1285;1269;1275;955
06.6.2002;1286;1286;1275;1277;1.31 K
05.6.2002;1293;1305;1274;1286;3.6 K
04.6.2002;1298;1298;1298;1298;0
03.6.2002;1298;1298;1298;1298;0
31.5.2002;1306;1318;1295;1298;2.19 K
30.5.2002;1296;1304;1290;1304;1.76 K
29.5.2002;1267;1299;1267;1294;2.63 K
28.5.2002;1259;1278;1257;1275;1.08 K
27.5.2002;1261;1261;1252;1258;998
24.5.2002;1270;1275;1259;1261;1.28 K
23.5.2002;1265;1274;1251;1269;2.65 K
22.5.2002;1285;1288;1255;1265;1.93 K
21.5.2002;1273;1286;1272;1282;1.86 K
20.5.2002;1269;1277;1265;1272;585
17.5.2002;1277;1292;1268;1278;3.89 K
16.5.2002;1206;1234;1206;1231;893
15.5.2002;1202;1207;1192;1205;1.39 K
14.5.2002;1191;1206;1190;1202;1.79 K
13.5.2002;1170;1191;1167;1190;1.35 K
10.5.2002;1185;1185;1173;1172;769
09.5.2002;1173;1185;1167;1184;1.07 K
08.5.2002;1165;1181;1165;1178;12.97 K
07.5.2002;1165;1178;1163;1163;3.33 K
06.5.2002;1182;1182;1182;1182;0
03.5.2002;1179;1186;1159;1182;1.36 K
02.5.2002;1170;1187;1169;1184;387
01.5.2002;1191;1191;1168;1173;454
30.4.2002;1183;1203;1161;1196;1.34 K
29.4.2002;1197;1197;1178;1183;373
26.4.2002;1194;1199;1187;1196;528
25.4.2002;1194;1196;1185;1194;1.13 K
24.4.2002;1209;1209;1192;1197;581
23.4.2002;1195;1208;1195;1205;1.01 K
22.4.2002;1189;1196;1175;1195;1.59 K
19.4.2002;1195;1195;1174;1189;921
18.4.2002;1192;1200;1186;1190;1.16 K
17.4.2002;1162;1194;1162;1190;2.81 K
16.4.2002;1166;1169;1158;1167;1.45 K
15.4.2002;1175;1177;1163;1165;1.57 K
12.4.2002;1153;1178;1148;1175;877
11.4.2002;1148;1156;1148;1151;616
10.4.2002;1164;1172;1143;1151;1.93 K
09.4.2002;1180;1183;1147;1168;2.38 K
08.4.2002;1213;1221;1181;1183;1.69 K
05.4.2002;1185;1221;1184;1218;1.78 K
04.4.2002;1171;1190;1170;1186;1.14 K
03.4.2002;1175;1175;1166;1171;3.23 K
02.4.2002;1197;1197;1178;1180;1.56 K
28.3.2002;1194;1202;1186;1191;1.67 K
27.3.2002;1170;1194;1167;1190;1.12 K
26.3.2002;1183;1183;1166;1170;1.45 K
25.3.2002;1215;1221;1180;1184;2.4 K
22.3.2002;1190;1215;1190;1215;2.35 K
21.3.2002;1185;1200;1183;1190;692
20.3.2002;1214;1214;1189;1190;1.77 K
19.3.2002;1216;1222;1208;1208;612
18.3.2002;1222;1229;1206;1217;4.13 K
15.3.2002;1233;1233;1224;1229;1.5 K
14.3.2002;1228;1236;1222;1232;1.19 K
13.3.2002;1193;1194;1181;1188;672
12.3.2002;1170;1202;1170;1194;2.59 K
11.3.2002;1166;1182;1150;1177;14.65 K
08.3.2002;1160;1172;1158;1165;1.13 K
07.3.2002;1136;1159;1134;1159;16.36 K
06.3.2002;1130;1139;1128;1134;3.09 K
05.3.2002;1135;1140;1124;1130;1.09 K
04.3.2002;1143;1152;1138;1140;1.76 K
01.3.2002;1115;1143;1105;1142;1.86 K
28.2.2002;1108;1118;1103;1118;1.25 K
27.2.2002;1112;1119;1105;1110;3.41 K
26.2.2002;1107;1126;1107;1120;1.48 K
25.2.2002;1081;1109;1078;1107;671
22.2.2002;1066;1084;1064;1084;430
21.2.2002;1064;1086;1059;1065;825
20.2.2002;1085;1085;1059;1065;2.53 K
19.2.2002;1102;1104;1080;1085;1.91 K
18.2.2002;1098;1105;1095;1104;1.91 K
15.2.2002;1099;1109;1093;1105;1.55 K
14.2.2002;1096;1103;1082;1095;1 K
13.2.2002;1103;1105;1092;1093;1.85 K
12.2.2002;1118;1118;1094;1103;3.17 K
11.2.2002;1102;1116;1091;1115;2.29 K
08.2.2002;1096;1112;1090;1105;4.02 K
07.2.2002;1062;1095;1061;1093;2.91 K
06.2.2002;1049;1065;1047;1062;1.24 K
05.2.2002;1058;1068;1040;1045;3.81 K
04.2.2002;1024;1062;1022;1059;2.61 K
01.2.2002;1023;1030;1017;1024;1.36 K
31.1.2002;1038;1040;1016;1024;1.85 K
30.1.2002;1020;1037;1020;1036;2.22 K
29.1.2002;1018;1022;1008;1021;1.73 K
28.1.2002;1027;1041;1019;1022;3.23 K
25.1.2002;1001;1021;991;1021;2.05 K
24.1.2002;1023;1029;1001;1005;2.21 K
23.1.2002;1007;1025;1003;1023;2.32 K
22.1.2002;970;1008;969;1000;2.69 K
21.1.2002;971;976;966;971;450
18.1.2002;992;992;964;974;1.92 K
17.1.2002;998;1007;988;990;1.56 K
16.1.2002;981;1010;976;1000;1.99 K
15.1.2002;962;981;944;981;8.43 K
14.1.2002;1005;1005;941;967;5.4 K
11.1.2002;1012;1023;1005;1007;1.32 K
10.1.2002;1034;1048;1014;1015;2.8 K
09.1.2002;1023;1036;1014;1035;3.87 K
08.1.2002;1043;1044;1017;1027;7.98 K
07.1.2002;1036;1044;1024;1041;5.74 K
04.1.2002;968;1029;960;1026;5.65 K
03.1.2002;971;974;957;970;2.82 K
02.1.2002;980;982;963;975;1.39 K
28.12.2001;968;985;962;973;3.19 K
27.12.2001;960;971;954;970;2.2 K
21.12.2001;958;964;955;963;3.02 K
20.12.2001;962;970;953;959;2.32 K
19.12.2001;980;980;956;962;1.93 K
18.12.2001;988;995;977;978;2 K
17.12.2001;986;1000;984;986;1.56 K
14.12.2001;978;1000;978;990;2.82 K
13.12.2001;960;986;960;977;4.5 K
12.12.2001;969;969;959;963;802
11.12.2001;888;951;888;953;9.05 K
10.12.2001;910;910;890;896;5.12 K
07.12.2001;940;940;918;920;4.44 K
06.12.2001;950;971;950;950;1.49 K
05.12.2001;933;948;930;946;781
04.12.2001;960;960;936;940;2.39 K
03.12.2001;970;970;956;960;2.23 K
30.11.2001;991;1001;971;980;989
29.11.2001;952;990;952;984;2.18 K
28.11.2001;949;959;943;951;1.92 K
27.11.2001;967;972;940;949;1.49 K
26.11.2001;937;969;934;958;1.81 K
23.11.2001;932;941;927;936;993
22.11.2001;934;945;934;935;991
21.11.2001;930;945;921;934;1.9 K
20.11.2001;946;948;917;935;1.43 K
19.11.2001;932;952;930;946;1.27 K
16.11.2001;906;941;900;928;2.1 K
15.11.2001;882;909;872;906;1.59 K
14.11.2001;890;912;866;884;3.48 K
13.11.2001;845;888;838;888;3.63 K
12.11.2001;843;844;830;840;2.69 K
09.11.2001;837;858;822;844;3.14 K
08.11.2001;773;840;762;836;4.55 K
07.11.2001;729;774;728;771;3.34 K
06.11.2001;727;731;726;730;2.21 K
05.11.2001;731;736;727;731;1.85 K
02.11.2001;743;745;730;733;1.42 K
01.11.2001;741;746;735;743;1 K
31.10.2001;729;744;729;743;1.9 K
30.10.2001;728;734;728;730;1.59 K
29.10.2001;735;738;727;727;1.43 K
26.10.2001;735;743;731;737;1.96 K
25.10.2001;743;749;735;736;2.89 K
24.10.2001;754;760;747;747;1.07 K
23.10.2001;742;760;740;755;1.85 K
22.10.2001;752;752;740;743;2.1 K
19.10.2001;767;773;755;755;1.59 K
18.10.2001;783;785;750;769;1.55 K
17.10.2001;757;786;757;781;1.98 K
16.10.2001;748;769;746;759;2.01 K
15.10.2001;747;755;747;750;1.07 K
12.10.2001;766;766;752;756;2.97 K
11.10.2001;769;779;765;767;1.7 K
10.10.2001;755;771;748;769;2.11 K
09.10.2001;775;775;754;755;1.57 K
08.10.2001;809;809;780;780;1.31 K
05.10.2001;818;818;798;809;1.69 K
04.10.2001;800;819;800;818;2.74 K
03.10.2001;794;800;774;799;1.79 K
02.10.2001;797;797;775;794;1.88 K
01.10.2001;794;807;785;795;3.19 K
28.9.2001;770;798;767;795;6 K
27.9.2001;745;779;740;766;4.81 K
26.9.2001;734;748;733;745;1.86 K
25.9.2001;740;742;733;738;928
24.9.2001;740;745;731;740;1.66 K
21.9.2001;748;751;732;743;1.77 K
20.9.2001;715;758;715;747;6.03 K
19.9.2001;705;715;705;714;1.74 K
18.9.2001;709;709;700;703;1.01 K
17.9.2001;712;720;700;707;815
14.9.2001;705;711;701;710;1.29 K
13.9.2001;675;683;675;691;283
12.9.2001;685;698;680;681;1.75 K
11.9.2001;664;682;662;681;3.83 K
10.9.2001;668;675;663;666;9.83 K
07.9.2001;657;667;657;664;1.31 K
06.9.2001;651;663;648;657;756
05.9.2001;671;671;641;648;15.9 K
04.9.2001;674;675;659;668;1.01 K
03.9.2001;679;680;673;677;140
31.8.2001;681;690;675;686;817
30.8.2001;699;699;680;684;2.48 K
29.8.2001;719;719;697;698;561
28.8.2001;715;720;707;715;2.06 K
24.8.2001;710;716;707;716;519
23.8.2001;730;732;709;710;552
22.8.2001;720;724;715;724;498
21.8.2001;730;731;721;725;631
20.8.2001;733;735;726;734;311
17.8.2001;748;748;734;740;289
16.8.2001;748;753;739;750;624
15.8.2001;745;750;742;748;354
14.8.2001;743;746;735;740;379
13.8.2001;748;748;734;742;555
10.8.2001;751;753;737;741;1.19 K
09.8.2001;740;752;734;751;1.33 K
08.8.2001;742;743;730;736;987
07.8.2001;730;749;721;738;3.19 K
06.8.2001;698;731;698;725;1.95 K
03.8.2001;691;708;690;694;728
02.8.2001;688;694;680;691;1.37 K
01.8.2001;703;720;689;691;2.48 K
31.7.2001;681;704;681;703;1.08 K
30.7.2001;675;685;672;684;485
27.7.2001;693;693;670;678;2.25 K
26.7.2001;694;694;690;692;845
25.7.2001;695;699;690;694;1.74 K
24.7.2001;700;700;688;695;860
23.7.2001;708;708;687;699;718
20.7.2001;704;710;697;707;1.96 K
19.7.2001;682;704;682;702;1.19 K
18.7.2001;685;688;677;680;339
17.7.2001;686;697;686;690;907
16.7.2001;688;688;674;677;9.07 K
13.7.2001;674;684;672;684;1.15 K
12.7.2001;690;691;675;675;2.13 K
11.7.2001;688;692;680;690;2.25 K
10.7.2001;709;709;685;690;598
09.7.2001;729;729;699;709;527
06.7.2001;730;732;722;729;497
05.7.2001;728;728;718;721;314
04.7.2001;720;726;720;720;139
03.7.2001;725;730;717;728;307
02.7.2001;738;746;725;730;427
29.6.2001;710;738;709;735;999
28.6.2001;706;729;705;715;1.08 K
27.6.2001;699;710;692;707;1.31 K
26.6.2001;689;701;686;696;326
25.6.2001;689;689;671;679;433
22.6.2001;692;704;689;697;772
21.6.2001;680;692;668;681;592
20.6.2001;705;705;681;686;888
19.6.2001;726;728;710;711;594
18.6.2001;722;735;719;730;1.49 K
15.6.2001;728;734;718;728;681
14.6.2001;739;747;719;727;409
13.6.2001;725;739;723;738;424
12.6.2001;725;732;718;724;387
11.6.2001;726;739;725;739;128
08.6.2001;712;735;711;726;853
07.6.2001;731;751;712;720;1.42 K
06.6.2001;735;748;735;743;463
05.6.2001;722;734;720;733;3.2 K
04.6.2001;728;735;718;727;353
01.6.2001;730;743;710;733;1.9 K
31.5.2001;741;750;733;740;1.74 K
30.5.2001;780;783;731;739;3.17 K
29.5.2001;788;795;782;783;1.02 K
28.5.2001;792;792;792;792;0
25.5.2001;824;824;787;792;1.34 K
24.5.2001;845;849;829;830;217
23.5.2001;825;847;820;843;669
22.5.2001;841;848;824;830;1.91 K
21.5.2001;860;861;848;848;492
18.5.2001;850;855;850;850;866
17.5.2001;875;875;848;850;1.16 K
16.5.2001;857;879;853;873;2.51 K
15.5.2001;795;797;792;796;881
14.5.2001;798;803;794;796;11.53 K
11.5.2001;805;814;800;803;2.89 K
10.5.2001;790;805;788;799;1.31 K
09.5.2001;796;814;782;788;1.94 K
08.5.2001;758;792;755;789;4.42 K
04.5.2001;759;759;749;751;223
03.5.2001;750;759;749;758;1.95 K
02.5.2001;754;759;745;746;726
01.5.2001;764;765;755;759;541
30.4.2001;775;775;764;764;319
27.4.2001;790;790;779;780;923
26.4.2001;781;786;776;786;731
25.4.2001;769;785;768;777;5.5 K
24.4.2001;770;772;767;771;440
23.4.2001;770;775;759;773;586
20.4.2001;751;772;749;772;1.68 K
19.4.2001;778;778;749;754;1.7 K
18.4.2001;779;783;765;776;805
17.4.2001;782;786;767;769;584
12.4.2001;805;812;793;797;937
11.4.2001;785;792;775;792;900
10.4.2001;785;795;780;788;388
09.4.2001;812;821;788;792;494
06.4.2001;807;819;807;817;702
05.4.2001;810;825;810;811;1.63 K
04.4.2001;827;836;809;811;771
03.4.2001;842;850;825;830;1.82 K
02.4.2001;850;868;838;844;1.63 K
30.3.2001;840;855;835;851;2.4 K
29.3.2001;821;842;821;825;1.26 K
28.3.2001;822;826;810;821;2.89 K
27.3.2001;828;834;820;830;1.98 K
26.3.2001;813;839;808;833;2.02 K
23.3.2001;796;815;785;814;2.12 K
22.3.2001;744;797;742;795;3.43 K
21.3.2001;765;770;741;741;3 K
20.3.2001;780;782;766;773;1.07 K
19.3.2001;795;795;778;785;1.88 K
16.3.2001;788;789;778;788;907
15.3.2001;820;812;800;800;7.34 K
14.3.2001;846;847;820;820;940
13.3.2001;845;845;825;842;926
12.3.2001;882;885;850;850;1.17 K
09.3.2001;880;880;865;877;335
08.3.2001;885;891;870;869;217
07.3.2001;875;882;855;882;1.49 K
06.3.2001;912;920;875;886;1.01 K
05.3.2001;941;952;912;919;1.97 K
02.3.2001;890;894;878;889;802
01.3.2001;906;911;900;905;908
28.2.2001;886;915;886;910;1.2 K
27.2.2001;874;895;874;881;812
26.2.2001;916;916;871;881;1.09 K
23.2.2001;930;930;920;925;1.02 K
22.2.2001;944;957;936;934;2.35 K
21.2.2001;910;931;896;931;2.28 K
20.2.2001;907;934;907;918;1.95 K
19.2.2001;884;908;884;907;1.16 K
16.2.2001;843;880;843;879;1.66 K
15.2.2001;846;847;837;842;5.83 K
14.2.2001;850;854;839;849;582
13.2.2001;824;844;824;844;429
12.2.2001;817;826;811;822;1.4 K
09.2.2001;801;812;797;806;360
08.2.2001;817;820;805;810;1.2 K
07.2.2001;838;840;815;818;1.4 K
06.2.2001;812;833;812;828;524
05.2.2001;808;811;787;805;11.98 K
02.2.2001;815;815;794;811;1.63 K
01.2.2001;802;810;786;809;2.41 K
31.1.2001;833;833;800;800;1.39 K
30.1.2001;816;829;812;824;1.01 K
29.1.2001;829;835;823;834;2.17 K
26.1.2001;783;809;782;808;652
25.1.2001;770;803;769;785;1.14 K
24.1.2001;765;777;763;770;2 K
23.1.2001;760;780;751;752;1.44 K
22.1.2001;743;760;729;754;546
19.1.2001;751;760;722;730;3.83 K
18.1.2001;741;786;730;766;3.54 K
17.1.2001;700;719;690;716;1.7 K
16.1.2001;684;693;680;693;1.52 K
15.1.2001;665;692;665;690;2.84 K
12.1.2001;645;670;642;661;5.8 K
11.1.2001;620;640;619;634;2.7 K
10.1.2001;619;625;614;616;2.34 K
09.1.2001;623;629;620;622;8.96 K
08.1.2001;627;636;622;624;5.12 K
05.1.2001;587;620;585;616;7.44 K
04.1.2001;575;584;574;584;1.29 K
03.1.2001;588;590;579;580;1.96 K
02.1.2001;581;589;580;587;2.13 K
29.12.2000;586;586;578;582;11.96 K
28.12.2000;590;590;584;586;1.38 K
27.12.2000;591;591;584;588;2.06 K
22.12.2000;595;597;588;588;4.36 K
21.12.2000;575;608;575;592;7.44 K
20.12.2000;562;570;560;569;3.62 K
19.12.2000;560;560;557;559;1.4 K
18.12.2000;560;562;558;559;3.16 K
15.12.2000;560;566;558;561;2 K
14.12.2000;558;565;557;558;1.14 K
13.12.2000;553;562;553;558;8.24 K
12.12.2000;534;537;533;534;2.98 K
11.12.2000;550;550;537;538;3.91 K
08.12.2000;555;557;551;552;2.35 K
07.12.2000;551;558;549;558;2.88 K
06.12.2000;555;557;553;554;2.81 K
05.12.2000;555;559;552;557;4.54 K
04.12.2000;551;555;549;554;1.58 K
01.12.2000;553;560;550;551;1.86 K
30.11.2000;546;560;546;560;6.28 K
29.11.2000;541;550;541;545;779
28.11.2000;540;547;536;540;1.09 K
27.11.2000;543;545;538;540;773
24.11.2000;546;546;541;541;307
23.11.2000;550;551;544;545;1.77 K
22.11.2000;549;551;548;548;1.18 K
21.11.2000;557;557;546;550;3.26 K
20.11.2000;559;560;552;555;444
17.11.2000;558;562;557;560;1.68 K
16.11.2000;563;564;560;560;1.75 K
15.11.2000;562;565;558;562;2.02 K
14.11.2000;558;565;556;560;1.51 K
13.11.2000;575;575;556;561;2.3 K
10.11.2000;580;583;576;576;975
09.11.2000;580;584;579;583;403
08.11.2000;585;587;580;582;1.06 K
07.11.2000;582;584;577;584;3.9 K
06.11.2000;582;586;579;582;6 K
03.11.2000;591;593;582;583;853
02.11.2000;581;591;581;589;4.47 K
01.11.2000;587;587;581;582;661
31.10.2000;582;586;580;586;1.22 K
30.10.2000;585;590;581;582;3.33 K
27.10.2000;610;610;590;591;5.27 K
26.10.2000;609;620;608;612;1.25 K
25.10.2000;628;635;601;608;2.3 K
24.10.2000;604;617;603;617;1.25 K
23.10.2000;607;610;604;605;2.69 K
20.10.2000;624;624;610;611;1.23 K
19.10.2000;626;626;620;624;700
18.10.2000;628;629;623;625;1.25 K
17.10.2000;620;629;617;626;898
16.10.2000;620;624;615;623;989
13.10.2000;614;626;611;622;2.43 K
12.10.2000;628;628;618;619;2.63 K
11.10.2000;639;644;622;630;2.94 K
10.10.2000;627;642;625;638;2.45 K
09.10.2000;635;635;623;629;1.3 K
06.10.2000;640;641;630;632;2.58 K
05.10.2000;632;645;627;639;4.16 K
04.10.2000;616;621;613;618;1.08 K
03.10.2000;606;614;601;612;1.23 K
02.10.2000;607;607;603;606;570
29.9.2000;605;611;598;611;2.84 K
28.9.2000;604;608;603;603;1.21 K
27.9.2000;612;614;604;607;1.67 K
26.9.2000;609;614;609;612;1.35 K
25.9.2000;621;623;615;615;756
22.9.2000;626;628;613;621;1.86 K
21.9.2000;627;632;625;629;2.31 K
20.9.2000;638;640;635;637;1.73 K
19.9.2000;647;647;640;643;2 K
18.9.2000;658;658;644;649;1.34 K
15.9.2000;645;648;638;646;1.04 K
14.9.2000;624;625;622;622;870
13.9.2000;615;629;612;615;7.71 K
12.9.2000;607;617;607;615;4.15 K
11.9.2000;609;615;609;609;922
08.9.2000;598;598;585;602;2.92 K
07.9.2000;600;604;595;588;324
06.9.2000;594;594;589;596;330
05.9.2000;597;599;593;593;929
04.9.2000;590;595;590;595;139
01.9.2000;586;589;582;586;466
31.8.2000;581;591;579;589;1.78 K
30.8.2000;573;577;570;578;506
29.8.2000;574;576;568;569;1.17 K
25.8.2000;575;575;567;570;396
24.8.2000;562;581;562;576;897
23.8.2000;578;578;563;563;2.6 K
22.8.2000;579;579;575;576;390
21.8.2000;573;578;572;577;713
18.8.2000;574;580;572;575;899
17.8.2000;574;581;574;574;3.95 K
16.8.2000;577;577;573;575;993
15.8.2000;576;579;575;577;359
14.8.2000;576;578;571;578;498
11.8.2000;581;588;576;577;919
10.8.2000;563;578;563;578;2.2 K
09.8.2000;576;585;565;568;1.22 K
08.8.2000;570;580;563;576;1.23 K
07.8.2000;579;580;570;570;1.58 K
04.8.2000;591;596;576;583;1.84 K
03.8.2000;617;617;591;592;2.39 K
02.8.2000;614;617;608;616;1.55 K
01.8.2000;617;617;606;614;2.15 K
31.7.2000;625;625;615;618;544
28.7.2000;617;625;611;624;738
27.7.2000;625;625;617;617;1.18 K
26.7.2000;622;624;618;622;764
25.7.2000;622;627;614;620;2.63 K
24.7.2000;649;651;617;622;2.96 K
21.7.2000;651;653;638;649;3.24 K
20.7.2000;633;647;631;649;3.04 K
19.7.2000;629;632;622;630;4.6 K
18.7.2000;622;628;617;628;937
17.7.2000;620;626;619;625;3.27 K
14.7.2000;594;595;593;588;384
13.7.2000;592;596;590;596;788
12.7.2000;605;606;593;593;679
11.7.2000;594;600;594;600;2.19 K
10.7.2000;593;598;591;594;2.67 K
07.7.2000;590;600;590;599;1.82 K
06.7.2000;590;593;586;588;4.91 K
05.7.2000;596;607;592;593;1.97 K
04.7.2000;588;593;587;593;739
03.7.2000;583;587;580;580;684
30.6.2000;602;602;582;585;810
29.6.2000;595;600;589;596;343
28.6.2000;595;599;595;599;573
27.6.2000;592;600;590;597;2.22 K
26.6.2000;611;613;590;592;716
23.6.2000;652;652;613;615;1.78 K
22.6.2000;635;642;628;632;988
21.6.2000;625;633;622;632;2.29 K
20.6.2000;625;627;609;621;943
19.6.2000;638;638;625;632;463
16.6.2000;633;639;631;639;3.48 K
15.6.2000;630;638;628;634;758
14.6.2000;624;637;624;630;1.72 K
13.6.2000;626;638;624;629;1.24 K
12.6.2000;625;627;623;624;623
09.6.2000;642;648;630;629;1.74 K
08.6.2000;606;634;606;627;1.61 K
07.6.2000;618;619;600;604;4.12 K
06.6.2000;617;625;615;618;1.02 K
05.6.2000;627;629;620;620;1.66 K
02.6.2000;641;643;630;631;634
01.6.2000;636;640;629;640;438
31.5.2000;629;636;625;635;3.55 K
30.5.2000;631;631;624;625;1.27 K
26.5.2000;635;640;630;638;1.43 K
25.5.2000;644;662;644;645;5.13 K
24.5.2000;638;650;629;645;2.41 K
23.5.2000;642;642;635;638;3.53 K
22.5.2000;648;649;640;644;1.7 K
19.5.2000;629;648;629;647;5.15 K
18.5.2000;620;626;615;625;1.45 K
17.5.2000;626;628;615;618;2.46 K
16.5.2000;605;629;602;624;3.25 K
15.5.2000;601;607;599;599;1.82 K
12.5.2000;610;610;596;605;4.25 K
11.5.2000;595;609;593;606;2.29 K
10.5.2000;583;586;580;586;939
09.5.2000;570;581;570;580;2.01 K
08.5.2000;589;589;576;576;1.06 K
05.5.2000;586;588;581;589;357
04.5.2000;576;586;576;587;1.2 K
03.5.2000;578;580;571;580;749
02.5.2000;579;587;578;583;2.03 K
28.4.2000;566;575;565;577;845
27.4.2000;580;580;561;570;1.03 K
26.4.2000;582;585;579;585;472
25.4.2000;583;588;579;588;1.11 K
20.4.2000;595;606;593;600;693
19.4.2000;616;619;608;609;1.95 K
18.4.2000;607;624;605;621;1.25 K
17.4.2000;595;599;587;598;657
14.4.2000;597;604;595;595;426
13.4.2000;592;600;590;599;1.22 K
12.4.2000;593;598;590;596;851
11.4.2000;597;603;597;599;789
10.4.2000;598;598;588;595;367
07.4.2000;602;602;592;599;6.81 K
06.4.2000;595;608;595;604;1.3 K
05.4.2000;589;600;589;595;638
04.4.2000;566;588;564;587;391
03.4.2000;580;581;571;571;697
31.3.2000;588;588;588;588;0
30.3.2000;547;547;547;547;0
29.3.2000;582;582;582;567;2
28.3.2000;549;549;549;549;0
27.3.2000;540;540;540;540;0
24.3.2000;550;550;550;550;0
23.3.2000;575;575;575;575;0
22.3.2000;578;578;578;578;0
21.3.2000;578;578;578;566;10
20.3.2000;583;583;583;583;0
17.3.2000;607;607;607;603;19
16.3.2000;616;616;616;616;1.25 K
15.3.2000;602;602;602;609;1
14.3.2000;595;598;595;597;27
13.3.2000;570;575;570;582;8
10.3.2000;585;585;585;580;6
09.3.2000;600;600;595;591;38
08.3.2000;596;596;592;586;29
07.3.2000;586;586;584;594;13
06.3.2000;578;578;578;582;49
03.3.2000;600;600;588;586;61
02.3.2000;550;551;540;567;278
01.3.2000;523;540;522;536;357
29.2.2000;508;520;507;525;8.88 K
28.2.2000;506;516;503;508;3.83 K
25.2.2000;525;530;520;512;2.86 K
24.2.2000;533;544;528;533;4.38 K
23.2.2000;527;532;522;531;4.76 K
22.2.2000;533;534;528;530;3.29 K
21.2.2000;541;541;533;533;2.96 K
18.2.2000;539;541;534;539;2.65 K
17.2.2000;532;540;532;537;2.67 K
16.2.2000;529;532;528;530;3.86 K
15.2.2000;526;533;525;532;2.55 K
14.2.2000;532;535;527;528;2.48 K
11.2.2000;537;539;532;536;9 K
10.2.2000;539;539;532;537;1.18 K
09.2.2000;529;537;529;538;3.14 K
08.2.2000;539;542;532;533;2.97 K
07.2.2000;535;540;530;536;1.9 K
04.2.2000;539;540;529;535;4.19 K
03.2.2000;530;536;530;533;2.01 K
02.2.2000;525;540;521;530;3.67 K
01.2.2000;547;547;521;521;4.83 K
31.1.2000;560;561;550;552;3.41 K
28.1.2000;562;569;560;569;3.76 K
27.1.2000;571;575;565;565;1.43 K
26.1.2000;563;572;560;571;2.58 K
25.1.2000;559;566;558;567;1.16 K
24.1.2000;572;573;566;567;2.05 K
21.1.2000;566;573;566;569;3.31 K
20.1.2000;564;571;563;565;2.67 K
19.1.2000;558;565;555;565;2.22 K
18.1.2000;565;567;559;560;1.43 K
17.1.2000;569;569;555;564;3.14 K
14.1.2000;579;580;572;573;1.67 K
13.1.2000;568;580;567;579;4.5 K
12.1.2000;564;569;564;568;1.05 K
11.1.2000;560;564;557;564;1.63 K
10.1.2000;566;570;563;565;2.02 K
07.1.2000;560;566;555;564;3.77 K
06.1.2000;555;557;549;556;3.71 K
05.1.2000;561;567;558;560;2.16 K
04.1.2000;560;562;552;561;2.98 K
30.12.1999;538;538;538;571;2
29.12.1999;548;548;548;548;0
24.12.1999;566;566;566;566;0
23.12.1999;545;545;545;545;0
22.12.1999;539;539;539;537;0
21.12.1999;536;536;536;536;1
20.12.1999;537;537;537;537;1
17.12.1999;552;552;547;546;6
16.12.1999;547;547;547;550;7
15.12.1999;550;550;550;548;1
14.12.1999;545;548;543;542;72
13.12.1999;550;553;550;548;66
10.12.1999;563;565;563;562;13
09.12.1999;575;575;575;570;14
08.12.1999;565;566;565;565;11
07.12.1999;540;540;540;555;5
06.12.1999;535;535;530;533;142
03.12.1999;552;552;542;542;175
02.12.1999;553;558;545;552;452
01.12.1999;553;563;551;557;2.18 K
30.11.1999;594;606;582;584;7.6 K
29.11.1999;548;591;548;588;5.59 K
26.11.1999;554;558;544;550;4.95 K
25.11.1999;554;559;550;553;6.16 K
24.11.1999;569;569;551;558;3.24 K
23.11.1999;556;570;555;569;6.05 K
22.11.1999;549;569;549;550;2.16 K
19.11.1999;539;553;539;550;5.31 K
18.11.1999;533;536;529;534;2.57 K
17.11.1999;526;531;521;530;3.76 K
16.11.1999;535;538;527;528;3.44 K
15.11.1999;538;545;536;536;2.18 K
12.11.1999;550;550;538;538;1.67 K
11.11.1999;548;555;547;549;3.52 K
10.11.1999;546;558;542;546;2.8 K
09.11.1999;544;554;540;547;3.67 K
08.11.1999;551;557;545;555;1.8 K
05.11.1999;561;563;554;559;2.21 K
04.11.1999;565;574;561;570;2.73 K
03.11.1999;560;563;554;558;2.54 K
02.11.1999;585;585;562;564;2.23 K
01.11.1999;580;588;579;586;1.36 K
29.10.1999;580;588;578;581;2.17 K
28.10.1999;577;585;573;581;2.21 K
27.10.1999;585;585;575;579;1.14 K
26.10.1999;575;590;572;587;2.23 K
25.10.1999;589;590;576;578;2.71 K
22.10.1999;602;606;590;592;5.37 K
21.10.1999;612;619;606;607;3.2 K
20.10.1999;612;615;608;612;1.68 K
19.10.1999;609;613;605;613;2.25 K
18.10.1999;621;621;609;610;1.92 K
15.10.1999;629;633;623;627;868
14.10.1999;630;651;629;629;2.28 K
13.10.1999;628;643;628;630;877
12.10.1999;623;636;611;627;1.97 K
11.10.1999;630;633;624;626;928
08.10.1999;625;631;622;625;1.91 K
07.10.1999;639;639;617;625;6.39 K
06.10.1999;652;659;637;638;3.68 K
05.10.1999;675;675;652;657;3.98 K
04.10.1999;688;689;674;677;1.28 K
01.10.1999;682;690;681;690;1.57 K
30.9.1999;689;689;689;689;0
29.9.1999;694;695;678;671;97
28.9.1999;665;672;665;680;3
27.9.1999;644;668;640;659;172
24.9.1999;626;626;624;643;5
23.9.1999;627;627;627;627;0
22.9.1999;608;628;608;627;9
21.9.1999;618;618;614;621;30
20.9.1999;604;604;604;628;1
17.9.1999;621;621;621;601;1
16.9.1999;620;621;618;618;7
15.9.1999;636;636;623;621;55
14.9.1999;615;624;609;624;188
13.9.1999;613;620;613;616;58
10.9.1999;624;624;620;617;649
09.9.1999;624;624;624;625;4
08.9.1999;637;637;628;626;19
07.9.1999;612;616;605;617;152
06.9.1999;612;613;611;613;71
03.9.1999;625;630;624;624;198
02.9.1999;649;650;623;622;71
01.9.1999;629;645;629;646;414
31.8.1999;616;628;613;630;8.57 K
30.8.1999;608;620;605;620;3.98 K
27.8.1999;608;620;605;620;3.98 K
26.8.1999;627;627;613;613;1.59 K
25.8.1999;639;640;634;635;1.3 K
24.8.1999;630;639;625;639;2.88 K
23.8.1999;617;622;614;620;1.9 K
20.8.1999;630;638;620;620;1.25 K
19.8.1999;636;641;631;631;1.11 K
18.8.1999;640;643;638;640;1.12 K
17.8.1999;649;656;645;647;1.17 K
16.8.1999;646;652;643;650;1.32 K
13.8.1999;655;663;650;650;2.7 K
12.8.1999;655;669;649;664;2.14 K
11.8.1999;650;652;640;650;1.48 K
10.8.1999;654;668;652;655;2.37 K
09.8.1999;668;668;654;660;2.99 K
06.8.1999;675;675;665;669;3.23 K
05.8.1999;684;684;668;672;1.94 K
04.8.1999;681;683;675;681;860
03.8.1999;685;693;678;681;1.47 K
02.8.1999;695;695;678;688;2.1 K
30.7.1999;691;691;680;700;7
29.7.1999;690;690;690;698;2
28.7.1999;723;723;696;698;70
27.7.1999;737;737;734;724;6
26.7.1999;734;745;734;735;22
23.7.1999;735;740;735;737;2
22.7.1999;723;754;723;746;153
21.7.1999;735;735;727;731;27
20.7.1999;709;731;709;731;29
19.7.1999;703;703;702;703;6
16.7.1999;697;699;697;698;30
15.7.1999;697;697;695;695;11
14.7.1999;700;702;699;698;44
13.7.1999;702;703;696;696;377
12.7.1999;707;707;707;707;38
09.7.1999;711;722;711;713;12
08.7.1999;701;714;700;705;350
07.7.1999;704;714;702;706;131
06.7.1999;737;737;725;727;43
05.7.1999;748;749;747;748;43
02.7.1999;749;750;745;747;167
01.7.1999;735;761;729;753;405
30.6.1999;754;754;731;739;3.32 K
29.6.1999;745;755;745;750;909
28.6.1999;743;753;734;748;835
25.6.1999;750;756;743;745;296
24.6.1999;773;779;758;756;644
23.6.1999;801;801;770;775;1.78 K
22.6.1999;810;827;802;804;2.92 K
21.6.1999;800;826;800;817;1.01 K
18.6.1999;759;786;758;790;441
17.6.1999;780;784;767;765;1.03 K
16.6.1999;782;794;775;778;1.22 K
15.6.1999;749;781;741;778;2.05 K
14.6.1999;770;770;750;754;482
11.6.1999;766;775;758;760;545
10.6.1999;770;780;755;759;1.1 K
09.6.1999;814;817;786;784;2.79 K
08.6.1999;744;799;744;792;4 K
07.6.1999;743;749;737;742;1.43 K
04.6.1999;734;785;733;740;7.32 K
03.6.1999;665;736;665;730;8.77 K
02.6.1999;643;654;636;654;5.21 K
01.6.1999;633;645;626;641;5.52 K
28.5.1999;619;619;618;638;8
27.5.1999;599;610;597;616;9
26.5.1999;607;607;607;607;0
25.5.1999;637;637;605;611;9
24.5.1999;625;625;625;624;2
21.5.1999;643;643;643;646;2
20.5.1999;658;658;653;651;28
19.5.1999;652;652;652;652;2
18.5.1999;665;665;648;649;91
17.5.1999;659;665;656;665;112
14.5.1999;668;672;668;659;62
13.5.1999;678;678;678;674;2
12.5.1999;670;673;670;673;2
11.5.1999;660;671;660;671;2.69 K
10.5.1999;681;681;653;653;85
07.5.1999;692;693;679;683;1.14 K
06.5.1999;693;695;689;688;50
05.5.1999;691;692;690;687;36
04.5.1999;684;689;680;688;1.82 K
30.4.1999;680;701;677;701;3.44 K
29.4.1999;672;679;670;676;1.66 K
28.4.1999;675;681;670;675;2.85 K
27.4.1999;679;681;653;667;3.41 K
26.4.1999;700;702;685;685;3.8 K
23.4.1999;700;706;695;697;7.53 K
22.4.1999;741;741;710;711;10.72 K
21.4.1999;736;746;735;741;4.77 K
20.4.1999;752;752;736;740;2.56 K
19.4.1999;744;756;735;750;2.86 K
16.4.1999;759;759;746;752;2.27 K
15.4.1999;780;781;766;766;2.99 K
14.4.1999;772;779;760;779;9.31 K
13.4.1999;781;781;764;771;2.19 K
12.4.1999;782;788;772;780;1.31 K
09.4.1999;768;780;754;779;2.97 K
08.4.1999;800;800;761;770;9.52 K
07.4.1999;813;817;804;805;980
06.4.1999;810;819;805;816;1.84 K
01.4.1999;838;838;818;818;1.61 K
31.3.1999;809;809;806;835;9
30.3.1999;810;813;810;813;30
29.3.1999;809;809;809;809;0
26.3.1999;806;806;803;802;9
25.3.1999;812;812;807;801;16
24.3.1999;808;810;806;806;26
23.3.1999;800;817;800;818;24
22.3.1999;820;820;802;802;19
19.3.1999;830;836;830;829;12
18.3.1999;836;840;836;836;127
17.3.1999;834;835;831;838;47
16.3.1999;821;821;815;824;303
15.3.1999;830;830;825;825;23
12.3.1999;823;828;820;831;122
11.3.1999;832;832;820;822;103
10.3.1999;855;855;849;848;168
09.3.1999;855;860;851;858;735
08.3.1999;850;858;849;851;80
05.3.1999;858;858;848;854;1.27 K
04.3.1999;867;869;863;868;278
03.3.1999;860;864;852;860;249
02.3.1999;900;900;875;866;128
01.3.1999;895;901;894;896;1.1 K
26.2.1999;910;912;897;901;3.6 K
25.2.1999;920;920;906;907;2.38 K
24.2.1999;930;935;920;923;2.43 K
23.2.1999;920;929;920;925;3.32 K
22.2.1999;949;949;925;924;5.08 K
19.2.1999;925;950;920;947;3.21 K
18.2.1999;916;922;912;918;1.83 K
17.2.1999;930;943;905;918;4.58 K
16.2.1999;896;926;893;920;5.29 K
15.2.1999;882;892;874;889;2.98 K
12.2.1999;902;902;888;888;1.64 K
11.2.1999;904;909;901;906;4.36 K
10.2.1999;894;902;884;901;1.72 K
09.2.1999;895;899;892;893;1.3 K
08.2.1999;901;901;892;895;3.96 K
05.2.1999;903;908;900;900;6.91 K
04.2.1999;900;915;897;903;3.96 K
03.2.1999;898;905;895;901;6.32 K
02.2.1999;895;897;889;893;8.46 K
01.2.1999;910;910;897;897;2.63 K
29.1.1999;901;907;895;906;3.94 K
28.1.1999;894;902;892;897;6.08 K
27.1.1999;890;894;887;894;4.05 K
26.1.1999;889;901;888;895;7.8 K
25.1.1999;891;897;888;892;8.5 K
22.1.1999;910;910;895;895;3.84 K
21.1.1999;910;919;909;913;3.22 K
20.1.1999;900;910;900;908;2.12 K
19.1.1999;898;903;891;901;2.34 K
18.1.1999;910;910;893;894;4.58 K
15.1.1999;918;920;912;919;1.21 K
14.1.1999;916;925;913;921;1.56 K
13.1.1999;933;933;912;919;3.96 K
12.1.1999;932;937;926;932;3.42 K
11.1.1999;916;938;910;938;2.82 K
08.1.1999;916;925;915;919;2.41 K
07.1.1999;911;925;911;916;4.53 K
06.1.1999;911;915;907;911;4.1 K
05.1.1999;900;908;891;907;4.79 K
04.1.1999;904;905;897;900;4.38 K
30.12.1998;902;902;902;902;0
29.12.1998;863;863;863;863;0
24.12.1998;879;879;862;860;5
23.12.1998;874;874;874;872;1
22.12.1998;871;879;871;873;276
21.12.1998;864;864;864;864;0
18.12.1998;884;887;884;886;38
17.12.1998;892;892;892;892;0
16.12.1998;895;895;895;894;2
15.12.1998;891;891;891;891;0
14.12.1998;880;880;880;880;0
11.12.1998;901;901;897;885;23
10.12.1998;900;900;900;900;0
09.12.1998;911;911;911;911;0
08.12.1998;914;914;902;910;114
07.12.1998;940;940;940;926;1
04.12.1998;948;948;940;935;107
03.12.1998;942;949;942;945;355
02.12.1998;939;946;939;940;153
01.12.1998;927;945;927;936;1.28 K
30.11.1998;945;945;929;931;6.34 K
27.11.1998;950;950;943;946;3.43 K
26.11.1998;956;957;947;950;4.54 K
25.11.1998;947;957;947;957;4.91 K
24.11.1998;960;961;952;953;15.66 K
23.11.1998;958;962;957;958;2.33 K
20.11.1998;962;963;953;956;4.94 K
19.11.1998;975;975;962;963;3.91 K
18.11.1998;971;975;970;975;4.02 K
17.11.1998;975;979;970;972;6.85 K
16.11.1998;972;976;969;973;3.58 K
13.11.1998;976;981;972;975;2.69 K
12.11.1998;974;979;971;974;2.18 K
11.11.1998;979;979;976;977;2.06 K
10.11.1998;977;985;974;982;2.67 K
09.11.1998;980;982;973;975;2.45 K
06.11.1998;994;995;982;984;2.18 K
05.11.1998;1003;1003;994;1001;2.11 K
04.11.1998;1003;1009;997;1003;2.2 K
03.11.1998;1006;1007;1001;1002;1.59 K
02.11.1998;998;1004;989;1004;3.54 K
30.10.1998;1002;1006;994;998;1.14 K
29.10.1998;990;999;989;999;2.81 K
28.10.1998;1007;1007;992;994;3.33 K
27.10.1998;1008;1011;1003;1008;1.48 K
26.10.1998;1007;1013;1005;1008;776
23.10.1998;1017;1017;1009;1011;1.08 K
22.10.1998;1012;1018;1011;1015;4.5 K
21.10.1998;1023;1023;1012;1012;1.97 K
20.10.1998;1011;1022;1007;1022;2.16 K
19.10.1998;1005;1011;1001;1006;1.37 K
16.10.1998;1020;1027;1007;1008;2.3 K
15.10.1998;1000;1020;999;1019;3.9 K
14.10.1998;985;997;980;995;2.48 K
13.10.1998;1001;1001;984;988;1.62 K
12.10.1998;1003;1005;999;1002;1.2 K
09.10.1998;1000;1003;990;1000;2.29 K
08.10.1998;1005;1005;992;998;2.62 K
07.10.1998;1022;1022;1003;1006;1.98 K
06.10.1998;1012;1020;1011;1019;1.28 K
05.10.1998;1013;1017;1009;1011;1.44 K
02.10.1998;997;1004;990;1004;2.67 K
01.10.1998;1000;1005;993;999;1.66 K
30.9.1998;1003;1003;1003;1003;0
29.9.1998;993;993;993;991;7
28.9.1998;975;975;975;975;0
25.9.1998;1000;1000;1000;966;1
24.9.1998;988;988;988;986;23
23.9.1998;991;991;991;989;6
22.9.1998;983;983;983;983;0
21.9.1998;976;976;976;976;0
18.9.1998;982;982;982;982;0
17.9.1998;991;991;991;981;4
16.9.1998;1003;1003;1003;998;3
15.9.1998;1016;1016;1010;1006;13
14.9.1998;1021;1021;1015;1026;3
11.9.1998;1044;1044;1015;1018;34
10.9.1998;1043;1047;1043;1038;151
09.9.1998;1031;1031;1030;1034;58
08.9.1998;1035;1035;1035;1035;8
07.9.1998;1030;1030;1030;1030;0
04.9.1998;1036;1038;1031;1036;28
03.9.1998;1045;1051;1034;1036;54
02.9.1998;1046;1049;1042;1046;423
01.9.1998;1044;1045;1039;1043;422
28.8.1998;1036;1048;1025;1029;6.82 K
27.8.1998;1036;1039;1028;1035;8.26 K
26.8.1998;1020;1033;1020;1033;4.09 K
25.8.1998;1023;1028;1019;1020;4.93 K
24.8.1998;1045;1045;1024;1025;1.77 K
21.8.1998;1047;1051;1044;1045;529
20.8.1998;1054;1057;1050;1051;2.75 K
19.8.1998;1045;1054;1045;1050;1.23 K
18.8.1998;1050;1052;1040;1048;1.3 K
17.8.1998;1058;1058;1045;1046;1.39 K
14.8.1998;1053;1055;1048;1052;2.04 K
13.8.1998;1052;1057;1047;1048;3.08 K
12.8.1998;1058;1058;1047;1051;1.95 K
11.8.1998;1074;1074;1052;1062;1.98 K
10.8.1998;1067;1078;1065;1077;1.47 K
07.8.1998;1065;1069;1063;1068;3.04 K
06.8.1998;1065;1067;1058;1067;1.93 K
05.8.1998;1064;1071;1062;1066;1.2 K
04.8.1998;1057;1068;1055;1066;4.92 K
03.8.1998;1056;1061;1048;1055;1.04 K
31.7.1998;1040;1040;1040;1056;2
30.7.1998;1026;1026;1026;1026;0
29.7.1998;1034;1034;1034;1047;4
28.7.1998;1036;1036;1036;1030;5
27.7.1998;1036;1036;1036;1036;0
24.7.1998;1046;1046;1046;1046;0
23.7.1998;1045;1048;1045;1047;6
22.7.1998;1046;1046;1046;1040;4
21.7.1998;1050;1050;1050;1050;0
20.7.1998;1059;1059;1059;1058;1
17.7.1998;1055;1055;1055;1057;5
16.7.1998;1031;1031;1031;1046;12
15.7.1998;1049;1049;1049;1035;1
14.7.1998;1040;1040;1040;1039;2
13.7.1998;1046;1046;1046;1046;0
10.7.1998;1050;1050;1050;1054;3
09.7.1998;1060;1060;1060;1055;4
08.7.1998;1076;1077;1075;1071;32
07.7.1998;1064;1066;1064;1070;5
06.7.1998;1056;1056;1054;1067;693
03.7.1998;1052;1052;1052;1052;0
02.7.1998;1040;1055;1040;1055;505
01.7.1998;1013;1029;1013;1028;188
30.6.1998;1001;1011;1000;1007;11.43 K
29.6.1998;1024;1028;1001;1002;2.11 K
26.6.1998;1016;1026;1014;1027;1.52 K
25.6.1998;1033;1036;1014;1020;2.84 K
24.6.1998;1027;1035;1021;1034;888
23.6.1998;1030;1033;1020;1021;1.8 K
22.6.1998;1044;1044;1038;1040;598
19.6.1998;1058;1058;1041;1047;668
18.6.1998;1075;1075;1055;1063;1.28 K
17.6.1998;1072;1075;1062;1065;1.05 K
16.6.1998;1077;1077;1062;1068;1.54 K
15.6.1998;1065;1075;1060;1073;631
12.6.1998;1070;1075;1063;1072;1.36 K
11.6.1998;1084;1087;1068;1076;2.03 K
10.6.1998;1078;1082;1075;1076;513
09.6.1998;1060;1076;1057;1074;2.86 K
08.6.1998;1069;1073;1057;1060;2.06 K
05.6.1998;1081;1081;1065;1070;4.5 K
04.6.1998;1090;1094;1079;1081;1.47 K
03.6.1998;1088;1098;1078;1097;1.22 K
02.6.1998;1086;1095;1075;1095;3.61 K
01.6.1998;1113;1115;1086;1094;1.99 K
29.5.1998;1093;1093;1093;1119;9
28.5.1998;1112;1113;1099;1096;21
27.5.1998;1117;1117;1117;1120;46
26.5.1998;1128;1128;1128;1121;1
22.5.1998;1106;1108;1106;1128;35
21.5.1998;1119;1119;1119;1112;2
20.5.1998;1109;1109;1109;1117;2
19.5.1998;1115;1115;1115;1111;2
18.5.1998;1143;1144;1126;1125;3
15.5.1998;1140;1140;1140;1136;2
14.5.1998;1128;1135;1128;1132;54
13.5.1998;1130;1130;1130;1124;11
12.5.1998;1091;1120;1091;1121;532
11.5.1998;1100;1100;1100;1100;226
08.5.1998;1113;1113;1105;1108;26
07.5.1998;1106;1116;1106;1114;1.16 K
06.5.1998;1080;1096;1077;1100;370
05.5.1998;1075;1075;1075;1073;24
01.5.1998;1064;1073;1060;1071;143
30.4.1998;1081;1085;1059;1070;11.35 K
29.4.1998;1072;1082;1063;1080;1.99 K
28.4.1998;1078;1078;1065;1074;2.39 K
27.4.1998;1080;1081;1067;1078;3.27 K
24.4.1998;1077;1080;1063;1070;853
23.4.1998;1059;1076;1054;1072;5.81 K
22.4.1998;1059;1065;1056;1061;1.18 K
21.4.1998;1065;1080;1057;1061;2.03 K
20.4.1998;1017;1034;1012;1033;1.5 K
17.4.1998;1006;1019;1004;1018;951
16.4.1998;1001;1001;989;996;817
15.4.1998;998;1010;997;1000;1.06 K
14.4.1998;1028;1028;996;997;3.08 K
09.4.1998;1051;1053;1036;1039;1.26 K
08.4.1998;1068;1068;1045;1056;1.96 K
07.4.1998;1073;1077;1070;1073;645
06.4.1998;1069;1071;1062;1070;772
03.4.1998;1058;1069;1055;1069;1.4 K
02.4.1998;1052;1060;1048;1053;1.39 K
01.4.1998;1074;1075;1053;1055;1.78 K
31.3.1998;1069;1069;1069;1069;0
30.3.1998;1039;1039;1039;1039;0
27.3.1998;1061;1063;1061;1061;12
26.3.1998;1060;1060;1060;1059;8
25.3.1998;1060;1060;1060;1063;3
24.3.1998;1066;1066;1066;1066;0
23.3.1998;1072;1072;1070;1081;13
20.3.1998;1070;1070;1070;1078;5
19.3.1998;1061;1061;1061;1061;0
18.3.1998;1055;1056;1055;1054;9
17.3.1998;1054;1057;1053;1054;67
16.3.1998;1062;1062;1061;1058;10
13.3.1998;1072;1072;1072;1069;50
12.3.1998;1047;1065;1047;1058;163
11.3.1998;1041;1041;1039;1040;117
10.3.1998;1051;1052;1037;1039;29
09.3.1998;1053;1053;1047;1046;2
06.3.1998;1060;1066;1060;1066;98
05.3.1998;1055;1060;1050;1053;230
04.3.1998;1039;1059;1039;1052;44
03.3.1998;1037;1039;1035;1035;517
02.3.1998;1041;1045;1037;1044;1.85 K
27.2.1998;1032;1041;1030;1038;3.77 K
26.2.1998;1017;1031;1014;1026;1.86 K
25.2.1998;1010;1017;1010;1017;2.62 K
24.2.1998;1003;1014;1003;1011;6.64 K
23.2.1998;996;1002;991;1001;1.65 K
20.2.1998;1011;1017;999;1000;5.9 K
19.2.1998;1002;1011;1001;1011;3.85 K
18.2.1998;1006;1008;1003;1006;2.66 K
17.2.1998;1000;1010;1000;1007;2.45 K
16.2.1998;998;1001;997;1000;1.99 K
13.2.1998;989;1001;989;996;1.26 K
12.2.1998;995;996;985;988;1.76 K
11.2.1998;1003;1003;996;999;837
10.2.1998;998;1001;989;999;2.4 K
09.2.1998;1019;1019;996;998;1.95 K
06.2.1998;1010;1017;1000;1015;2.4 K
05.2.1998;1029;1029;1001;1006;2.9 K
04.2.1998;1038;1043;1029;1029;1.51 K
03.2.1998;1032;1044;1032;1042;736
02.2.1998;1030;1039;1027;1031;874
30.1.1998;1043;1043;1029;1031;1.19 K
29.1.1998;1051;1059;1045;1045;2.4 K
28.1.1998;1077;1077;1066;1072;3.51 K
27.1.1998;1036;1052;1036;1052;1.38 K
26.1.1998;1030;1037;1027;1033;1.44 K
23.1.1998;1037;1040;1028;1032;1.42 K
22.1.1998;1043;1044;1039;1040;1.87 K
21.1.1998;1051;1058;1044;1048;1.98 K
20.1.1998;1032;1050;1030;1049;3.12 K
19.1.1998;1022;1034;1022;1033;1.2 K
16.1.1998;1019;1024;1016;1022;1.65 K
15.1.1998;1018;1028;1016;1025;1.68 K
14.1.1998;1015;1024;1012;1017;4.2 K
13.1.1998;1021;1024;1011;1012;3.97 K
12.1.1998;1040;1042;1024;1024;3.85 K
09.1.1998;1058;1058;1046;1048;4.14 K
08.1.1998;1070;1074;1061;1062;2.23 K
07.1.1998;1056;1064;1054;1064;1.01 K
06.1.1998;1053;1053;1037;1049;2.27 K
05.1.1998;1077;1077;1051;1055;2.17 K
31.12.1997;1038;1038;1038;1082;5
30.12.1997;1030;1030;1030;1034;1
29.12.1997;1032;1032;1032;1032;1
24.12.1997;1048;1048;1048;1048;0
23.12.1997;1020;1022;1019;1038;7
22.12.1997;1052;1052;1033;1024;355
19.12.1997;1068;1068;1068;1067;180
18.12.1997;1074;1074;1074;1069;46
17.12.1997;1080;1080;1080;1080;0
16.12.1997;1126;1129;1126;1092;23
15.12.1997;1118;1118;1118;1119;3
12.12.1997;1092;1097;1092;1110;4
11.12.1997;1059;1081;1059;1091;68
10.12.1997;1036;1054;1036;1053;24
09.12.1997;1043;1043;1041;1039;20
08.12.1997;1030;1038;1030;1038;59
05.12.1997;1001;1020;1000;1024;62
04.12.1997;997;999;995;998;94
03.12.1997;994;998;994;994;164
02.12.1997;983;990;980;990;206
01.12.1997;986;990;982;986;587
28.11.1997;996;996;984;988;7.78 K
27.11.1997;1005;1005;994;996;3.23 K
26.11.1997;1005;1005;997;1000;4.31 K
25.11.1997;994;1000;989;998;1.75 K
24.11.1997;997;999;987;996;2.73 K
21.11.1997;1006;1007;999;1000;8.52 K
20.11.1997;1010;1015;1007;1010;2.25 K
19.11.1997;1000;1010;998;1008;1.76 K
18.11.1997;1013;1015;1001;1001;2.66 K
17.11.1997;1028;1028;1016;1016;1 K
14.11.1997;1028;1030;1023;1029;804
13.11.1997;1032;1042;1027;1030;974
12.11.1997;1033;1034;1026;1030;2.88 K
11.11.1997;1040;1041;1035;1037;505
10.11.1997;1040;1050;1040;1042;1.19 K
07.11.1997;1031;1043;1027;1037;1.54 K
06.11.1997;1049;1049;1033;1039;2.24 K
05.11.1997;1034;1048;1027;1042;2.86 K
04.11.1997;1028;1028;1012;1026;1.26 K
03.11.1997;1049;1053;1030;1030;1.26 K
31.10.1997;1048;1050;1041;1049;1.72 K
30.10.1997;1050;1055;1047;1048;1.59 K
29.10.1997;1042;1055;1042;1055;1.28 K
28.10.1997;1038;1050;1031;1034;2.63 K
27.10.1997;1048;1050;1040;1040;1.3 K
24.10.1997;1065;1069;1050;1053;1.22 K
23.10.1997;1071;1075;1058;1062;2.28 K
22.10.1997;1067;1070;1057;1066;3.27 K
21.10.1997;1095;1103;1072;1076;3.86 K
20.10.1997;1107;1111;1095;1097;1.28 K
17.10.1997;1097;1114;1095;1113;1.54 K
16.10.1997;1099;1110;1098;1103;1.24 K
15.10.1997;1099;1104;1095;1100;2.8 K
14.10.1997;1120;1129;1100;1100;3.11 K
13.10.1997;1122;1126;1117;1121;1.36 K
10.10.1997;1129;1142;1129;1132;3.45 K
09.10.1997;1139;1139;1129;1134;2.78 K
08.10.1997;1149;1158;1145;1145;2.21 K
07.10.1997;1140;1149;1134;1145;1.99 K
06.10.1997;1134;1141;1134;1136;1.36 K
03.10.1997;1123;1142;1121;1136;1.85 K
02.10.1997;1132;1136;1112;1119;2.55 K
01.10.1997;1134;1135;1128;1128;1.32 K
30.9.1997;1112;1112;1112;1129;6
29.9.1997;1101;1115;1101;1111;13
26.9.1997;1107;1107;1107;1103;2
25.9.1997;1112;1115;1103;1107;25
24.9.1997;1087;1087;1087;1092;1
23.9.1997;1081;1081;1081;1081;0
22.9.1997;1089;1089;1089;1089;0
19.9.1997;1099;1099;1099;1093;25
18.9.1997;1093;1093;1093;1093;0
17.9.1997;1124;1124;1115;1096;18
16.9.1997;1080;1094;1080;1112;15
15.9.1997;1063;1063;1063;1079;3
12.9.1997;1065;1068;1065;1078;20
11.9.1997;1098;1098;1080;1077;34
10.9.1997;1100;1113;1100;1107;21
09.9.1997;1105;1105;1103;1111;12
08.9.1997;1088;1112;1088;1101;41
05.9.1997;1143;1145;1140;1119;26
04.9.1997;1125;1132;1123;1135;50
03.9.1997;1130;1130;1118;1131;181
02.9.1997;1115;1130;1110;1127;314
01.9.1997;1112;1121;1108;1120;76
29.8.1997;1120;1135;1115;1128;7.32 K
28.8.1997;1083;1106;1078;1106;577
27.8.1997;1089;1089;1075;1085;503
26.8.1997;1070;1086;1055;1085;997
22.8.1997;1088;1088;1061;1064;931
21.8.1997;1046;1088;1046;1086;3.17 K
20.8.1997;1025;1045;1020;1045;1.75 K
19.8.1997;1029;1037;1023;1025;1.84 K
18.8.1997;998;1021;998;1020;491
15.8.1997;1007;1010;1000;1002;612
14.8.1997;1029;1029;1016;1014;608
13.8.1997;1024;1029;1021;1026;336
12.8.1997;1027;1039;1020;1035;1.38 K
11.8.1997;1025;1028;1017;1022;739
08.8.1997;1011;1029;1011;1021;1.44 K
07.8.1997;999;1018;999;1011;773
06.8.1997;1003;1017;1002;1001;1.46 K
05.8.1997;1005;1005;994;1001;828
04.8.1997;1009;1016;1005;1013;328
01.8.1997;1008;1022;1002;1018;565
31.7.1997;1014;1014;1014;1015;6
30.7.1997;990;990;970;1000;4
29.7.1997;1016;1016;1001;1005;33
28.7.1997;973;973;973;1003;3
25.7.1997;970;970;970;979;8
24.7.1997;964;964;964;974;10
23.7.1997;970;975;968;972;107
22.7.1997;970;970;970;961;5
21.7.1997;979;979;968;971;100
18.7.1997;1006;1006;1006;1001;1
17.7.1997;1029;1029;1014;1010;41
16.7.1997;1032;1032;1032;1032;0
15.7.1997;1024;1024;1017;1030;10
14.7.1997;1010;1018;1010;1019;55
11.7.1997;1029;1031;1027;1026;64
10.7.1997;1055;1026;1024;1038;7
09.7.1997;1029;1035;1029;1036;7
08.7.1997;1018;1018;1010;1027;26
07.7.1997;1032;1035;1021;1021;116
04.7.1997;1005;1005;1002;1022;22
03.7.1997;1059;1061;1010;1001;355
02.7.1997;1127;1128;1095;1093;73
01.7.1997;1149;1149;1135;1141;366
30.6.1997;1122;1131;1115;1132;4.48 K
27.6.1997;1124;1130;1117;1124;1.15 K
26.6.1997;1122;1132;1118;1118;728
25.6.1997;1133;1135;1116;1121;552
24.6.1997;1132;1145;1126;1131;1.05 K
23.6.1997;1094;1120;1085;1115;1.5 K
20.6.1997;1120;1122;1092;1093;433
19.6.1997;1095;1120;1094;1115;1.11 K
18.6.1997;1097;1107;1095;1098;942
17.6.1997;1110;1116;1078;1091;2.1 K
16.6.1997;1118;1122;1103;1106;1.47 K
13.6.1997;1085;1122;1082;1116;4.32 K
12.6.1997;1037;1088;1036;1076;5.17 K
11.6.1997;1010;1026;1005;1025;1.22 K
10.6.1997;1002;1013;1002;1013;1.5 K
09.6.1997;992;1002;988;1002;1.75 K
06.6.1997;993;996;988;995;2.28 K
05.6.1997;990;995;981;995;3.84 K
04.6.1997;1015;1015;990;994;4.19 K
03.6.1997;1023;1023;1013;1017;3.54 K
02.6.1997;1034;1034;1019;1026;1.48 K
30.5.1997;1038;1038;1038;1038;1
29.5.1997;998;1008;1008;1012;1
28.5.1997;1000;1000;1000;1000;0
27.5.1997;999;999;999;999;0
23.5.1997;1004;1004;1004;1004;0
22.5.1997;1009;1009;1009;1009;0
21.5.1997;990;990;990;1003;5
20.5.1997;1007;1007;1007;1007;0
19.5.1997;1003;1003;1003;1003;0
16.5.1997;1011;1011;1011;1001;12
15.5.1997;982;982;982;1002;10
14.5.1997;984;984;984;980;7
13.5.1997;983;983;983;983;0
12.5.1997;997;999;997;1000;8
09.5.1997;984;984;984;988;7
08.5.1997;983;983;983;983;0
07.5.1997;982;983;976;981;76
06.5.1997;969;980;969;964;29
02.5.1997;965;965;963;969;10
01.5.1997;960;960;954;962;42
30.4.1997;975;980;961;968;2.19 K
29.4.1997;1022;1025;973;975;2.96 K
28.4.1997;1030;1030;1018;1022;876
25.4.1997;1030;1040;1028;1033;1.59 K
24.4.1997;1016;1028;1016;1023;841
23.4.1997;1005;1018;1005;1018;564
22.4.1997;1003;1006;990;1006;545
21.4.1997;1014;1014;999;1003;909
18.4.1997;1019;1026;1017;1019;181
17.4.1997;1012;1030;1010;1023;2.21 K
16.4.1997;1020;1022;1016;1017;518
15.4.1997;1018;1025;1018;1025;1.68 K
14.4.1997;1006;1013;1002;1013;1.38 K
11.4.1997;1006;1018;1002;1012;598
10.4.1997;974;1005;974;1002;1.69 K
09.4.1997;980;990;962;972;2.08 K
08.4.1997;987;996;970;972;4.81 K
07.4.1997;1036;1036;968;992;5.51 K
04.4.1997;1040;1048;1035;1044;1.38 K
03.4.1997;1046;1048;1035;1044;638
02.4.1997;1044;1050;1038;1047;1.9 K
01.4.1997;1019;1019;1007;1017;1.36 K
27.3.1997;1023;1023;1023;1017;6
26.3.1997;1018;1025;1018;1024;46
25.3.1997;1007;1007;1007;1007;0
24.3.1997;991;991;991;995;124
21.3.1997;1027;1029;1008;1009;105
20.3.1997;1006;1016;1006;1025;11
19.3.1997;1018;1018;1014;1007;76
18.3.1997;1028;1035;1024;1025;55
17.3.1997;1010;1010;1010;1019;10
14.3.1997;1013;1015;1010;1010;75
13.3.1997;994;994;994;994;0
12.3.1997;1004;1004;992;994;202
11.3.1997;990;1000;990;997;22
10.3.1997;930;930;930;967;2
07.3.1997;923;923;916;933;103
06.3.1997;926;926;914;917;59
05.3.1997;926;926;917;918;118
04.3.1997;904;910;903;917;329
03.3.1997;866;895;866;894;1.43 K
28.2.1997;873;880;865;867;2.01 K
27.2.1997;868;876;868;873;2.33 K
26.2.1997;848;865;848;865;3.44 K
25.2.1997;844;849;841;849;2.6 K
24.2.1997;854;854;840;842;7.52 K
21.2.1997;845;851;843;847;1.65 K
20.2.1997;855;858;850;850;1.04 K
19.2.1997;850;854;848;853;854
18.2.1997;852;855;845;853;1.52 K
17.2.1997;847;850;845;849;1.54 K
14.2.1997;853;859;849;852;1.2 K
13.2.1997;840;857;838;856;2.06 K
12.2.1997;843;843;831;831;4.3 K
11.2.1997;860;860;844;845;760
10.2.1997;856;862;854;859;1.44 K
07.2.1997;863;870;857;865;1.93 K
06.2.1997;851;858;846;851;1.88 K
05.2.1997;890;892;855;854;1.98 K
04.2.1997;909;909;897;901;1.15 K
03.2.1997;908;914;903;912;2.59 K
31.1.1997;908;916;903;915;3.11 K
30.1.1997;887;900;885;899;1.81 K
29.1.1997;896;896;885;887;2.23 K
28.1.1997;903;903;891;894;1.88 K
27.1.1997;891;906;886;895;3.2 K
24.1.1997;861;885;861;887;1.45 K
23.1.1997;877;879;862;862;2.74 K
22.1.1997;877;877;869;874;2.02 K
21.1.1997;880;880;868;874;1.75 K
20.1.1997;882;883;878;880;2.42 K
17.1.1997;876;881;874;878;1.64 K
16.1.1997;881;887;875;876;2.66 K
15.1.1997;878;883;876;880;2.08 K
14.1.1997;878;881;873;879;1.91 K
13.1.1997;868;878;865;876;1.47 K
10.1.1997;874;886;873;879;3.11 K
09.1.1997;874;874;865;872;2.79 K
08.1.1997;884;887;875;879;2.47 K
07.1.1997;893;895;887;888;1.92 K
06.1.1997;893;897;885;895;1.47 K
03.1.1997;905;906;892;896;1.48 K
02.1.1997;885;905;880;904;2.03 K
31.12.1996;890;890;890;890;0
30.12.1996;838;838;838;842;3
27.12.1996;856;856;856;856;0
24.12.1996;861;862;861;860;29
23.12.1996;863;863;863;865;55
20.12.1996;860;860;860;860;0
19.12.1996;856;871;856;865;37
18.12.1996;850;850;847;855;7
17.12.1996;854;855;851;851;8
16.12.1996;866;866;866;860;42
13.12.1996;866;866;859;860;3
12.12.1996;881;881;881;879;73
11.12.1996;878;880;876;878;72
10.12.1996;879;879;873;879;62
09.12.1996;877;877;877;877;1
06.12.1996;888;888;888;891;4
05.12.1996;878;890;878;892;117
04.12.1996;890;890;885;882;21
03.12.1996;870;885;866;890;92
02.12.1996;877;888;867;867;870
29.11.1996;879;880;860;869;3.98 K
28.11.1996;899;899;881;881;2.2 K
27.11.1996;903;905;898;901;3.28 K
26.11.1996;887;900;887;900;3.36 K
25.11.1996;895;896;884;891;4.36 K
22.11.1996;888;900;888;893;3.07 K
21.11.1996;887;893;887;889;813
20.11.1996;880;894;880;893;2.31 K
19.11.1996;875;878;868;878;2.61 K
18.11.1996;886;890;880;880;759
15.11.1996;890;899;885;888;1.41 K
14.11.1996;888;890;877;889;3.56 K
13.11.1996;882;888;878;882;1.68 K
12.11.1996;903;905;890;893;909
11.11.1996;903;906;902;905;584
08.11.1996;904;905;900;901;664
07.11.1996;907;910;902;904;1.24 K
06.11.1996;898;906;896;907;1 K
05.11.1996;895;902;895;900;1.74 K
04.11.1996;911;911;903;904;2.17 K
01.11.1996;923;923;912;916;1.52 K
31.10.1996;930;936;924;924;1.63 K
30.10.1996;929;932;921;931;1.53 K
29.10.1996;923;937;923;932;1.39 K
28.10.1996;935;938;927;928;994
25.10.1996;942;949;936;937;1.02 K
24.10.1996;954;958;942;943;1.22 K
23.10.1996;952;963;952;961;832
22.10.1996;959;960;950;957;1.2 K
21.10.1996;960;961;947;960;1.74 K
18.10.1996;973;976;955;957;1.71 K
17.10.1996;974;976;967;971;1.16 K
16.10.1996;972;978;967;972;2.3 K
15.10.1996;968;968;962;965;974
14.10.1996;979;979;970;971;1.28 K
11.10.1996;988;994;976;981;1.73 K
10.10.1996;982;991;981;983;3.08 K
09.10.1996;973;980;972;977;2.28 K
08.10.1996;978;982;974;974;1.21 K
07.10.1996;965;976;958;976;1.25 K
04.10.1996;961;972;961;963;1.61 K
03.10.1996;969;971;957;959;1.36 K
02.10.1996;973;975;965;967;1.06 K
01.10.1996;980;982;970;973;1.57 K
30.9.1996;965;976;958;986;127
27.9.1996;963;963;963;967;58
26.9.1996;975;975;975;964;15
25.9.1996;956;965;955;966;181
24.9.1996;955;955;955;957;1
23.9.1996;968;968;968;963;10
20.9.1996;956;957;954;959;135
19.9.1996;955;958;954;955;80
18.9.1996;958;958;951;945;108
17.9.1996;968;968;955;955;57
16.9.1996;970;972;970;973;11
13.9.1996;964;964;961;968;102
12.9.1996;946;953;946;960;84
11.9.1996;951;951;944;943;35
10.9.1996;953;953;951;938;5
09.9.1996;960;960;960;960;2
06.9.1996;931;953;928;980;81
05.9.1996;952;952;946;922;40
04.9.1996;933;946;932;951;160
03.9.1996;941;941;931;928;115
02.9.1996;950;950;936;938;558
30.8.1996;960;964;939;943;6.06 K
29.8.1996;972;975;955;957;690
28.8.1996;974;975;960;969;658
27.8.1996;993;993;972;974;917
23.8.1996;1005;1005;993;996;903
22.8.1996;1027;1027;1012;1014;166
21.8.1996;1025;1039;1020;1029;1.04 K
20.8.1996;1011;1022;1010;1019;1.4 K
19.8.1996;1018;1020;1009;1014;152
16.8.1996;1016;1022;1009;1018;633
15.8.1996;1017;1025;1017;1020;222
14.8.1996;1019;1019;1007;1013;110
13.8.1996;1030;1030;1011;1018;1.05 K
12.8.1996;1003;1030;1003;1028;1.32 K
09.8.1996;1020;1022;1009;1008;559
08.8.1996;1003;1012;999;1010;871
07.8.1996;1010;1016;1001;1007;1.06 K
06.8.1996;972;1013;970;1011;1.61 K
05.8.1996;981;987;976;976;931
02.8.1996;980;993;976;980;820
01.8.1996;972;984;960;982;1.8 K
31.7.1996;970;970;970;932;5
30.7.1996;960;960;960;924;1
29.7.1996;970;970;970;932;5
26.7.1996;980;980;980;975;7
25.7.1996;975;984;975;982;26
24.7.1996;965;983;965;972;57
23.7.1996;985;985;985;973;4
22.7.1996;990;990;990;986;15
19.7.1996;1000;1000;1000;993;5
18.7.1996;980;1000;977;999;26
17.7.1996;985;985;984;983;49
16.7.1996;1003;1003;1003;985;1
15.7.1996;997;999;997;1003;80
12.7.1996;990;990;990;990;1
11.7.1996;980;980;980;980;19
10.7.1996;1012;1012;986;980;247
09.7.1996;1050;1050;1042;1035;101
08.7.1996;1042;1042;1042;1044;20
05.7.1996;1049;1049;1049;1048;166
04.7.1996;1037;1044;1035;1040;127
03.7.1996;1040;1047;1037;1039;54
02.7.1996;1042;1044;1037;1039;126
01.7.1996;1025;1025;1008;1012;105
28.6.1996;1030;1048;1025;1037;1.38 K
27.6.1996;1015;1038;1015;1031;938
26.6.1996;1090;1090;1018;1033;1.15 K
25.6.1996;1091;1099;1090;1093;750
24.6.1996;1082;1085;1069;1085;572
21.6.1996;1070;1086;1070;1083;357
20.6.1996;1070;1075;1061;1072;410
19.6.1996;1102;1105;1072;1077;1.87 K
18.6.1996;1092;1105;1092;1099;531
17.6.1996;1105;1106;1092;1093;472
14.6.1996;1122;1122;1110;1114;552
13.6.1996;1128;1132;1106;1115;1.66 K
12.6.1996;1120;1142;1114;1116;2.35 K
11.6.1996;1114;1117;1105;1116;3.02 K
10.6.1996;1115;1118;1112;1115;842
07.6.1996;1095;1125;1095;1122;2.99 K
06.6.1996;1054;1090;1054;1087;1.87 K
05.6.1996;1053;1063;1052;1056;3.63 K
04.6.1996;1067;1067;1048;1055;3.18 K
03.6.1996;1080;1085;1068;1072;1.41 K
31.5.1996;1030;1030;1030;1077;13
30.5.1996;1075;1075;1069;1031;12
29.5.1996;1075;1075;1075;1075;4.3 K
28.5.1996;1090;1090;1080;1081;12
24.5.1996;1085;1085;1085;1085;3.41 K
23.5.1996;1064;1064;1064;1056;2
22.5.1996;1037;1037;1037;1037;7.86 K
21.5.1996;1064;1067;1064;1043;4
20.5.1996;1083;1100;1083;1069;22
17.5.1996;1081;1112;1081;1104;6
16.5.1996;1089;1089;1088;1086;106
15.5.1996;1088;1088;1088;1088;3.38 K
14.5.1996;1097;1097;1097;1097;3.61 K
13.5.1996;1094;1104;1103;1105;29
10.5.1996;1071;1075;1069;1074;105
09.5.1996;1077;1077;1061;1070;189
08.5.1996;1062;1073;1058;1072;38
07.5.1996;1080;1080;1065;1033;148
03.5.1996;1066;1067;1060;1062;110
02.5.1996;1071;1073;1062;1058;85
01.5.1996;1036;1036;1020;1027;168
30.4.1996;1054;1064;1023;1033;661
29.4.1996;1038;1063;1038;1054;500
26.4.1996;1019;1037;1019;1038;2.83 K
25.4.1996;1026;1026;1019;1026;609
24.4.1996;995;1004;990;1004;375
23.4.1996;1010;1019;1005;1003;569
22.4.1996;977;1001;977;1000;762
19.4.1996;994;1001;977;979;1.27 K
18.4.1996;996;1004;993;994;994
17.4.1996;1000;1009;995;996;1.36 K
16.4.1996;1004;1006;997;1001;1.29 K
15.4.1996;1013;1020;1003;1009;694
12.4.1996;1000;1019;998;1015;4.2 K
11.4.1996;979;995;979;988;1.55 K
10.4.1996;975;979;966;979;1.04 K
09.4.1996;980;988;972;975;374
04.4.1996;1000;1016;985;985;2.37 K
03.4.1996;970;983;966;978;1.09 K
02.4.1996;981;994;972;972;1.45 K
01.4.1996;980;980;971;978;3.3 K
29.3.1996;987;987;987;987;27.28 K
28.3.1996;935;935;935;950;1
27.3.1996;920;925;920;935;30
26.3.1996;910;910;910;910;2.35 K
25.3.1996;895;895;895;895;6.88 K
22.3.1996;865;880;865;871;58
21.3.1996;880;880;862;875;32
20.3.1996;873;873;873;873;6.56 K
19.3.1996;865;865;865;880;17
18.3.1996;880;880;860;875;12
15.3.1996;880;880;873;878;25
14.3.1996;872;872;872;872;6.69 K
13.3.1996;874;874;874;874;4.91 K
12.3.1996;890;890;890;880;7
11.3.1996;890;894;890;893;9
08.3.1996;900;900;893;890;19
07.3.1996;886;886;883;886;24
06.3.1996;871;877;871;881;32
05.3.1996;872;872;868;869;38
04.3.1996;882;882;869;874;182
01.3.1996;880;890;874;878;565
29.2.1996;884;888;881;887;2.76 K
28.2.1996;885;885;880;885;1.61 K
27.2.1996;889;892;884;886;2.94 K
26.2.1996;894;896;889;891;1.79 K
23.2.1996;890;896;888;894;1.36 K
22.2.1996;891;899;889;898;1.77 K
21.2.1996;899;901;891;893;957
20.2.1996;890;901;890;902;1.38 K
19.2.1996;904;906;891;892;635
16.2.1996;915;916;900;903;1.24 K
15.2.1996;915;919;912;920;3.97 K
14.2.1996;906;910;905;908;819
13.2.1996;902;904;899;902;1.45 K
12.2.1996;907;908;904;905;428
09.2.1996;905;913;905;910;907
08.2.1996;903;908;901;902;679
07.2.1996;913;917;907;909;1.73 K
06.2.1996;903;911;902;910;2.48 K
05.2.1996;911;911;903;904;4.71 K
02.2.1996;912;921;912;918;2.47 K
01.2.1996;902;915;900;916;2.97 K
31.1.1996;910;910;904;907;622
30.1.1996;911;913;908;911;1.14 K
29.1.1996;922;923;912;913;1 K
26.1.1996;915;928;912;927;1.55 K
25.1.1996;910;911;903;908;1.39 K
24.1.1996;916;916;908;911;1.72 K
23.1.1996;920;927;918;919;2.77 K
22.1.1996;917;931;917;928;4.03 K
19.1.1996;903;919;899;919;3.03 K
18.1.1996;914;914;906;908;1.73 K
17.1.1996;912;916;908;916;4.08 K
16.1.1996;904;908;901;906;2.7 K
15.1.1996;889;895;883;892;1.61 K
12.1.1996;892;898;888;890;2.07 K
11.1.1996;894;894;885;893;2.55 K
10.1.1996;890;895;888;896;4.41 K
09.1.1996;894;894;889;891;1.15 K
08.1.1996;898;901;892;893;1.79 K
05.1.1996;893;904;890;899;3.35 K
04.1.1996;890;891;883;886;2.43 K
03.1.1996;901;906;896;896;2.65 K
02.1.1996;899;900;894;900;870
29.12.1995;896;902;896;899;1.08 K
28.12.1995;860;860;860;848;4
27.12.1995;865;865;865;860;5
22.12.1995;872;872;872;872;0
21.12.1995;875;875;875;868;21
20.12.1995;875;884;875;871;29
19.12.1995;880;880;880;865;5
18.12.1995;895;895;880;881;24
15.12.1995;890;901;890;886;86
14.12.1995;895;895;880;884;27
13.12.1995;900;900;895;885;28
12.12.1995;914;914;911;900;3
11.12.1995;911;911;911;911;0
08.12.1995;895;900;888;895;21
07.12.1995;890;900;888;895;85
06.12.1995;894;895;894;890;3
05.12.1995;895;897;890;894;37
04.12.1995;894;895;894;894;17
01.12.1995;893;896;893;893;301
30.11.1995;904;911;897;902;5.09 K
29.11.1995;895;907;895;907;1.64 K
28.11.1995;887;895;882;889;2.39 K
27.11.1995;916;918;890;889;2.99 K
24.11.1995;914;917;914;916;1.47 K
23.11.1995;923;927;918;919;710
22.11.1995;915;920;912;921;1.48 K
21.11.1995;933;933;913;914;1.07 K
20.11.1995;935;940;934;935;1.61 K
17.11.1995;937;940;933;935;1.19 K
16.11.1995;938;941;936;942;1.3 K
15.11.1995;926;935;925;933;1.12 K
14.11.1995;930;933;925;930;1.45 K
13.11.1995;932;932;924;926;516
10.11.1995;935;941;929;938;1.05 K
09.11.1995;934;938;927;937;1.11 K
08.11.1995;940;944;929;934;1.85 K
07.11.1995;921;931;916;931;3.52 K
06.11.1995;913;918;911;917;708
03.11.1995;926;931;916;917;1.38 K
02.11.1995;916;922;915;922;997
01.11.1995;915;918;910;916;629
31.10.1995;922;924;917;920;1.03 K
30.10.1995;930;931;921;926;1.47 K
27.10.1995;930;934;926;934;2.54 K
26.10.1995;917;929;918;923;3.06 K
25.10.1995;919;921;914;920;1.3 K
24.10.1995;914;925;912;921;1.2 K
23.10.1995;915;918;909;917;1.15 K
20.10.1995;920;930;911;916;3.51 K
19.10.1995;904;920;904;919;2.24 K
18.10.1995;910;915;903;904;1.31 K
17.10.1995;910;915;908;915;3.6 K
16.10.1995;898;905;897;903;1.59 K
13.10.1995;899;901;897;897;1.33 K
12.10.1995;900;906;899;900;2.51 K
11.10.1995;885;891;882;891;2.89 K
10.10.1995;892;897;887;887;747
09.10.1995;891;894;888;893;1.52 K
06.10.1995;895;900;892;894;5.08 K
05.10.1995;894;895;888;892;771
04.10.1995;894;898;893;895;5.18 K
03.10.1995;885;893;881;892;2.41 K
02.10.1995;906;908;880;884;4.41 K
29.9.1995;865;865;865;910;3
28.9.1995;861;861;850;858;31
27.9.1995;868;868;866;854;58
26.9.1995;874;874;874;865;24
25.9.1995;865;876;865;873;42
22.9.1995;869;875;869;874;23
21.9.1995;850;850;850;873;7
20.9.1995;850;850;850;866;3
19.9.1995;862;862;862;862;573
18.9.1995;868;868;865;873;11
15.9.1995;870;870;870;876;1
14.9.1995;869;869;866;873;59
13.9.1995;870;871;868;870;33
12.9.1995;863;863;861;862;50
11.9.1995;882;882;877;868;13
08.9.1995;888;889;883;886;163
07.9.1995;878;885;876;883;106
06.9.1995;895;895;886;882;13
05.9.1995;914;914;897;902;238
04.9.1995;905;905;904;909;9
01.9.1995;914;919;911;908;2.72 K
31.8.1995;903;906;895;906;2.69 K
30.8.1995;910;910;902;904;2.35 K
29.8.1995;927;927;912;915;2.25 K
25.8.1995;927;931;918;928;1.34 K
24.8.1995;928;928;918;926;640
23.8.1995;937;937;926;929;1.49 K
22.8.1995;940;941;934;935;2.16 K
21.8.1995;908;932;907;931;3.14 K
18.8.1995;901;904;896;904;949
17.8.1995;897;902;887;901;2.04 K
16.8.1995;901;904;895;895;1.28 K
15.8.1995;896;903;893;901;1.13 K
14.8.1995;889;896;889;892;859
11.8.1995;895;905;895;904;2.3 K
10.8.1995;883;894;881;894;1.5 K
09.8.1995;889;889;878;882;1.12 K
08.8.1995;909;913;889;895;1.6 K
07.8.1995;890;910;890;909;4.56 K
04.8.1995;877;886;873;886;1.19 K
03.8.1995;883;887;876;880;1.82 K
02.8.1995;865;878;865;876;2.31 K
01.8.1995;848;867;846;867;1.98 K
31.7.1995;863;863;847;850;828
28.7.1995;835;835;835;830;2
27.7.1995;830;830;830;835;11
26.7.1995;829;829;829;826;10
25.7.1995;835;835;835;835;2
24.7.1995;854;854;854;841;29
21.7.1995;835;852;835;848;67
20.7.1995;838;838;838;833;11
19.7.1995;849;849;849;846;121
18.7.1995;839;839;838;832;36
17.7.1995;841;842;841;838;64
14.7.1995;845;846;845;851;6
13.7.1995;835;839;835;843;6
12.7.1995;855;855;855;842;12
11.7.1995;851;859;849;857;54
10.7.1995;859;865;850;840;73
07.7.1995;876;881;865;865;78
06.7.1995;900;900;880;886;39
05.7.1995;903;903;898;904;15
04.7.1995;905;908;904;908;222
03.7.1995;898;907;898;907;251
30.6.1995;910;915;898;902;2.52 K
29.6.1995;920;920;909;911;1.63 K
28.6.1995;916;925;916;921;2.3 K
27.6.1995;923;925;913;918;844
26.6.1995;929;929;920;927;1.03 K
23.6.1995;928;933;926;928;1.09 K
22.6.1995;935;938;929;930;4.05 K
21.6.1995;922;934;922;933;1.15 K
20.6.1995;922;927;922;926;961
19.6.1995;932;938;930;933;877
16.6.1995;928;935;927;931;3.58 K
15.6.1995;914;920;912;921;676
14.6.1995;915;922;909;915;847
13.6.1995;920;920;911;915;694
12.6.1995;927;927;917;923;690
09.6.1995;929;930;922;928;1.8 K
08.6.1995;924;930;922;930;5.55 K
07.6.1995;925;935;923;925;3.02 K
06.6.1995;937;937;918;921;8.28 K
05.6.1995;947;951;944;945;612
02.6.1995;968;968;953;961;2.32 K
01.6.1995;973;975;966;970;3.94 K
31.5.1995;965;965;965;965;6.63 K
30.5.1995;935;938;933;932;308
26.5.1995;916;933;916;935;517
25.5.1995;929;932;911;915;93
24.5.1995;937;941;937;941;906
23.5.1995;941;941;936;944;52
22.5.1995;944;944;937;942;42
19.5.1995;945;945;934;944;268
18.5.1995;938;943;938;943;10
17.5.1995;937;940;935;939;255
16.5.1995;924;929;924;932;6
15.5.1995;933;933;929;927;39
12.5.1995;910;923;908;921;150
11.5.1995;919;922;907;909;14
10.5.1995;917;921;912;917;77
09.5.1995;909;918;905;918;49
05.5.1995;921;926;916;915;89
04.5.1995;937;937;937;937;10
03.5.1995;952;955;947;952;92
02.5.1995;936;950;945;953;209
01.5.1995;959;959;949;948;701
28.4.1995;960;969;955;966;5.53 K
27.4.1995;945;954;941;954;5.48 K
26.4.1995;948;950;940;941;2.91 K
25.4.1995;953;954;943;948;681
24.4.1995;956;964;954;961;2.12 K
21.4.1995;946;966;946;965;2.05 K
20.4.1995;940;945;938;944;898
19.4.1995;933;937;930;933;1.66 K
18.4.1995;912;935;912;936;2 K
13.4.1995;934;934;917;918;1.02 K
12.4.1995;929;935;928;935;872
11.4.1995;920;925;914;924;641
10.4.1995;937;938;920;924;1.36 K
07.4.1995;931;939;929;940;2.52 K
06.4.1995;947;948;930;934;1.81 K
05.4.1995;940;947;936;943;1.02 K
04.4.1995;930;934;923;933;1.83 K
03.4.1995;931;948;931;932;921
31.3.1995;940;940;940;940;159
30.3.1995;940;940;929;933;98
29.3.1995;941;945;937;941;68
28.3.1995;939;939;937;938;172
27.3.1995;940;943;940;943;27
24.3.1995;930;940;930;943;218
23.3.1995;960;961;944;943;48
22.3.1995;959;963;958;962;109
21.3.1995;977;981;974;963;24
20.3.1995;993;994;984;987;297
17.3.1995;983;989;982;982;20
16.3.1995;985;985;970;974;69
15.3.1995;985;989;985;988;19
14.3.1995;1004;1004;977;978;144
13.3.1995;1012;1012;1004;1006;13
10.3.1995;1005;1007;996;1001;504
09.3.1995;1022;1027;998;989;536
08.3.1995;1025;1044;1025;1030;245
07.3.1995;1027;1032;1023;1025;448
06.3.1995;1035;1035;1022;1021;505
03.3.1995;1037;1046;1038;1044;468
02.3.1995;1038;1042;1032;1038;989
01.3.1995;1044;1053;1036;1048;2.17 K
28.2.1995;1055;1056;1046;1046;3.08 K
27.2.1995;1060;1068;1051;1057;1.82 K
24.2.1995;1049;1062;1040;1056;5.17 K
23.2.1995;1045;1047;1042;1047;736
22.2.1995;1047;1050;1044;1045;689
21.2.1995;1038;1050;1038;1048;909
20.2.1995;1030;1037;1028;1037;533
17.2.1995;1031;1033;1024;1033;2.08 K
16.2.1995;1040;1045;1034;1038;1.72 K
15.2.1995;1050;1053;1043;1044;1.34 K
14.2.1995;1020;1051;1020;1051;6.99 K
13.2.1995;1007;1024;1006;1019;3.29 K
10.2.1995;1001;1010;999;1006;1.54 K
09.2.1995;1005;1005;998;1000;2.05 K
08.2.1995;993;1001;991;1001;2.1 K
07.2.1995;989;1000;986;994;1 K
06.2.1995;1005;1007;991;992;2.15 K
03.2.1995;996;1008;996;1008;2.49 K
02.2.1995;1003;1005;987;1002;2.71 K
01.2.1995;1002;1010;1001;1005;1.43 K
31.1.1995;997;1007;993;1007;1.5 K
30.1.1995;1000;1003;995;1003;708
27.1.1995;1003;1007;992;1000;1.96 K
26.1.1995;997;1003;995;1000;1.33 K
25.1.1995;985;1002;977;993;1.99 K
24.1.1995;990;990;976;983;1.72 K
23.1.1995;1007;1007;991;992;2.87 K
20.1.1995;994;1007;993;1004;2.12 K
19.1.1995;990;992;982;991;866
18.1.1995;987;993;980;991;1.14 K
17.1.1995;977;987;962;987;2.94 K
16.1.1995;973;984;971;978;2.34 K
13.1.1995;1007;1019;980;982;4.56 K
12.1.1995;1020;1028;1008;1010;3.9 K
11.1.1995;1004;1009;994;1008;3.56 K
10.1.1995;988;1005;984;1004;2.31 K
09.1.1995;1005;1015;988;992;4.24 K
06.1.1995;994;1020;987;1012;3.81 K
05.1.1995;1000;1006;992;994;3.36 K
04.1.1995;974;987;960;983;5.01 K
03.1.1995;970;972;963;971;6.38 K
29.12.1994;994;994;972;972;57
28.12.1994;1001;1001;978;982;274
23.12.1994;1015;1015;1001;1003;19
22.12.1994;1044;1044;1006;1019;580
21.12.1994;1060;1066;1043;1045;364
20.12.1994;1031;1036;1018;1036;357
19.12.1994;990;1036;977;1023;228
16.12.1994;991;991;986;985;31
15.12.1994;971;997;971;989;70
14.12.1994;920;935;918;934;85
13.12.1994;938;939;920;927;259
12.12.1994;972;972;949;950;210
09.12.1994;980;982;970;978;72
08.12.1994;989;992;970;978;304
07.12.1994;979;990;979;988;794
06.12.1994;959;976;955;975;580
05.12.1994;948;964;948;961;454
02.12.1994;927;942;925;942;967
01.12.1994;917;937;917;928;2.37 K
30.11.1994;918;918;894;914;5.9 K
29.11.1994;945;950;911;915;1.82 K
28.11.1994;970;973;948;950;972
25.11.1994;968;973;968;973;485
24.11.1994;970;970;965;968;1.13 K
23.11.1994;976;976;970;976;540
22.11.1994;979;987;968;977;1.36 K
21.11.1994;960;979;958;979;2.45 K
18.11.1994;957;964;950;963;1.57 K
17.11.1994;952;952;946;949;512
16.11.1994;957;958;950;953;1.38 K
15.11.1994;936;956;934;956;1.49 K
14.11.1994;945;948;939;941;1.66 K
11.11.1994;943;945;940;943;720
10.11.1994;939;943;937;937;874
09.11.1994;937;943;936;939;1.74 K
08.11.1994;929;935;926;934;892
07.11.1994;943;943;927;932;2.47 K
04.11.1994;943;950;943;948;1.54 K
03.11.1994;947;948;942;945;1.01 K
02.11.1994;938;943;937;942;866
01.11.1994;951;951;937;943;445
31.10.1994;958;966;954;955;1.03 K
28.10.1994;960;963;955;958;1.05 K
27.10.1994;950;966;950;959;1.93 K
26.10.1994;941;955;936;949;987
25.10.1994;946;946;930;937;991
24.10.1994;942;944;934;937;485
21.10.1994;953;959;946;947;1.39 K
20.10.1994;945;953;936;952;808
19.10.1994;942;944;932;941;1.08 K
18.10.1994;941;945;934;939;854
17.10.1994;943;954;937;940;1.05 K
14.10.1994;925;935;921;935;1.67 K
13.10.1994;939;940;934;938;3.98 K
12.10.1994;934;939;929;936;622
11.10.1994;935;942;928;938;900
10.10.1994;930;943;930;934;1.53 K
07.10.1994;942;946;930;934;3.36 K
06.10.1994;938;953;938;944;2.73 K
05.10.1994;967;967;936;943;3.1 K
04.10.1994;965;972;955;970;3.1 K
03.10.1994;975;978;968;972;1.04 K
29.9.1994;963;963;933;949;4
28.9.1994;952;952;952;963;3
27.9.1994;964;964;964;964;0
26.9.1994;965;965;965;953;8
23.9.1994;950;951;950;966;3
22.9.1994;935;960;935;939;107
21.9.1994;921;950;921;939;25
20.9.1994;950;957;945;950;23
19.9.1994;946;946;946;968;2
16.9.1994;963;963;963;955;1
15.9.1994;956;958;956;964;29
14.9.1994;997;967;964;954;5
13.9.1994;942;949;942;969;10
12.9.1994;960;964;960;943;10
09.9.1994;960;960;952;955;27
08.9.1994;954;957;950;938;19
07.9.1994;956;964;954;952;24
06.9.1994;949;949;944;945;73
05.9.1994;959;963;957;946;37
02.9.1994;977;978;974;976;101
01.9.1994;975;982;975;979;241
31.8.1994;969;976;963;976;1.59 K
30.8.1994;1010;1013;984;989;1.48 K
26.8.1994;1004;1020;1001;1020;572
25.8.1994;1020;1020;998;1001;1.09 K
24.8.1994;1045;1047;1020;1021;1.43 K
23.8.1994;1025;1041;1021;1043;664
22.8.1994;1036;1036;1021;1024;1.54 K
19.8.1994;1041;1055;1040;1041;1.16 K
18.8.1994;1045;1051;1037;1039;1.02 K
17.8.1994;1068;1073;1057;1057;2.4 K
16.8.1994;1046;1070;1039;1066;1.56 K
15.8.1994;1055;1059;1044;1045;507
12.8.1994;1043;1066;1043;1063;1.16 K
11.8.1994;1027;1037;1026;1034;692
10.8.1994;1019;1037;1019;1034;1.61 K
09.8.1994;1010;1023;1005;1007;2.16 K
08.8.1994;1035;1035;1008;1010;1.85 K
05.8.1994;1055;1064;1035;1037;1.58 K
04.8.1994;1055;1060;1030;1049;3.36 K
03.8.1994;1087;1099;1048;1054;2.18 K
02.8.1994;1097;1107;1085;1088;1.13 K
01.8.1994;1110;1116;1096;1106;1.65 K
29.7.1994;1081;1129;1077;1124;4.01 K
28.7.1994;1089;1089;1073;1071;56
27.7.1994;1068;1072;1068;1082;49
26.7.1994;1046;1048;1046;1048;16
25.7.1994;1065;1065;1050;1045;68
22.7.1994;1080;1096;1080;1080;9
21.7.1994;1084;1091;1079;1088;32
20.7.1994;1073;1105;1071;1094;149
19.7.1994;1076;1083;1073;1077;24
18.7.1994;1095;1097;1087;1091;122
15.7.1994;1024;1040;1024;1046;31
14.7.1994;1035;1035;1013;1019;72
13.7.1994;1030;1043;1022;1047;144
12.7.1994;1030;1033;1026;1037;39
11.7.1994;1032;1042;1028;1039;231
08.7.1994;979;1000;975;1007;172
07.7.1994;978;986;978;981;206
06.7.1994;986;991;970;972;196
05.7.1994;994;996;979;978;176
04.7.1994;989;997;989;995;159
01.7.1994;959;987;958;989;92
30.6.1994;933;952;921;951;1.08 K
29.6.1994;930;937;930;933;554
28.6.1994;931;945;929;931;926
27.6.1994;968;975;955;955;2.03 K
24.6.1994;959;971;938;948;633
23.6.1994;960;968;947;961;1.18 K
22.6.1994;990;998;985;987;1.21 K
21.6.1994;990;999;985;997;751
20.6.1994;1010;1020;995;1000;1.57 K
17.6.1994;1010;1018;1005;1015;426
16.6.1994;1015;1035;1015;1018;1.24 K
15.6.1994;996;1021;993;1019;2.72 K
14.6.1994;1005;1010;996;1002;1.31 K
13.6.1994;983;996;980;993;908
10.6.1994;966;978;966;976;953
09.6.1994;990;995;973;984;1.17 K
08.6.1994;977;983;969;981;826
07.6.1994;969;978;963;966;1.43 K
06.6.1994;1007;1007;976;978;1.36 K
03.6.1994;1014;1014;999;1011;1.3 K
02.6.1994;1016;1037;1016;1018;1.78 K
01.6.1994;1026;1030;1010;1011;1.1 K
31.5.1994;990;1037;990;1027;2.61 K
27.5.1994;950;962;950;957;54
26.5.1994;980;980;970;985;14
25.5.1994;1000;1000;985;983;37
24.5.1994;1023;1053;1023;1048;255
23.5.1994;978;978;978;978;218
20.5.1994;909;909;909;917;2
19.5.1994;905;905;905;921;2
18.5.1994;899;899;898;913;22
17.5.1994;907;910;909;911;15
16.5.1994;915;915;914;918;33
13.5.1994;930;930;920;931;17
12.5.1994;920;920;920;920;1.77 K
11.5.1994;886;886;886;886;3
10.5.1994;903;903;898;897;25
09.5.1994;907;909;899;899;37
06.5.1994;875;905;868;903;366
05.5.1994;849;856;846;858;183
04.5.1994;866;869;851;858;234
03.5.1994;835;855;835;858;848
29.4.1994;835;837;821;828;1.62 K
28.4.1994;827;830;822;830;2.4 K
27.4.1994;845;835;825;826;1.12 K
26.4.1994;847;847;843;845;1.31 K
25.4.1994;861;865;850;852;724
22.4.1994;855;859;842;859;2.14 K
21.4.1994;850;859;850;853;1.94 K
20.4.1994;876;879;860;857;1.15 K
19.4.1994;896;900;876;882;3.17 K
18.4.1994;883;900;883;897;2.45 K
15.4.1994;883;892;878;884;2.2 K
14.4.1994;880;887;878;883;1.33 K
13.4.1994;881;885;880;885;494
12.4.1994;885;888;879;886;1.23 K
11.4.1994;883;888;875;888;1.2 K
08.4.1994;896;899;887;888;1.78 K
07.4.1994;882;896;882;891;1.62 K
06.4.1994;865;881;865;882;1.34 K
05.4.1994;881;882;867;869;1.9 K
31.3.1994;893;893;882;893;2.3 K
30.3.1994;879;883;879;860;15
29.3.1994;875;875;870;864;6
28.3.1994;884;898;884;891;16
25.3.1994;900;916;894;905;50
24.3.1994;920;920;910;920;524
23.3.1994;950;950;947;914;32
22.3.1994;940;940;940;924;10
21.3.1994;920;920;920;920;0
18.3.1994;941;941;939;943;5
17.3.1994;955;955;955;947;106
16.3.1994;947;947;945;949;55
15.3.1994;950;960;947;954;129
14.3.1994;918;923;914;945;27
11.3.1994;910;910;910;907;20
10.3.1994;902;906;902;905;47
09.3.1994;907;907;905;905;24
08.3.1994;915;915;911;914;148
07.3.1994;900;900;897;899;122
04.3.1994;885;892;882;891;283
03.3.1994;886;892;884;888;567
02.3.1994;895;898;891;893;364
01.3.1994;885;898;882;897;2.56 K
28.2.1994;895;895;885;888;2.15 K
25.2.1994;905;915;893;904;2.57 K
24.2.1994;912;912;903;904;860
23.2.1994;904;916;904;910;1.37 K
22.2.1994;916;916;900;902;1.29 K
21.2.1994;912;919;906;918;2.13 K
18.2.1994;869;907;869;906;1.77 K
17.2.1994;875;876;864;870;6.62 K
16.2.1994;873;878;869;872;1.92 K
15.2.1994;882;893;880;884;993
14.2.1994;882;888;880;885;1.73 K
11.2.1994;895;905;885;886;2.34 K
10.2.1994;880;895;880;893;1.51 K
09.2.1994;876;891;876;880;1.43 K
08.2.1994;857;875;857;873;1.21 K
07.2.1994;885;890;853;858;1.7 K
04.2.1994;870;880;867;880;1.54 K
03.2.1994;854;865;849;861;2.02 K
02.2.1994;850;864;847;854;1.43 K
01.2.1994;889;892;855;857;6.18 K
31.1.1994;915;915;902;904;907
28.1.1994;911;918;909;916;827
27.1.1994;911;915;905;911;1.07 K
26.1.1994;912;920;909;913;1.56 K
25.1.1994;915;924;914;919;2.31 K
24.1.1994;910;910;897;911;2.18 K
21.1.1994;890;910;890;909;1.85 K
20.1.1994;901;904;890;901;1.91 K
19.1.1994;918;928;912;914;1.43 K
18.1.1994;923;925;916;921;4.16 K
17.1.1994;927;935;923;930;925
14.1.1994;918;938;910;922;4.46 K
13.1.1994;892;917;892;915;3.84 K
12.1.1994;868;892;866;889;2.37 K
11.1.1994;901;901;879;880;1.98 K
10.1.1994;893;904;881;902;3.78 K
07.1.1994;894;894;874;888;2.27 K
06.1.1994;889;901;885;896;2.74 K
05.1.1994;917;917;885;886;4.39 K
04.1.1994;920;925;911;923;1.88 K
31.12.1993;909;910;901;910;1.13 K
30.12.1993;860;860;860;860;0
29.12.1993;855;855;855;859;25
24.12.1993;875;885;875;875;15
23.12.1993;855;855;855;878;2
22.12.1993;856;871;854;856;342
21.12.1993;840;870;835;855;352
20.12.1993;868;860;860;850;18
17.12.1993;925;925;913;900;157
16.12.1993;950;950;935;925;10
15.12.1993;953;953;953;953;0
14.12.1993;957;969;957;962;40
13.12.1993;982;984;966;966;66
10.12.1993;980;985;973;957;8
09.12.1993;990;994;988;980;120
08.12.1993;988;990;985;989;93
07.12.1993;985;992;981;978;90
06.12.1993;990;997;985;986;146
03.12.1993;980;1000;980;999;65
02.12.1993;999;1000;985;994;161
01.12.1993;978;1000;977;991;386
30.11.1993;992;992;974;980;3.69 K
29.11.1993;995;997;988;990;4.43 K
26.11.1993;1002;1005;999;1004;655
25.11.1993;982;1000;980;995;639
24.11.1993;960;975;958;973;1.16 K
23.11.1993;981;981;962;968;291
22.11.1993;1008;1011;987;993;995
19.11.1993;972;998;972;997;1.33 K
18.11.1993;982;982;968;976;655
17.11.1993;966;981;964;981;1.51 K
16.11.1993;965;981;940;967;2.81 K
15.11.1993;927;950;920;950;1.44 K
12.11.1993;932;934;928;930;759
11.11.1993;925;933;921;931;1.17 K
10.11.1993;909;924;909;923;2 K
09.11.1993;899;911;898;910;708
08.11.1993;902;902;894;896;629
05.11.1993;890;905;887;900;1.78 K
04.11.1993;906;908;887;891;1.99 K
03.11.1993;920;925;910;913;2.45 K
02.11.1993;930;930;920;922;972
01.11.1993;927;929;923;930;457
29.10.1993;941;945;937;941;281
28.10.1993;941;949;940;944;762
27.10.1993;937;939;926;930;739
26.10.1993;944;952;936;937;1.72 K
25.10.1993;933;943;933;942;534
22.10.1993;940;957;934;938;1.1 K
21.10.1993;945;960;936;942;1.77 K
20.10.1993;922;940;919;941;1.4 K
19.10.1993;919;925;912;925;1.65 K
18.10.1993;914;927;910;916;683
15.10.1993;900;923;892;914;1.52 K
14.10.1993;913;917;899;905;1.16 K
13.10.1993;907;925;902;916;2.28 K
12.10.1993;911;931;903;909;2.2 K
11.10.1993;888;907;887;905;1.56 K
08.10.1993;886;899;880;884;2.6 K
07.10.1993;913;913;877;879;3.92 K
06.10.1993;944;946;932;933;2 K
05.10.1993;947;955;940;947;1.89 K
04.10.1993;960;965;945;948;2.38 K
01.10.1993;928;940;928;937;2.01 K
30.9.1993;917;922;903;916;3.3 K
29.9.1993;890;900;890;885;205
28.9.1993;875;875;875;875;117
27.9.1993;893;893;880;870;118
24.9.1993;890;890;890;888;39
23.9.1993;887;887;887;892;2
22.9.1993;880;900;880;894;59
21.9.1993;880;880;863;870;71
20.9.1993;872;887;872;883;75
17.9.1993;870;877;861;875;88
16.9.1993;841;862;841;870;9
15.9.1993;831;831;831;831;1.18 K
14.9.1993;849;849;841;845;43
13.9.1993;823;825;817;840;28
10.9.1993;820;835;822;825;45
09.9.1993;820;835;815;827;160
08.9.1993;808;826;808;826;339
07.9.1993;785;788;782;796;324
06.9.1993;790;790;778;784;1.93 K
03.9.1993;790;798;788;793;610
02.9.1993;789;793;787;791;245
01.9.1993;797;800;793;796;180
31.8.1993;800;805;792;797;2.15 K
27.8.1993;781;802;773;801;1.72 K
26.8.1993;785;790;780;780;874
25.8.1993;779;780;767;771;1.59 K
24.8.1993;775;791;775;787;1.9 K
23.8.1993;762;769;762;765;1.16 K
20.8.1993;766;766;755;759;655
19.8.1993;766;768;758;763;533
18.8.1993;760;760;751;760;629
17.8.1993;765;767;752;756;1.33 K
16.8.1993;755;766;752;765;1.49 K
13.8.1993;740;745;736;743;550
12.8.1993;737;744;737;742;848
11.8.1993;724;740;723;737;868
10.8.1993;719;728;719;720;1.63 K
09.8.1993;738;741;715;718;2.34 K
06.8.1993;746;749;734;735;1.62 K
05.8.1993;749;750;743;746;1.53 K
04.8.1993;760;765;752;753;1.5 K
03.8.1993;757;761;756;760;1.2 K
02.8.1993;748;760;744;758;883
30.7.1993;740;744;728;748;165
29.7.1993;739;738;734;735;68
28.7.1993;741;742;738;739;115
27.7.1993;740;749;736;738;22
26.7.1993;746;753;745;743;14
23.7.1993;744;751;736;751;127
22.7.1993;750;756;750;748;5
21.7.1993;748;748;744;752;17
20.7.1993;759;759;750;752;39
19.7.1993;757;761;751;755;25
16.7.1993;758;761;746;760;234
15.7.1993;760;775;754;766;34
14.7.1993;739;750;739;748;73
13.7.1993;739;749;736;734;113
12.7.1993;745;746;740;743;110
09.7.1993;736;755;736;754;276
08.7.1993;739;740;736;740;291
07.7.1993;733;736;729;737;497
06.7.1993;738;746;736;739;320
05.7.1993;741;741;731;739;91
02.7.1993;730;738;720;739;1.17 K
01.7.1993;724;730;724;725;489
30.6.1993;710;736;710;719;1.21 K
29.6.1993;711;714;705;709;589
28.6.1993;723;725;711;712;358
25.6.1993;724;727;719;726;338
24.6.1993;735;735;724;726;557
23.6.1993;730;745;730;743;2.87 K
22.6.1993;718;736;708;733;17.19 K
21.6.1993;708;721;704;717;1.01 K
18.6.1993;687;706;684;706;2.6 K
17.6.1993;680;690;675;687;1.66 K
16.6.1993;667;680;667;680;4.11 K
15.6.1993;656;665;656;664;645
14.6.1993;666;666;660;662;528
11.6.1993;678;678;668;669;874
10.6.1993;663;680;663;680;3.01 K
09.6.1993;661;664;660;663;6.78 K
08.6.1993;660;664;660;664;2.09 K
07.6.1993;661;664;661;663;912
04.6.1993;661;665;657;664;1.44 K
03.6.1993;661;669;661;662;1.38 K
02.6.1993;659;664;659;664;1.38 K
01.6.1993;660;666;659;665;406
28.5.1993;643;643;643;643;0
27.5.1993;640;642;638;638;56
26.5.1993;642;642;642;643;79
25.5.1993;640;640;635;637;79
24.5.1993;639;645;639;643;27
21.5.1993;645;645;644;643;26
20.5.1993;647;647;646;647;14
19.5.1993;645;645;645;647;12
18.5.1993;640;649;639;647;22
17.5.1993;655;655;645;644;114
14.5.1993;658;663;652;653;121
13.5.1993;650;650;648;653;146
12.5.1993;655;655;652;651;40
11.5.1993;660;660;659;657;11
10.5.1993;660;663;658;662;91
07.5.1993;664;666;660;667;50
06.5.1993;667;668;662;665;233
05.5.1993;660;668;658;670;334
04.5.1993;658;665;658;661;1.23 K
30.4.1993;661;664;658;660;2.71 K
29.4.1993;670;670;661;665;1.32 K
28.4.1993;675;677;669;673;1.5 K
27.4.1993;672;674;669;674;879
26.4.1993;669;669;662;665;1.16 K
23.4.1993;670;674;666;668;1.01 K
22.4.1993;671;677;671;674;3.6 K
21.4.1993;671;672;664;670;1.49 K
20.4.1993;672;675;667;672;1.84 K
19.4.1993;687;687;671;675;1.56 K
16.4.1993;690;697;690;693;2.01 K
15.4.1993;693;693;686;693;1.23 K
14.4.1993;699;700;693;694;1.96 K
13.4.1993;696;697;692;696;1.77 K
08.4.1993;685;692;681;690;2.02 K
07.4.1993;681;687;678;685;498
06.4.1993;680;689;679;687;938
05.4.1993;681;682;675;678;1.23 K
02.4.1993;684;684;676;678;1.34 K
01.4.1993;691;692;683;687;1.72 K
31.3.1993;680;684;680;684;80
30.3.1993;677;680;675;674;76
29.3.1993;680;682;680;680;27
26.3.1993;688;688;686;676;17
25.3.1993;680;684;680;688;32
24.3.1993;678;678;678;676;40
23.3.1993;671;675;668;673;105
22.3.1993;675;680;675;674;107
19.3.1993;691;691;690;683;12
18.3.1993;690;690;675;685;103
17.3.1993;692;695;689;691;39
16.3.1993;691;691;691;688;34
15.3.1993;677;694;677;688;51
12.3.1993;676;681;676;677;77
11.3.1993;681;687;670;669;86
10.3.1993;705;690;680;681;104
09.3.1993;699;704;691;697;179
08.3.1993;700;707;700;706;107
05.3.1993;691;699;685;696;295
04.3.1993;715;715;696;697;217
03.3.1993;732;734;713;716;159
02.3.1993;736;737;731;734;149
01.3.1993;732;740;731;738;439
26.2.1993;740;745;729;730;3.61 K
25.2.1993;747;749;739;745;2.86 K
24.2.1993;737;747;736;747;2.4 K
23.2.1993;736;747;733;743;4.83 K
22.2.1993;722;731;721;729;2.39 K
19.2.1993;718;724;712;724;886
18.2.1993;723;730;717;718;2.46 K
17.2.1993;722;727;713;722;2.45 K
16.2.1993;728;730;724;725;1.22 K
15.2.1993;725;733;725;731;586
12.2.1993;717;732;717;725;2.92 K
11.2.1993;718;725;715;719;1.44 K
10.2.1993;714;724;713;721;1.6 K
09.2.1993;709;713;701;712;867
08.2.1993;696;704;695;702;1.13 K
05.2.1993;695;700;684;697;1.59 K
04.2.1993;712;712;692;696;2.69 K
03.2.1993;727;727;713;714;2.76 K
02.2.1993;725;727;721;726;1.07 K
01.2.1993;709;725;706;725;1.44 K
29.1.1993;701;711;699;703;1.55 K
28.1.1993;706;712;698;703;3.76 K
27.1.1993;698;713;698;708;2.01 K
26.1.1993;704;711;701;702;1.88 K
25.1.1993;730;734;716;717;2.37 K
22.1.1993;729;734;718;732;2.68 K
21.1.1993;723;732;722;730;3.23 K
20.1.1993;721;727;720;721;2.39 K
19.1.1993;705;728;705;723;5.45 K
18.1.1993;713;713;702;705;1.2 K
15.1.1993;711;716;708;713;2.62 K
14.1.1993;708;715;702;714;4.22 K
13.1.1993;699;706;697;706;4.49 K
12.1.1993;685;694;683;694;2.02 K
11.1.1993;686;691;683;687;1.76 K
08.1.1993;692;695;688;689;4.62 K
07.1.1993;685;692;685;688;2.04 K
06.1.1993;688;689;682;683;2.87 K
05.1.1993;698;698;685;688;2.37 K
04.1.1993;695;705;694;703;2.93 K
31.12.1992;695;695;685;693;0
30.12.1992;680;690;680;676;29
29.12.1992;686;689;684;689;73
24.12.1992;673;680;670;677;52
23.12.1992;668;668;668;684;1
22.12.1992;645;655;645;657;56
21.12.1992;640;645;640;644;6
18.12.1992;635;635;633;645;75
17.12.1992;653;653;640;642;15
16.12.1992;657;657;645;651;86
15.12.1992;648;650;647;647;26
14.12.1992;653;653;648;650;29
11.12.1992;662;662;659;658;71
10.12.1992;664;664;648;654;60
09.12.1992;654;654;651;652;75
08.12.1992;680;680;659;660;94
07.12.1992;688;691;686;686;27
04.12.1992;691;693;690;694;92
03.12.1992;707;707;695;697;169
02.12.1992;701;701;698;703;254
01.12.1992;707;709;699;706;553
30.11.1992;711;711;694;696;3.17 K
27.11.1992;713;714;706;710;556
26.11.1992;706;712;706;711;1.71 K
25.11.1992;708;712;703;711;2.65 K
24.11.1992;716;719;711;711;652
23.11.1992;715;719;713;714;926
20.11.1992;725;726;718;720;672
19.11.1992;720;727;720;725;719
18.11.1992;715;720;713;720;1.36 K
17.11.1992;727;727;721;722;930
16.11.1992;729;737;726;727;1.22 K
13.11.1992;721;731;708;731;1.21 K
12.11.1992;721;721;714;720;1.08 K
11.11.1992;727;733;722;724;812
10.11.1992;717;735;715;728;1.24 K
09.11.1992;725;728;714;718;1.13 K
06.11.1992;720;729;717;723;2.11 K
05.11.1992;690;716;688;715;1.46 K
04.11.1992;694;694;684;690;1.04 K
03.11.1992;705;705;695;698;973
02.11.1992;683;701;675;701;845
30.10.1992;685;686;675;684;625
29.10.1992;688;689;683;684;337
28.10.1992;702;702;686;693;1.74 K
27.10.1992;698;708;691;703;1.54 K
26.10.1992;681;694;681;693;1.05 K
23.10.1992;676;692;676;682;1.82 K
22.10.1992;674;685;669;682;1.88 K
21.10.1992;670;682;669;681;2.84 K
20.10.1992;656;663;648;663;1.41 K
19.10.1992;661;664;652;658;1.24 K
16.10.1992;651;659;648;654;698
15.10.1992;640;667;640;650;1.81 K
14.10.1992;645;648;632;634;4.01 K
13.10.1992;660;668;651;652;1.28 K
12.10.1992;659;664;655;656;1.11 K
09.10.1992;667;674;660;661;1.28 K
08.10.1992;690;691;673;675;1.89 K
07.10.1992;679;689;676;689;1.31 K
06.10.1992;689;695;685;686;1.94 K
05.10.1992;670;687;670;684;2.23 K
02.10.1992;665;672;659;667;1.76 K
01.10.1992;658;668;657;665;2.63 K
30.9.1992;620;620;620;620;129
29.9.1992;635;635;635;633;10
28.9.1992;610;633;590;619;24
25.9.1992;624;628;624;618;157
24.9.1992;637;637;629;630;201
23.9.1992;642;642;637;644;55
22.9.1992;640;641;640;642;8
21.9.1992;620;632;620;637;61
18.9.1992;616;616;613;613;61
17.9.1992;620;621;615;620;36
16.9.1992;587;605;587;623;60
15.9.1992;592;592;592;587;7
14.9.1992;590;590;581;591;31
11.9.1992;598;598;589;589;163
10.9.1992;604;605;593;594;189
09.9.1992;592;600;592;601;76
08.9.1992;590;593;589;592;181
07.9.1992;599;599;592;594;211
04.9.1992;607;607;597;604;121
03.9.1992;592;603;592;610;82
02.9.1992;575;586;575;584;324
01.9.1992;600;600;576;578;322
28.8.1992;592;599;592;595;2.41 K
27.8.1992;613;613;598;602;1.07 K
26.8.1992;614;618;612;616;1 K
25.8.1992;604;612;604;613;1.14 K
24.8.1992;606;609;601;603;413
21.8.1992;605;611;600;610;507
20.8.1992;620;620;609;610;716
19.8.1992;620;625;615;620;1.96 K
18.8.1992;598;610;589;607;1.61 K
17.8.1992;604;610;598;599;798
14.8.1992;618;620;607;613;336
13.8.1992;603;622;603;616;1.63 K
12.8.1992;605;612;583;597;1.41 K
11.8.1992;629;630;612;613;1.62 K
10.8.1992;636;638;634;636;466
07.8.1992;630;635;626;635;1.12 K
06.8.1992;636;637;628;632;447
05.8.1992;639;639;633;636;914
04.8.1992;638;643;628;642;2.69 K
03.8.1992;604;614;599;614;763
31.7.1992;580;606;580;580;301
30.7.1992;580;580;580;552;16
29.7.1992;580;580;580;575;8
28.7.1992;580;580;580;575;62
27.7.1992;595;595;590;579;67
24.7.1992;585;585;585;570;8
23.7.1992;580;586;580;585;7
22.7.1992;563;563;562;572;28
21.7.1992;550;561;545;559;14
20.7.1992;552;552;552;548;12
17.7.1992;560;560;560;553;1
16.7.1992;585;585;585;568;18
15.7.1992;581;587;581;575;21
14.7.1992;590;590;578;572;6
13.7.1992;600;609;600;603;57
10.7.1992;585;598;585;590;24
09.7.1992;600;600;595;587;81
08.7.1992;583;593;583;588;27
07.7.1992;580;580;568;569;309
06.7.1992;580;581;578;581;115
03.7.1992;548;567;548;570;97
02.7.1992;556;557;551;560;84
01.7.1992;544;561;544;564;301
30.6.1992;537;545;534;540;1.83 K
29.6.1992;525;544;523;540;1.53 K
26.6.1992;513;520;506;515;1.05 K
25.6.1992;494;506;493;506;1.15 K
24.6.1992;502;502;493;498;2.6 K
23.6.1992;508;508;503;505;944
22.6.1992;518;519;509;512;404
19.6.1992;513;520;513;516;408
18.6.1992;517;517;512;514;704
17.6.1992;517;518;507;516;1.01 K
16.6.1992;517;520;511;520;1.64 K
15.6.1992;524;525;517;519;1.07 K
12.6.1992;515;525;515;525;959
11.6.1992;513;516;509;513;1.18 K
10.6.1992;527;527;515;518;2.33 K
09.6.1992;537;539;525;528;981
08.6.1992;540;540;536;538;220
05.6.1992;543;547;539;541;1.13 K
04.6.1992;543;548;542;546;972
03.6.1992;542;548;540;546;1.02 K
02.6.1992;547;549;543;544;1.03 K
01.6.1992;538;550;536;547;1.83 K
29.5.1992;525;525;520;541;265
28.5.1992;523;527;523;527;22
27.5.1992;525;530;525;526;202
26.5.1992;540;540;535;535;405
22.5.1992;535;537;534;539;802
21.5.1992;547;547;537;538;168
20.5.1992;552;552;550;550;287
19.5.1992;547;553;547;556;125
18.5.1992;550;550;549;555;58
15.5.1992;545;552;543;556;89
14.5.1992;548;548;545;540;142
13.5.1992;540;545;540;544;37
12.5.1992;538;542;537;539;248
11.5.1992;542;542;534;538;490
08.5.1992;535;539;532;537;133
07.5.1992;542;543;536;539;151
06.5.1992;557;557;547;549;83
05.5.1992;565;565;555;560;202
01.5.1992;554;562;553;561;840
30.4.1992;555;557;548;552;1.91 K
29.4.1992;560;561;551;555;1.24 K
28.4.1992;572;575;557;569;1.93 K
27.4.1992;570;575;563;572;1.05 K
24.4.1992;583;585;573;581;1.26 K
23.4.1992;570;591;569;583;1.3 K
22.4.1992;593;593;574;575;1.62 K
21.4.1992;593;593;589;591;5.6 K
16.4.1992;600;600;587;588;1.61 K
15.4.1992;615;624;610;613;2.02 K
14.4.1992;607;616;601;611;643
13.4.1992;607;613;607;610;1.13 K
10.4.1992;618;624;604;606;1.18 K
09.4.1992;612;622;612;615;2.42 K
08.4.1992;609;609;603;609;1.76 K
07.4.1992;612;614;608;613;1.28 K
06.4.1992;621;622;609;615;996
03.4.1992;623;626;620;622;925
02.4.1992;615;628;610;627;1.17 K
01.4.1992;630;632;615;618;2.51 K
31.3.1992;599;599;599;599;16
30.3.1992;619;619;612;607;20
27.3.1992;624;624;624;615;44
26.3.1992;641;641;641;641;0
25.3.1992;668;668;667;657;8
24.3.1992;667;667;667;667;0
23.3.1992;660;660;660;662;3
20.3.1992;670;670;670;669;2
19.3.1992;646;650;644;648;9
18.3.1992;647;648;647;648;2
17.3.1992;652;653;651;652;62
16.3.1992;641;641;641;641;0
13.3.1992;652;655;650;652;15
12.3.1992;649;653;649;647;8
11.3.1992;649;650;647;647;111
10.3.1992;645;645;640;641;61
09.3.1992;650;653;645;644;110
06.3.1992;652;655;650;653;27
05.3.1992;650;650;645;651;72
04.3.1992;663;663;653;656;23
03.3.1992;659;670;659;669;131
02.3.1992;666;666;656;660;1.62 K
28.2.1992;684;677;660;662;1.36 K
27.2.1992;676;680;673;674;1.22 K
26.2.1992;665;674;661;673;3.88 K
25.2.1992;662;667;661;664;5.08 K
24.2.1992;664;667;657;662;5.74 K
21.2.1992;669;672;662;665;1.46 K
20.2.1992;671;676;670;671;1.16 K
19.2.1992;664;675;662;671;2.02 K
18.2.1992;664;680;660;667;1.91 K
17.2.1992;666;671;661;662;449
14.2.1992;665;670;659;669;1.09 K
13.2.1992;667;674;655;664;1.55 K
12.2.1992;688;688;676;674;1.24 K
11.2.1992;675;688;672;688;2.46 K
10.2.1992;673;675;669;670;1.69 K
07.2.1992;684;685;677;678;1.56 K
06.2.1992;689;698;680;684;3.07 K
05.2.1992;690;698;685;688;3.82 K
04.2.1992;702;702;692;695;5.07 K
03.2.1992;715;715;706;706;2.52 K
31.1.1992;734;736;725;726;1.42 K
30.1.1992;725;732;723;732;1.89 K
29.1.1992;720;724;719;724;860
28.1.1992;722;727;718;720;2.04 K
27.1.1992;736;738;726;729;1.43 K
24.1.1992;730;734;727;734;2.03 K
23.1.1992;728;731;722;731;1.63 K
22.1.1992;738;738;729;730;1.23 K
21.1.1992;741;741;731;733;2.4 K
20.1.1992;743;748;739;743;991
17.1.1992;745;753;742;745;1.6 K
16.1.1992;731;749;728;747;3.19 K
15.1.1992;727;734;723;732;2.82 K
14.1.1992;726;728;723;727;1.8 K
13.1.1992;732;737;726;729;1.6 K
10.1.1992;715;733;715;733;4.35 K
09.1.1992;705;713;705;713;3.19 K
08.1.1992;702;716;702;712;5.07 K
07.1.1992;718;721;706;709;3.59 K
06.1.1992;727;727;718;721;4.26 K
03.1.1992;738;738;727;732;3.67 K
02.1.1992;742;742;723;733;5.35 K
31.12.1991;723;723;723;745;5
30.12.1991;739;739;739;732;1
27.12.1991;741;741;729;731;7
24.12.1991;741;741;741;741;0
23.12.1991;730;730;728;732;7
20.12.1991;741;741;739;733;14
19.12.1991;746;747;745;747;52
18.12.1991;750;750;744;746;19
17.12.1991;762;762;750;745;20
16.12.1991;748;748;748;753;6
13.12.1991;748;748;748;747;5
12.12.1991;724;732;724;747;21
11.12.1991;735;738;725;724;52
10.12.1991;729;731;729;728;49
09.12.1991;733;735;729;729;47
06.12.1991;745;745;732;733;167
05.12.1991;732;741;732;741;271
04.12.1991;723;731;723;735;74
03.12.1991;710;719;710;718;289
02.12.1991;716;716;711;714;752
29.11.1991;720;720;716;718;2.04 K
28.11.1991;720;722;717;722;1.84 K
27.11.1991;712;720;712;721;5.88 K
26.11.1991;711;714;703;714;2.54 K
25.11.1991;717;719;708;713;970
22.11.1991;725;729;719;721;2.53 K
21.11.1991;735;735;726;729;1.05 K
20.11.1991;738;738;733;735;1.81 K
19.11.1991;727;734;726;734;1.57 K
18.11.1991;733;737;725;726;793
15.11.1991;745;749;739;741;561
14.11.1991;736;749;736;745;1.23 K
13.11.1991;737;738;733;737;1.01 K
12.11.1991;733;737;733;735;971
11.11.1991;731;738;727;732;1.04 K
08.11.1991;745;749;734;736;1.27 K
07.11.1991;752;764;751;758;2.12 K
06.11.1991;739;747;739;744;696
05.11.1991;731;744;731;740;725
04.11.1991;742;743;727;734;979
01.11.1991;745;753;742;750;1.16 K
31.10.1991;735;741;733;739;750
30.10.1991;726;739;708;739;4.47 K
29.10.1991;748;749;725;726;2.54 K
28.10.1991;747;748;740;748;734
25.10.1991;748;748;744;746;1.07 K
24.10.1991;751;755;750;750;786
23.10.1991;746;753;738;753;1.07 K
22.10.1991;745;746;738;744;1.28 K
21.10.1991;755;755;740;743;1.49 K
18.10.1991;763;769;755;759;1.64 K
17.10.1991;763;771;762;766;1.28 K
16.10.1991;751;761;750;759;1.56 K
15.10.1991;767;767;749;754;3.87 K
14.10.1991;781;783;771;772;1 K
11.10.1991;783;790;778;785;912
10.10.1991;785;788;776;783;1.34 K
09.10.1991;790;793;780;784;2.08 K
08.10.1991;787;790;778;787;1.26 K
07.10.1991;776;789;773;789;1.32 K
04.10.1991;785;788;775;783;4.68 K
03.10.1991;745;756;745;755;1.8 K
02.10.1991;745;752;734;747;3.65 K
01.10.1991;745;751;743;745;1.32 K
30.9.1991;705;707;705;746;6
27.9.1991;721;722;715;718;19
26.9.1991;725;730;725;728;6
25.9.1991;719;722;719;720;27
24.9.1991;717;717;706;705;35
23.9.1991;715;715;715;715;1
20.9.1991;720;720;720;734;1
19.9.1991;714;720;714;719;20
18.9.1991;729;729;724;721;71
17.9.1991;697;714;697;710;16
16.9.1991;700;701;695;697;22
13.9.1991;715;719;706;706;92
12.9.1991;709;716;709;715;166
11.9.1991;712;713;705;705;17
10.9.1991;705;712;705;711;37
09.9.1991;718;719;703;708;227
06.9.1991;735;735;711;711;77
05.9.1991;715;715;711;712;72
04.9.1991;700;716;697;714;135
03.9.1991;665;684;665;682;265
02.9.1991;655;667;655;661;479
30.8.1991;640;659;640;656;1.47 K
29.8.1991;637;642;636;637;2.77 K
28.8.1991;647;648;640;643;1.55 K
27.8.1991;650;654;647;651;1.26 K
23.8.1991;647;650;642;642;893
22.8.1991;640;646;639;642;924
21.8.1991;630;639;630;633;515
20.8.1991;629;637;626;628;654
19.8.1991;650;652;626;628;1.11 K
16.8.1991;666;670;660;669;702
15.8.1991;658;675;658;667;1.19 K
14.8.1991;649;659;649;658;1.2 K
13.8.1991;653;653;640;642;2.01 K
12.8.1991;664;669;657;663;719
09.8.1991;648;658;648;658;419
08.8.1991;660;661;648;649;795
07.8.1991;668;673;662;662;1.18 K
06.8.1991;667;667;660;665;941
05.8.1991;675;690;666;668;5.32 K
02.8.1991;658;682;658;677;3.71 K
01.8.1991;649;660;647;654;2.09 K
31.7.1991;614;614;614;614;15
30.7.1991;623;625;623;625;3
29.7.1991;621;631;621;629;18
26.7.1991;596;612;592;612;7
25.7.1991;590;595;584;590;32
24.7.1991;594;594;587;587;32
23.7.1991;596;597;596;596;12
22.7.1991;595;597;588;588;18
19.7.1991;589;596;589;596;60
18.7.1991;585;588;582;585;41
17.7.1991;584;584;582;582;41
16.7.1991;596;596;579;579;23
15.7.1991;589;593;589;593;20
12.7.1991;580;586;580;586;48
11.7.1991;573;577;569;577;8
10.7.1991;571;577;571;571;617
09.7.1991;570;570;567;569;71
08.7.1991;578;579;576;577;94
05.7.1991;582;582;577;578;43
04.7.1991;575;584;575;580;359
03.7.1991;581;584;580;583;51
02.7.1991;574;585;574;585;190
01.7.1991;559;575;559;575;551
28.6.1991;574;574;558;560;3.22 K
27.6.1991;574;578;570;576;1.36 K
26.6.1991;578;583;572;583;2.32 K
25.6.1991;580;584;574;576;4.09 K
24.6.1991;608;608;578;578;1.12 K
21.6.1991;611;611;604;604;639
20.6.1991;606;615;606;613;1.05 K
19.6.1991;614;618;606;608;891
18.6.1991;610;615;599;615;1.62 K
17.6.1991;604;605;597;601;592
14.6.1991;610;610;603;604;954
13.6.1991;610;610;602;606;1.96 K
12.6.1991;610;617;607;612;2.19 K
11.6.1991;626;627;610;610;1.44 K
10.6.1991;610;626;610;613;2.23 K
07.6.1991;622;622;609;613;4.16 K
06.6.1991;634;637;628;629;1.65 K
05.6.1991;627;633;627;633;2.28 K
04.6.1991;622;627;614;626;1.21 K
03.6.1991;632;634;624;624;1.07 K
31.5.1991;604;629;600;629;65
30.5.1991;593;593;583;589;3
29.5.1991;570;580;560;570;17
28.5.1991;581;581;571;579;17
24.5.1991;580;589;580;589;1
23.5.1991;580;580;580;580;4
22.5.1991;569;573;569;573;13
21.5.1991;594;594;579;579;63
20.5.1991;594;599;594;597;40
17.5.1991;582;586;582;586;29
16.5.1991;584;584;574;574;53
15.5.1991;589;589;578;578;6
14.5.1991;583;589;582;586;167
13.5.1991;590;590;581;582;143
10.5.1991;597;600;596;598;37
09.5.1991;601;601;599;599;64
08.5.1991;609;609;602;602;64
07.5.1991;609;617;608;611;534
03.5.1991;613;620;613;615;76
02.5.1991;602;614;601;611;238
01.5.1991;605;605;601;602;929
30.4.1991;603;609;602;607;2.15 K
29.4.1991;608;613;599;610;2 K
26.4.1991;625;625;614;615;5.02 K
25.4.1991;642;642;625;625;1.51 K
24.4.1991;644;646;635;638;1.47 K
23.4.1991;645;649;642;645;2.42 K
22.4.1991;638;644;635;644;2.23 K
19.4.1991;644;646;637;641;790
18.4.1991;648;652;640;642;923
17.4.1991;646;654;645;650;2.76 K
16.4.1991;642;651;641;651;2.06 K
15.4.1991;651;653;647;648;427
12.4.1991;647;659;646;654;1.5 K
11.4.1991;644;650;639;647;906
10.4.1991;652;652;645;648;1.17 K
09.4.1991;650;650;640;650;1.48 K
08.4.1991;660;660;640;641;2.11 K
05.4.1991;662;671;659;660;1.05 K
04.4.1991;662;665;659;663;1.78 K
03.4.1991;681;689;664;666;1.85 K
28.3.1991;660;680;655;680;91
27.3.1991;650;659;647;647;253
26.3.1991;650;650;648;649;4
25.3.1991;642;644;642;644;100
22.3.1991;649;652;649;652;2
21.3.1991;655;655;654;654;6
20.3.1991;664;665;658;664;88
19.3.1991;670;672;664;666;42
18.3.1991;668;670;665;668;81
15.3.1991;665;673;665;673;81
14.3.1991;653;653;644;648;86
13.3.1991;644;652;643;648;166
12.3.1991;663;663;636;639;92
11.3.1991;655;657;643;643;91
08.3.1991;655;660;650;654;312
07.3.1991;652;659;649;659;184
06.3.1991;645;659;641;656;305
05.3.1991;609;623;609;618;330
04.3.1991;600;607;596;607;265
01.3.1991;607;612;600;600;497
28.2.1991;600;608;592;605;6.72 K
27.2.1991;600;605;598;605;3.03 K
26.2.1991;590;600;588;598;4.2 K
25.2.1991;598;598;591;594;2.02 K
22.2.1991;605;605;596;597;796
21.2.1991;610;615;610;612;440
20.2.1991;612;617;611;616;911
19.2.1991;620;620;612;619;873
18.2.1991;618;621;615;620;2.25 K
15.2.1991;614;625;611;625;1.82 K
14.2.1991;605;612;602;610;1.15 K
13.2.1991;595;605;595;599;924
12.2.1991;591;602;591;601;1.57 K
11.2.1991;592;596;588;591;882
08.2.1991;600;602;591;599;257
07.2.1991;602;602;591;598;2.11 K
06.2.1991;598;603;595;602;928
05.2.1991;613;615;599;615;1.23 K
04.2.1991;607;617;607;615;1.61 K
01.2.1991;617;620;604;610;1.93 K
31.1.1991;614;618;612;617;1.03 K
30.1.1991;628;628;610;617;1.64 K
29.1.1991;630;635;630;632;535
28.1.1991;629;634;626;632;1 K
25.1.1991;632;637;629;633;2.27 K
24.1.1991;643;646;633;636;1.88 K
23.1.1991;659;663;652;653;854
22.1.1991;651;660;650;658;1.14 K
21.1.1991;654;655;646;655;623
18.1.1991;661;664;652;659;1.04 K
17.1.1991;655;658;652;655;2.12 K
16.1.1991;675;677;662;663;1.88 K
15.1.1991;683;683;673;678;1.13 K
14.1.1991;682;684;675;680;1.41 K
11.1.1991;668;682;663;679;4.22 K
10.1.1991;647;663;647;660;3.75 K
09.1.1991;648;649;641;646;2.14 K
08.1.1991;653;656;650;650;3.17 K
07.1.1991;653;654;648;651;2.03 K
04.1.1991;645;650;645;649;1.1 K
03.1.1991;647;656;646;648;1.53 K
02.1.1991;648;652;641;646;1.31 K
31.12.1990;598;598;598;598;91
28.12.1990;605;630;580;605;165
27.12.1990;625;625;618;618;165
21.12.1990;624;628;622;628;118
20.12.1990;609;612;607;607;21
19.12.1990;605;605;602;602;11
18.12.1990;618;621;610;610;57
17.12.1990;633;633;631;631;1
14.12.1990;638;638;633;636;29
13.12.1990;636;640;636;638;80
12.12.1990;642;643;637;641;86
11.12.1990;643;643;640;640;152
10.12.1990;632;645;632;643;619
07.12.1990;659;661;633;636;168
06.12.1990;652;655;647;654;167
05.12.1990;656;657;643;652;316
04.12.1990;662;662;656;660;1.53 K
03.12.1990;677;678;667;668;2.02 K
30.11.1990;678;697;675;682;5.13 K
29.11.1990;680;680;672;676;2.67 K
28.11.1990;680;682;673;679;2.27 K
27.11.1990;699;705;686;686;1.45 K
26.11.1990;697;701;693;699;1.1 K
23.11.1990;700;701;694;699;465
22.11.1990;705;708;701;701;1.24 K
21.11.1990;706;715;700;707;3.38 K
20.11.1990;694;710;694;700;1.13 K
19.11.1990;715;717;696;699;1.68 K
16.11.1990;676;692;675;692;1.87 K
15.11.1990;661;672;659;671;1.86 K
14.11.1990;655;662;653;658;1.15 K
13.11.1990;653;658;652;656;714
12.11.1990;645;654;645;651;762
09.11.1990;651;662;651;652;912
08.11.1990;646;654;645;652;604
07.11.1990;642;650;642;645;553
06.11.1990;637;646;635;644;776
05.11.1990;648;655;643;647;539
02.11.1990;650;662;649;662;661
01.11.1990;647;660;646;655;1.35 K
31.10.1990;640;641;629;636;3.38 K
30.10.1990;660;663;648;648;1.59 K
29.10.1990;681;681;666;668;852
26.10.1990;685;686;679;682;962
25.10.1990;685;692;685;691;2.52 K
24.10.1990;670;686;669;682;1.34 K
23.10.1990;665;673;662;668;1.04 K
22.10.1990;666;675;659;660;1.92 K
19.10.1990;650;661;638;660;5.29 K
18.10.1990;660;670;652;653;1.25 K
17.10.1990;652;662;646;662;1.02 K
16.10.1990;661;672;655;656;1.02 K
15.10.1990;684;684;665;665;2.06 K
12.10.1990;674;683;671;679;1.51 K
11.10.1990;678;680;668;679;1.16 K
10.10.1990;678;684;668;674;1.23 K
09.10.1990;699;700;678;683;1.38 K
08.10.1990;700;703;693;700;1.25 K
05.10.1990;726;726;710;710;1.25 K
04.10.1990;720;729;717;727;1.14 K
03.10.1990;730;730;714;727;2.6 K
02.10.1990;732;733;721;725;3.04 K
01.10.1990;741;747;739;739;721
28.9.1990;727;732;725;732;7
27.9.1990;725;727;719;723;18
26.9.1990;738;738;727;727;280
25.9.1990;727;727;715;723;45
24.9.1990;715;728;715;721;10
21.9.1990;707;713;707;710;31
20.9.1990;704;704;702;702;5
19.9.1990;705;705;695;700;15
18.9.1990;719;724;707;708;26
17.9.1990;720;723;717;723;84
14.9.1990;730;737;716;716;34
13.9.1990;725;728;721;728;40
12.9.1990;695;718;695;718;150
11.9.1990;704;710;704;710;64
10.9.1990;685;703;685;703;70
07.9.1990;735;735;691;691;427
06.9.1990;725;735;709;729;285
05.9.1990;732;740;715;722;387
04.9.1990;711;730;711;726;497
03.9.1990;725;725;714;720;203
31.8.1990;705;739;705;730;1.7 K
30.8.1990;678;695;670;693;1.83 K
29.8.1990;680;690;671;680;583
28.8.1990;728;728;691;691;1.95 K
24.8.1990;656;730;656;727;1.06 K
23.8.1990;655;657;650;652;528
22.8.1990;654;654;644;651;745
21.8.1990;650;660;648;659;613
20.8.1990;633;645;625;645;1.03 K
17.8.1990;635;640;626;634;462
16.8.1990;635;647;634;639;2.1 K
15.8.1990;620;634;619;632;1.05 K
14.8.1990;641;649;620;623;2.27 K
13.8.1990;675;679;642;643;1.97 K
10.8.1990;671;682;670;673;3.3 K
09.8.1990;670;671;653;671;1.94 K
08.8.1990;678;686;672;676;416
07.8.1990;669;683;664;675;1.12 K
06.8.1990;693;702;679;679;1.77 K
03.8.1990;720;721;696;697;1.63 K
02.8.1990;735;738;724;730;1.33 K
01.8.1990;745;749;730;732;1.32 K
31.7.1990;740;751;740;751;2
30.7.1990;749;749;740;740;2
27.7.1990;759;759;685;685;5
26.7.1990;754;754;754;754;0
25.7.1990;743;753;743;753;20
24.7.1990;752;752;730;732;36
23.7.1990;746;746;743;744;7
20.7.1990;737;737;736;736;3
19.7.1990;727;727;727;727;0
18.7.1990;732;732;730;730;2
17.7.1990;754;754;719;719;14
16.7.1990;733;743;733;733;31
13.7.1990;745;746;740;741;192
12.7.1990;728;728;724;724;16
11.7.1990;732;733;710;719;123
10.7.1990;767;767;738;738;53
09.7.1990;773;775;770;770;76
06.7.1990;763;772;759;771;170
05.7.1990;780;780;765;765;71
04.7.1990;780;786;778;782;392
03.7.1990;780;785;774;777;359
02.7.1990;750;776;749;764;1.54 K
29.6.1990;755;759;748;748;1.92 K
28.6.1990;765;767;750;750;791
27.6.1990;755;772;755;771;1.64 K
26.6.1990;735;752;735;747;694
25.6.1990;728;734;718;732;2.6 K
22.6.1990;745;753;734;734;525
21.6.1990;775;786;762;764;762
20.6.1990;760;788;754;778;748
19.6.1990;784;786;769;773;806
18.6.1990;790;791;780;781;564
15.6.1990;775;790;758;787;3.02 K
14.6.1990;790;791;774;776;873
13.6.1990;790;805;790;800;1.14 K
12.6.1990;770;795;763;785;1.71 K
11.6.1990;795;802;773;780;2.09 K
08.6.1990;845;852;804;805;2.3 K
07.6.1990;841;852;825;851;2.6 K
06.6.1990;875;875;843;855;1.5 K
05.6.1990;850;857;814;855;1.99 K
04.6.1990;880;880;839;839;2.38 K
01.6.1990;923;931;878;884;2.02 K
31.5.1990;895;919;895;919;13
30.5.1990;914;925;914;924;32
29.5.1990;941;950;930;930;59
25.5.1990;952;955;944;944;82
24.5.1990;935;944;935;944;11
23.5.1990;942;943;911;914;22
22.5.1990;914;925;911;925;31
21.5.1990;942;944;924;924;19
18.5.1990;913;938;909;938;143
17.5.1990;914;927;910;913;92
16.5.1990;940;948;927;927;157
15.5.1990;887;893;882;892;162
14.5.1990;873;882;872;881;106
11.5.1990;850;853;836;836;174
10.5.1990;840;851;840;841;302
09.5.1990;812;823;799;823;398
08.5.1990;849;849;815;815;736
04.5.1990;848;853;845;852;158
03.5.1990;847;853;843;847;235
02.5.1990;865;865;841;842;281
01.5.1990;845;855;845;854;500
30.4.1990;828;848;828;837;1.6 K
27.4.1990;832;835;825;828;3.15 K
26.4.1990;824;845;824;840;1.06 K
25.4.1990;831;841;821;824;1.02 K
24.4.1990;869;869;833;841;1.6 K
23.4.1990;880;880;863;867;787
20.4.1990;870;887;870;880;1.47 K
19.4.1990;845;870;845;866;2.72 K
18.4.1990;830;852;820;851;1.73 K
17.4.1990;870;870;848;849;1.27 K
12.4.1990;862;879;857;876;1.7 K
11.4.1990;868;892;865;873;1.47 K
10.4.1990;824;828;815;827;964
09.4.1990;845;855;827;827;1.45 K
06.4.1990;825;847;822;830;2.61 K
05.4.1990;811;850;808;834;5.54 K
04.4.1990;797;819;792;810;4.92 K
03.4.1990;778;807;774;798;4.21 K
02.4.1990;784;784;771;780;1.93 K
30.3.1990;780;780;773;773;92
29.3.1990;758;765;751;765;86
28.3.1990;745;760;742;756;83
27.3.1990;732;737;728;735;39
26.3.1990;744;744;737;739;103
23.3.1990;720;736;720;736;118
22.3.1990;699;714;699;714;53
21.3.1990;690;700;690;699;6
20.3.1990;685;692;682;684;122
19.3.1990;704;705;686;686;263
16.3.1990;708;715;704;704;154
15.3.1990;718;723;704;709;133
14.3.1990;732;736;722;727;136
13.3.1990;730;730;707;730;452
12.3.1990;705;706;700;706;554
09.3.1990;710;714;706;708;229
08.3.1990;691;698;691;696;819
07.3.1990;701;701;694;696;236
06.3.1990;697;700;692;694;1.18 K
05.3.1990;697;697;692;694;319
02.3.1990;666;700;666;697;597
01.3.1990;657;671;657;662;898
28.2.1990;638;665;638;655;3.09 K
27.2.1990;639;639;629;633;2.03 K
26.2.1990;641;643;639;640;1.02 K
23.2.1990;638;640;636;637;2.4 K
22.2.1990;634;638;632;635;2.28 K
21.2.1990;623;630;618;628;1.65 K
20.2.1990;622;625;621;621;2.08 K
19.2.1990;624;626;622;622;1.11 K
16.2.1990;623;627;620;627;2.83 K
15.2.1990;622;625;615;625;2.23 K
14.2.1990;622;624;620;621;1.92 K
13.2.1990;627;627;620;620;1.95 K
12.2.1990;625;625;620;622;1.28 K
09.2.1990;615;618;613;617;998
08.2.1990;612;613;603;613;1.14 K
07.2.1990;619;620;608;611;2.58 K
06.2.1990;620;623;618;619;1.19 K
05.2.1990;620;623;618;619;1.57 K
02.2.1990;621;628;621;621;2.14 K
01.2.1990;629;629;625;625;715
31.1.1990;627;632;625;628;593
30.1.1990;623;632;623;629;2.02 K
29.1.1990;633;637;627;629;924
26.1.1990;634;637;631;634;973
25.1.1990;627;633;627;631;874
24.1.1990;631;636;628;630;1.41 K
23.1.1990;623;632;623;629;1.45 K
22.1.1990;623;627;618;625;840
19.1.1990;625;628;621;622;2.06 K
18.1.1990;634;640;626;627;2.14 K
17.1.1990;627;633;624;630;2.59 K
16.1.1990;635;635;627;628;2.96 K
15.1.1990;638;643;636;636;1.16 K
12.1.1990;645;649;634;641;2.21 K
11.1.1990;633;644;632;642;2.06 K
10.1.1990;628;632;625;631;1.94 K
09.1.1990;622;625;621;624;850
08.1.1990;628;628;623;625;1.11 K
05.1.1990;622;628;622;627;989
04.1.1990;620;622;617;622;1.18 K
03.1.1990;631;633;623;623;1.3 K
02.1.1990;629;633;627;631;1.51 K
29.12.1989;635;638;605;627;175
28.12.1989;635;640;634;640;374
27.12.1989;630;637;630;637;74
22.12.1989;640;641;631;635;106
21.12.1989;642;646;640;640;143
20.12.1989;648;648;642;645;44
19.12.1989;645;645;642;645;34
18.12.1989;640;648;636;645;75
15.12.1989;645;649;639;639;63
14.12.1989;670;670;639;639;155
13.12.1989;680;685;678;678;639
12.12.1989;670;676;670;676;84
11.12.1989;670;670;660;668;61
08.12.1989;659;664;659;662;52
07.12.1989;655;668;655;660;240
06.12.1989;665;671;665;667;99
05.12.1989;650;667;649;660;901
04.12.1989;635;652;635;652;197
01.12.1989;654;654;641;641;366
30.11.1989;645;653;644;653;584
29.11.1989;650;652;644;645;529
28.11.1989;660;662;650;651;220
27.11.1989;660;662;650;660;1.21 K
24.11.1989;675;675;667;668;208
23.11.1989;681;683;674;674;476
22.11.1989;695;695;685;688;465
21.11.1989;682;688;682;688;622
20.11.1989;690;697;690;692;252
17.11.1989;702;703;679;685;880
16.11.1989;710;710;703;705;624
15.11.1989;715;724;704;708;687
14.11.1989;750;750;720;721;845
13.11.1989;752;757;749;750;2.05 K
10.11.1989;740;752;740;750;882
09.11.1989;731;741;730;741;1.03 K
08.11.1989;720;730;720;728;327
07.11.1989;718;724;715;723;1.74 K
06.11.1989;720;721;716;717;273
03.11.1989;715;728;714;722;1.01 K
02.11.1989;720;720;710;714;411
01.11.1989;715;725;711;714;418
31.10.1989;711;728;711;727;646
30.10.1989;715;720;707;720;1.26 K
27.10.1989;705;710;704;710;160
26.10.1989;726;727;698;707;1.47 K
25.10.1989;735;741;725;727;1.06 K
24.10.1989;749;750;743;745;283
23.10.1989;730;750;730;743;1.57 K
20.10.1989;729;738;729;738;2.18 K
19.10.1989;739;742;729;732;1.31 K
18.10.1989;744;748;739;739;1.4 K
17.10.1989;728;742;727;742;807
16.10.1989;730;744;726;726;1.15 K
13.10.1989;730;744;730;741;2.8 K
12.10.1989;740;746;736;744;1.68 K
11.10.1989;747;750;729;746;1.51 K
10.10.1989;750;760;750;753;2.5 K
09.10.1989;752;759;747;754;2.69 K
06.10.1989;738;757;738;753;2.88 K
05.10.1989;727;735;726;732;3.03 K
04.10.1989;715;736;704;725;4.12 K
03.10.1989;709;734;705;727;7.16 K
02.10.1989;720;725;699;706;7.39 K
29.9.1989;699;699;687;693;110
28.9.1989;745;745;735;735;110
27.9.1989;745;750;739;750;36
26.9.1989;725;744;725;733;29
25.9.1989;740;740;734;734;31
22.9.1989;740;740;732;735;12
21.9.1989;730;754;730;750;25
20.9.1989;730;730;723;730;68
19.9.1989;722;730;720;730;137
18.9.1989;730;735;725;725;109
15.9.1989;776;778;755;758;283
14.9.1989;758;772;753;767;279
13.9.1989;778;780;759;759;174
12.9.1989;768;774;768;769;66
11.9.1989;765;770;761;769;129
08.9.1989;745;754;740;751;820
07.9.1989;750;755;743;752;74
06.9.1989;738;754;738;751;57
05.9.1989;770;771;759;760;170
04.9.1989;784;784;734;762;466
01.9.1989;782;792;780;785;553
31.8.1989;769;783;769;782;1.5 K
30.8.1989;749;764;749;764;1.49 K
29.8.1989;745;751;743;747;816
25.8.1989;759;762;737;745;844
24.8.1989;765;766;750;758;829
23.8.1989;780;781;776;777;459
22.8.1989;770;774;751;773;1.06 K
21.8.1989;800;800;767;771;1.19 K
18.8.1989;832;832;805;807;2.18 K
17.8.1989;841;845;837;837;664
16.8.1989;855;855;842;846;1.35 K
15.8.1989;865;866;854;855;639
14.8.1989;865;870;860;866;410
11.8.1989;873;879;868;869;538
10.8.1989;870;873;862;868;636
09.8.1989;870;872;861;869;1.29 K
08.8.1989;873;876;870;871;1.2 K
07.8.1989;895;900;870;877;2.63 K
04.8.1989;895;915;887;890;6.05 K
03.8.1989;890;890;874;875;1.05 K
02.8.1989;833;895;833;888;3.45 K
01.8.1989;841;842;835;838;1.47 K
31.7.1989;847;848;842;844;571
28.7.1989;832;845;832;845;18
27.7.1989;845;845;834;834;18
26.7.1989;862;862;855;855;24
25.7.1989;850;858;848;857;75
24.7.1989;852;856;848;856;50
21.7.1989;864;864;859;859;27
20.7.1989;859;865;854;861;43
19.7.1989;869;869;857;863;73
18.7.1989;875;875;870;870;59
17.7.1989;859;871;859;871;227
14.7.1989;830;840;830;838;131
13.7.1989;803;817;803;817;253
12.7.1989;812;812;803;809;270
11.7.1989;812;814;810;811;125
10.7.1989;820;822;814;815;219
07.7.1989;808;816;803;816;428
06.7.1989;810;814;805;806;255
05.7.1989;820;822;811;811;778
04.7.1989;824;824;817;820;177
03.7.1989;822;833;822;833;1.25 K
30.6.1989;816;822;812;822;2.14 K
29.6.1989;825;828;821;822;1.35 K
28.6.1989;833;838;832;832;1.42 K
27.6.1989;832;833;824;830;405
26.6.1989;824;835;824;833;804
23.6.1989;818;825;816;817;544
22.6.1989;807;817;804;816;495
21.6.1989;813;816;807;807;740
20.6.1989;792;803;792;801;356
19.6.1989;798;805;797;803;484
16.6.1989;819;822;807;813;970
15.6.1989;820;833;815;819;433
14.6.1989;835;845;821;821;683
13.6.1989;822;837;819;836;1.02 K
12.6.1989;822;824;810;815;570
09.6.1989;815;830;811;817;529
08.6.1989;775;845;775;809;1.12 K
07.6.1989;795;812;762;770;761
06.6.1989;774;796;773;795;472
05.6.1989;785;793;772;772;682
02.6.1989;779;792;772;788;893
01.6.1989;769;780;768;774;1.14 K
31.5.1989;774;777;765;773;1.93 K
30.5.1989;766;770;760;765;31
26.5.1989;810;815;789;789;31
25.5.1989;785;808;785;808;118
24.5.1989;758;765;758;765;221
23.5.1989;742;751;740;751;120
22.5.1989;741;750;741;742;274
19.5.1989;698;720;698;719;322
18.5.1989;696;700;684;697;383
17.5.1989;686;695;682;691;183
16.5.1989;710;710;684;686;663
15.5.1989;705;712;705;710;468
12.5.1989;698;698;685;698;449
11.5.1989;695;701;691;696;150
10.5.1989;697;697;689;690;376
09.5.1989;697;701;695;697;236
08.5.1989;695;695;690;694;666
05.5.1989;700;706;690;706;326
04.5.1989;725;725;695;698;497
03.5.1989;729;729;725;726;440
02.5.1989;726;730;718;726;1.35 K
28.4.1989;718;727;718;724;2.75 K
27.4.1989;724;726;719;722;1.75 K
26.4.1989;746;746;724;726;2.24 K
25.4.1989;732;744;730;744;1.3 K
24.4.1989;735;739;733;738;959
21.4.1989;754;754;744;747;516
20.4.1989;746;751;743;745;792
19.4.1989;747;750;741;750;858
18.4.1989;750;756;750;754;1.95 K
17.4.1989;745;753;744;750;1.15 K
14.4.1989;759;759;735;746;1.59 K
13.4.1989;755;765;750;761;600
12.4.1989;784;784;755;760;1.37 K
11.4.1989;779;785;779;784;1.1 K
10.4.1989;774;776;766;776;461
07.4.1989;775;781;765;767;2.39 K
06.4.1989;780;785;766;771;3.32 K
05.4.1989;807;809;787;789;3.4 K
04.4.1989;820;820;814;817;835
03.4.1989;833;836;826;826;1.02 K
31.3.1989;820;827;820;826;2.12 K
30.3.1989;815;820;814;819;647
29.3.1989;805;813;805;811;529
28.3.1989;790;804;788;803;373
23.3.1989;810;810;792;794;467
22.3.1989;808;810;804;808;131
21.3.1989;809;812;797;805;302
20.3.1989;836;839;827;832;292
17.3.1989;854;854;843;843;62
16.3.1989;840;854;840;849;365
15.3.1989;837;838;831;837;175
14.3.1989;835;839;834;835;184
13.3.1989;829;834;827;830;312
10.3.1989;836;837;830;834;261
09.3.1989;847;852;843;843;290
08.3.1989;833;853;830;850;535
07.3.1989;831;833;822;825;430
06.3.1989;836;840;836;837;348
03.3.1989;827;837;825;829;401
02.3.1989;825;826;819;822;421
01.3.1989;835;836;829;833;1.36 K
28.2.1989;840;845;831;832;1.6 K
27.2.1989;852;854;845;847;2.43 K
24.2.1989;848;855;843;855;2.06 K
23.2.1989;849;850;837;842;1.21 K
22.2.1989;842;846;835;841;1.26 K
21.2.1989;853;854;844;848;568
20.2.1989;851;857;848;851;695
17.2.1989;857;857;845;848;771
16.2.1989;875;883;852;852;1.28 K
15.2.1989;870;880;867;879;3.89 K
14.2.1989;853;862;852;860;1.65 K
13.2.1989;852;858;850;858;2.38 K
10.2.1989;863;864;851;860;1.55 K
09.2.1989;853;859;845;855;1.01 K
08.2.1989;847;859;840;848;1.18 K
07.2.1989;838;846;830;843;934
06.2.1989;846;856;830;836;1.96 K
03.2.1989;847;850;840;843;798
02.2.1989;842;853;834;840;957
01.2.1989;824;836;820;835;1.35 K
31.1.1989;837;840;824;827;1.81 K
30.1.1989;860;865;840;842;2.35 K
27.1.1989;854;869;850;862;1.41 K
26.1.1989;842;850;834;849;682
25.1.1989;860;862;842;848;1.75 K
24.1.1989;849;870;846;866;2.54 K
23.1.1989;855;865;846;854;3.4 K
20.1.1989;813;860;805;857;4.72 K
19.1.1989;807;815;799;812;1.79 K
18.1.1989;795;795;781;791;3.04 K
17.1.1989;787;799;784;792;2.14 K
16.1.1989;799;803;795;802;656
13.1.1989;808;812;795;799;3.24 K
12.1.1989;806;810;780;793;7.54 K
11.1.1989;815;820;810;815;2.26 K
10.1.1989;853;853;825;827;3.28 K
09.1.1989;847;855;846;849;1.82 K
06.1.1989;846;851;844;851;2.69 K
05.1.1989;877;881;852;857;3.76 K
04.1.1989;885;895;880;882;1.89 K
03.1.1989;903;915;888;890;2.86 K
30.12.1988;862;864;857;857;81
29.12.1988;861;862;858;860;81
28.12.1988;861;862;853;853;333
23.12.1988;855;867;853;862;297
22.12.1988;860;866;857;865;401
21.12.1988;857;862;855;861;245
20.12.1988;824;831;824;828;300
19.12.1988;810;817;809;817;448
16.12.1988;795;800;791;796;522
15.12.1988;797;803;790;793;358
14.12.1988;795;800;785;788;464
13.12.1988;805;808;797;798;295
12.12.1988;805;805;792;795;272
09.12.1988;818;824;805;805;343
08.12.1988;837;837;819;832;394
07.12.1988;829;834;826;832;378
06.12.1988;851;854;839;839;467
05.12.1988;831;844;829;844;446
02.12.1988;833;838;825;825;930
01.12.1988;843;845;834;837;970
30.11.1988;852;853;828;846;3.08 K
29.11.1988;855;863;847;854;2.56 K
28.11.1988;874;875;860;862;857
25.11.1988;881;884;868;868;1.51 K
24.11.1988;871;890;869;885;1.66 K
23.11.1988;865;874;861;865;697
22.11.1988;866;880;861;863;1.82 K
21.11.1988;845;853;838;851;852
18.11.1988;830;846;828;832;529
17.11.1988;854;857;837;837;896
16.11.1988;825;850;816;841;1.08 K
15.11.1988;849;849;829;830;1.27 K
14.11.1988;860;860;844;845;806
11.11.1988;857;870;847;856;1.89 K
10.11.1988;852;860;832;843;838
09.11.1988;861;868;851;863;1.06 K
08.11.1988;847;858;841;853;1.26 K
07.11.1988;843;863;840;851;2.68 K
04.11.1988;796;840;787;840;3.22 K
03.11.1988;809;815;798;801;1.17 K
02.11.1988;807;810;800;804;1.12 K
01.11.1988;786;811;783;798;1.75 K
31.10.1988;790;797;785;790;1.15 K
28.10.1988;769;778;760;775;656
27.10.1988;787;792;774;780;958
26.10.1988;799;804;779;794;1.77 K
25.10.1988;830;835;806;813;1.73 K
24.10.1988;824;835;815;825;1.47 K
21.10.1988;804;813;795;806;823
20.10.1988;807;824;792;802;2.47 K
19.10.1988;810;821;796;797;2.29 K
18.10.1988;776;801;765;797;1.51 K
17.10.1988;769;779;764;775;1.23 K
14.10.1988;751;763;749;754;1.03 K
13.10.1988;774;796;755;759;1.45 K
12.10.1988;759;770;744;769;1.5 K
11.10.1988;799;800;757;764;1.41 K
10.10.1988;804;811;795;807;2.35 K
07.10.1988;782;795;770;795;1.66 K
06.10.1988;774;788;760;768;1.78 K
05.10.1988;736;764;735;764;2.12 K
04.10.1988;725;736;720;734;1.3 K
03.10.1988;722;724;702;723;1.55 K
30.9.1988;728;730;690;710;75
29.9.1988;720;740;720;740;75
28.9.1988;740;740;735;735;1
27.9.1988;780;783;771;771;65
26.9.1988;790;798;775;777;60
23.9.1988;828;828;790;792;43
22.9.1988;851;856;835;838;86
21.9.1988;845;847;840;844;109
20.9.1988;828;842;826;842;194
19.9.1988;810;833;810;833;52
16.9.1988;830;835;822;823;163
15.9.1988;860;860;846;847;129
14.9.1988;867;872;859;862;54
13.9.1988;861;865;848;863;143
12.9.1988;852;862;852;856;118
09.9.1988;853;853;840;845;165
08.9.1988;844;860;840;856;86
07.9.1988;854;858;839;841;214
06.9.1988;870;872;860;872;185
05.9.1988;865;883;864;873;65
02.9.1988;872;874;848;864;264
01.9.1988;863;876;850;863;1.04 K
31.8.1988;913;919;899;902;728
30.8.1988;869;908;868;900;1.85 K
26.8.1988;875;875;858;873;11.12 K
25.8.1988;898;898;880;886;294
24.8.1988;901;909;895;902;969
23.8.1988;887;899;882;899;605
22.8.1988;879;890;870;889;220
19.8.1988;902;903;865;880;374
18.8.1988;889;900;889;898;348
17.8.1988;891;896;887;893;499
16.8.1988;882;893;875;887;1.49 K
15.8.1988;909;912;878;879;1.94 K
12.8.1988;920;922;895;898;1.17 K
11.8.1988;944;945;903;904;2.1 K
10.8.1988;967;972;951;952;1.12 K
09.8.1988;987;988;970;975;534
08.8.1988;991;1003;975;984;1.98 K
05.8.1988;962;980;957;979;1.92 K
04.8.1988;949;964;945;954;1.43 K
03.8.1988;941;950;938;948;676
02.8.1988;946;949;933;938;845
01.8.1988;938;941;930;934;723
29.7.1988;940;940;930;935;20
28.7.1988;936;947;936;940;20
27.7.1988;910;918;905;918;34
26.7.1988;937;941;906;906;27
25.7.1988;923;923;923;923;0
22.7.1988;938;950;929;929;89
21.7.1988;963;965;954;954;9
20.7.1988;949;960;948;960;19
19.7.1988;964;964;950;955;72
18.7.1988;974;974;974;974;0
15.7.1988;990;992;980;980;70
14.7.1988;1015;1020;991;992;17
13.7.1988;1020;1034;1018;1023;37
12.7.1988;1001;1020;999;1017;145
11.7.1988;987;1000;986;990;58
08.7.1988;978;988;975;981;80
07.7.1988;958;977;958;969;246
06.7.1988;944;949;941;949;145
05.7.1988;935;948;932;943;624
04.7.1988;944;944;934;941;51
01.7.1988;966;974;927;930;385
30.6.1988;936;951;932;951;391
29.6.1988;942;943;929;929;1.06 K
28.6.1988;919;933;918;933;4.14 K
27.6.1988;933;933;923;926;823
24.6.1988;911;943;910;940;1.33 K
23.6.1988;898;910;896;906;939
22.6.1988;892;895;888;892;621
21.6.1988;876;882;875;880;652
20.6.1988;897;905;879;879;419
17.6.1988;891;895;885;890;654
16.6.1988;918;918;894;895;537
15.6.1988;910;919;910;919;268
14.6.1988;910;915;904;913;568
13.6.1988;897;902;894;901;769
10.6.1988;912;915;904;906;693
09.6.1988;908;913;901;908;1.14 K
08.6.1988;920;923;913;917;1.36 K
07.6.1988;930;931;922;924;752
06.6.1988;936;936;929;932;778
03.6.1988;933;940;930;938;965
02.6.1988;937;939;924;927;1.4 K
01.6.1988;941;947;932;934;1.53 K
31.5.1988;1009;1015;1009;1013;35
27.5.1988;899;910;898;908;35
26.5.1988;938;940;914;916;35
25.5.1988;948;960;948;953;19
24.5.1988;930;930;919;929;102
23.5.1988;934;938;927;927;54
20.5.1988;938;938;932;935;75
19.5.1988;928;937;923;937;54
18.5.1988;912;914;910;910;66
17.5.1988;893;907;889;907;86
16.5.1988;890;890;887;888;79
13.5.1988;877;886;877;884;96
12.5.1988;893;895;881;884;98
11.5.1988;909;910;896;898;192
10.5.1988;914;914;910;910;42
09.5.1988;914;916;912;915;167
06.5.1988;904;910;903;909;90
05.5.1988;909;916;905;907;330
04.5.1988;906;918;905;914;834
03.5.1988;902;905;900;903;549
29.4.1988;912;914;903;913;1.98 K
28.4.1988;889;906;886;906;1.31 K
27.4.1988;901;903;889;892;1.15 K
26.4.1988;900;906;899;903;756
25.4.1988;887;895;885;894;758
22.4.1988;879;880;874;878;385
21.4.1988;896;898;882;884;317
20.4.1988;894;900;889;894;1.1 K
19.4.1988;879;893;875;884;781
18.4.1988;876;881;873;878;771
15.4.1988;881;896;879;885;848
14.4.1988;890;900;885;889;499
13.4.1988;882;900;880;893;923
12.4.1988;887;887;870;883;751
11.4.1988;883;889;882;884;497
08.4.1988;871;880;865;876;976
07.4.1988;892;894;873;877;794
06.4.1988;876;886;873;886;819
05.4.1988;891;900;882;886;1.55 K
31.3.1988;982;992;982;982;1
30.3.1988;902;903;892;900;1
29.3.1988;895;898;895;898;1
28.3.1988;913;913;913;913;0
25.3.1988;937;940;936;940;7
24.3.1988;924;931;923;931;25
23.3.1988;912;916;906;915;13
22.3.1988;908;908;903;903;6
21.3.1988;904;908;902;908;65
18.3.1988;905;905;898;898;38
17.3.1988;885;903;884;903;57
16.3.1988;919;924;889;892;143
15.3.1988;889;915;888;915;251
14.3.1988;911;914;905;906;180
11.3.1988;935;941;928;933;40
10.3.1988;922;935;918;932;346
09.3.1988;941;941;926;940;114
08.3.1988;948;949;932;949;179
07.3.1988;967;967;945;949;279
04.3.1988;966;977;961;976;497
03.3.1988;964;971;958;966;260
02.3.1988;984;985;968;970;224
01.3.1988;974;979;966;977;917
29.2.1988;982;982;966;969;1.3 K
26.2.1988;1007;1014;981;982;1.62 K
25.2.1988;1003;1007;997;1006;1.75 K
24.2.1988;1007;1010;993;994;2.09 K
23.2.1988;1042;1042;1011;1014;2 K
22.2.1988;1043;1047;1039;1044;569
19.2.1988;1046;1046;1033;1043;869
18.2.1988;1046;1048;1029;1040;1.56 K
17.2.1988;1038;1043;1035;1042;1.12 K
16.2.1988;1052;1055;1037;1038;1.32 K
15.2.1988;1053;1053;1044;1047;740
12.2.1988;1062;1067;1057;1058;656
11.2.1988;1051;1057;1045;1054;1.19 K
10.2.1988;1054;1060;1045;1045;1.79 K
09.2.1988;1069;1069;1052;1054;1.87 K
08.2.1988;1069;1074;1065;1067;943
05.2.1988;1058;1070;1057;1062;1.36 K
04.2.1988;1064;1068;1044;1052;2.48 K
03.2.1988;1076;1082;1066;1073;1.1 K
02.2.1988;1075;1084;1070;1077;1.01 K
01.2.1988;1078;1085;1065;1073;924
29.1.1988;1083;1092;1073;1079;1.49 K
28.1.1988;1088;1094;1076;1079;1.64 K
27.1.1988;1116;1121;1088;1089;2.42 K
26.1.1988;1136;1138;1125;1127;1.38 K
25.1.1988;1146;1155;1135;1137;1.47 K
22.1.1988;1159;1164;1146;1151;1.12 K
21.1.1988;1147;1154;1147;1152;946
20.1.1988;1154;1156;1144;1154;1.28 K
19.1.1988;1161;1165;1154;1159;1.62 K
18.1.1988;1161;1170;1155;1159;2.04 K
15.1.1988;1122;1158;1107;1141;3.71 K
14.1.1988;1128;1132;1110;1118;2.1 K
13.1.1988;1123;1128;1115;1119;1.77 K
12.1.1988;1125;1131;1120;1123;1.26 K
11.1.1988;1129;1138;1125;1129;2.53 K
08.1.1988;1124;1140;1115;1137;2.94 K
07.1.1988;1126;1126;1114;1116;2.17 K
06.1.1988;1125;1135;1116;1133;3.9 K
05.1.1988;1093;1124;1071;1116;6.58 K
04.1.1988;1051;1072;1050;1067;1.54 K
31.12.1987;1055;1061;1047;1049;477
30.12.1987;1023;1034;1019;1034;20
29.12.1987;1025;1025;1010;1021;20
24.12.1987;1035;1057;1035;1041;148
23.12.1987;1070;1080;1045;1045;144
22.12.1987;1059;1068;1050;1061;69
21.12.1987;1042;1045;1038;1042;58
18.12.1987;1036;1040;1032;1036;54
17.12.1987;1022;1026;1022;1024;77
16.12.1987;1021;1026;1019;1026;56
15.12.1987;1023;1024;1012;1015;80
14.12.1987;1026;1027;1016;1020;129
11.12.1987;1024;1033;1022;1025;101
10.12.1987;1004;1022;1003;1018;239
09.12.1987;999;1003;993;1001;168
08.12.1987;1017;1022;1005;1006;81
07.12.1987;1017;1030;1010;1017;671
04.12.1987;1064;1098;1055;1095;298
03.12.1987;1040;1064;1035;1063;565
02.12.1987;1064;1065;1051;1058;612
01.12.1987;1070;1071;1060;1061;865
30.11.1987;1080;1081;1062;1064;1.88 K
27.11.1987;1089;1094;1082;1088;1.01 K
26.11.1987;1092;1096;1085;1091;407
25.11.1987;1116;1118;1091;1093;618
24.11.1987;1109;1123;1107;1119;1.51 K
23.11.1987;1082;1100;1082;1098;1.33 K
20.11.1987;1081;1086;1075;1081;431
19.11.1987;1084;1086;1082;1082;49
18.11.1987;1080;1092;1074;1087;49
17.11.1987;1080;1083;1074;1074;49
16.11.1987;1089;1092;1086;1090;49
13.11.1987;1113;1116;1097;1098;49
12.11.1987;1122;1126;1120;1122;49
11.11.1987;1117;1128;1115;1125;49
10.11.1987;1098;1104;1095;1101;49
09.11.1987;1095;1099;1091;1091;49
06.11.1987;1089;1101;1088;1091;49
05.11.1987;1090;1096;1084;1086;49
04.11.1987;1113;1117;1104;1106;49
03.11.1987;1123;1127;1107;1113;49
02.11.1987;1126;1132;1116;1120;49
30.10.1987;1143;1146;1133;1133;49
29.10.1987;1139;1148;1138;1148;49
28.10.1987;1143;1145;1138;1141;49
27.10.1987;1150;1154;1148;1149;49
26.10.1987;1153;1159;1149;1156;49
23.10.1987;1158;1164;1155;1156;49
22.10.1987;1172;1175;1158;1162;49
21.10.1987;1173;1185;1170;1178;49
20.10.1987;1148;1167;1143;1166;49
19.10.1987;1138;1149;1132;1141;49
15.10.1987;1151;1154;1142;1144;49
14.10.1987;1162;1167;1155;1164;49
13.10.1987;1167;1172;1156;1166;49
12.10.1987;1181;1184;1172;1179;49
09.10.1987;1190;1193;1182;1183;49
08.10.1987;1184;1199;1183;1193;49
07.10.1987;1177;1181;1165;1181;49
06.10.1987;1193;1195;1175;1181;49
05.10.1987;1200;1203;1194;1200;49
02.10.1987;1195;1208;1188;1198;49
01.10.1987;1183;1196;1170;1194;49
30.9.1987;1150;1160;1150;1157;49
29.9.1987;1185;1186;1175;1175;49
28.9.1987;1191;1198;1191;1191;49
25.9.1987;1198;1198;1198;1198;49
24.9.1987;1195;1205;1195;1200;49
23.9.1987;1200;1205;1199;1200;49
22.9.1987;1200;1207;1199;1199;49
21.9.1987;1190;1200;1190;1200;49
18.9.1987;1196;1198;1190;1196;49
17.9.1987;1195;1205;1195;1200;49
16.9.1987;1174;1183;1174;1183;49
15.9.1987;1190;1200;1190;1192;49
14.9.1987;1150;1170;1150;1169;49
11.9.1987;1155;1167;1154;1167;49
10.9.1987;1165;1174;1165;1170;49
09.9.1987;1182;1188;1165;1166;49
08.9.1987;1200;1200;1188;1194;49
07.9.1987;1205;1208;1203;1206;49
04.9.1987;1210;1220;1205;1207;49
03.9.1987;1219;1221;1210;1210;49
02.9.1987;1218;1221;1210;1213;49
01.9.1987;1249;1250;1224;1225;49
28.8.1987;1265;1269;1256;1256;49
27.8.1987;1279;1284;1269;1269;49
26.8.1987;1262;1280;1258;1279;49
25.8.1987;1255;1264;1252;1258;49
24.8.1987;1236;1253;1236;1249;49
21.8.1987;1238;1241;1236;1240;49
20.8.1987;1244;1245;1235;1242;49
19.8.1987;1257;1258;1239;1246;49
18.8.1987;1259;1266;1257;1260;49
17.8.1987;1253;1260;1250;1258;49
14.8.1987;1253;1260;1247;1255;49
13.8.1987;1277;1277;1265;1266;49
12.8.1987;1284;1290;1279;1279;49
11.8.1987;1267;1280;1264;1280;49
10.8.1987;1273;1275;1265;1272;49
07.8.1987;1273;1276;1265;1268;49
06.8.1987;1289;1292;1280;1281;49
05.8.1987;1288;1288;1272;1283;49
04.8.1987;1291;1294;1278;1290;49
03.8.1987;1303;1305;1288;1292;49
31.7.1987;1331;1335;1327;1335;49
30.7.1987;1325;1327;1323;1323;49
29.7.1987;1315;1321;1314;1316;49
28.7.1987;1343;1350;1324;1324;49
27.7.1987;1360;1375;1370;1370;49
24.7.1987;1368;1375;1366;1375;49
23.7.1987;1365;1366;1360;1365;49
22.7.1987;1361;1374;1363;1374;49
21.7.1987;1384;1377;1363;1371;49
20.7.1987;1398;1398;1394;1398;49
17.7.1987;1380;1390;1373;1390;49
16.7.1987;1384;1407;1389;1407;49
15.7.1987;1380;1398;1385;1385;49
14.7.1987;1380;1406;1385;1401;49
13.7.1987;1385;1410;1400;1400;49
10.7.1987;1355;1375;1360;1375;49
09.7.1987;1345;1354;1345;1346;49
08.7.1987;1350;1370;1345;1345;49
07.7.1987;1363;1370;1356;1365;49
06.7.1987;1350;1366;1351;1365;49
03.7.1987;1353;1360;1353;1353;49
02.7.1987;1336;1356;1334;1350;49
01.7.1987;1335;1349;1330;1330;49
30.6.1987;1351;1355;1335;1341;49
29.6.1987;1347;1362;1346;1360;49
26.6.1987;1332;1345;1333;1343;49
25.6.1987;1342;1350;1335;1335;49
24.6.1987;1310;1320;1307;1320;49
23.6.1987;1310;1333;1309;1319;49
22.6.1987;1287;1305;1283;1305;49
19.6.1987;1276;1286;1272;1280;49
18.6.1987;1280;1281;1276;1276;49
17.6.1987;1276;1285;1273;1285;49
16.6.1987;1256;1275;1253;1275;49
15.6.1987;1232;1245;1231;1245;49
12.6.1987;1251;1255;1240;1242;49
11.6.1987;1245;1251;1244;1248;49
10.6.1987;1230;1254;1230;1253;49
09.6.1987;1249;1253;1229;1233;49
08.6.1987;1238;1253;1234;1249;49
05.6.1987;1227;1236;1223;1230;49
04.6.1987;1238;1250;1223;1234;49
03.6.1987;1255;1257;1246;1246;49
02.6.1987;1262;1263;1253;1257;49
01.6.1987;1264;1271;1263;1268;49
29.5.1987;1233;1243;1236;1236;49
28.5.1987;1237;1240;1230;1234;49
27.5.1987;1235;1248;1237;1237;49
26.5.1987;1238;1246;1238;1245;49
22.5.1987;1230;1235;1220;1235;49
21.5.1987;1240;1243;1240;1243;49
20.5.1987;1240;1246;1238;1240;49
19.5.1987;1252;1255;1248;1248;49
18.5.1987;1255;1261;1255;1255;49
15.5.1987;1255;1262;1250;1250;49
14.5.1987;1260;1265;1256;1260;49
13.5.1987;1273;1275;1267;1267;49
12.5.1987;1266;1275;1261;1271;49
11.5.1987;1256;1268;1256;1268;49
08.5.1987;1258;1260;1255;1259;49
07.5.1987;1249;1260;1248;1260;49
06.5.1987;1251;1253;1247;1250;49
05.5.1987;1257;1260;1248;1255;49
01.5.1987;1254;1258;1253;1255;49
30.4.1987;1251;1259;1250;1255;49
29.4.1987;1271;1272;1256;1258;49
28.4.1987;1272;1274;1269;1269;49
27.4.1987;1282;1286;1275;1275;49
24.4.1987;1287;1289;1285;1287;49
23.4.1987;1286;1290;1283;1290;49
22.4.1987;1295;1299;1292;1293;49
21.4.1987;1300;1307;1297;1298;49
16.4.1987;1299;1302;1296;1302;49
15.4.1987;1297;1298;1291;1294;49
14.4.1987;1288;1295;1288;1295;49
13.4.1987;1291;1294;1288;1291;49
10.4.1987;1283;1292;1283;1288;49
09.4.1987;1280;1290;1280;1286;49
08.4.1987;1292;1292;1282;1283;49
07.4.1987;1293;1296;1287;1290;49
06.4.1987;1298;1298;1287;1290;49
03.4.1987;1303;1306;1296;1296;49
02.4.1987;1310;1313;1304;1304;49
01.4.1987;1302;1307;1301;1304;49
31.3.1987;1255;1275;1255;1275;49
30.3.1987;1275;1278;1274;1275;49
27.3.1987;1253;1272;1253;1272;49
26.3.1987;1273;1275;1264;1270;49
25.3.1987;1263;1275;1260;1269;49
24.3.1987;1252;1260;1252;1260;49
23.3.1987;1270;1270;1250;1250;49
20.3.1987;1277;1277;1272;1272;49
19.3.1987;1271;1281;1271;1281;49
18.3.1987;1280;1285;1271;1271;49
17.3.1987;1280;1288;1280;1283;49
16.3.1987;1268;1276;1268;1275;49
13.3.1987;1274;1274;1265;1267;49
12.3.1987;1281;1281;1274;1274;49
11.3.1987;1285;1288;1282;1282;49
10.3.1987;1280;1290;1280;1289;49
09.3.1987;1279;1292;1278;1286;49
06.3.1987;1275;1275;1268;1270;49
05.3.1987;1273;1275;1268;1270;49
04.3.1987;1271;1271;1265;1268;49
03.3.1987;1279;1288;1277;1278;49
02.3.1987;1293;1297;1290;1290;49
27.2.1987;1298;1301;1293;1294;49
26.2.1987;1301;1303;1296;1296;49
25.2.1987;1294;1300;1292;1294;49
24.2.1987;1301;1300;1290;1292;49
23.2.1987;1312;1316;1307;1308;49
20.2.1987;1305;1318;1302;1315;49
19.2.1987;1294;1300;1291;1298;49
18.2.1987;1307;1311;1295;1296;49
17.2.1987;1310;1319;1309;1310;49
16.2.1987;1307;1312;1307;1307;49
13.2.1987;1312;1317;1310;1312;49
12.2.1987;1321;1324;1313;1313;49
11.2.1987;1335;1339;1320;1323;49
10.2.1987;1353;1355;1341;1343;49
09.2.1987;1350;1361;1332;1360;49
06.2.1987;1320;1330;1319;1327;49
05.2.1987;1317;1323;1315;1321;49
04.2.1987;1318;1320;1313;1318;49
03.2.1987;1323;1323;1312;1319;49
02.2.1987;1319;1323;1308;1312;49
30.1.1987;1324;1326;1313;1320;49
29.1.1987;1320;1333;1319;1326;49
28.1.1987;1315;1322;1313;1319;49
27.1.1987;1314;1317;1312;1316;49
26.1.1987;1309;1331;1304;1311;49
23.1.1987;1340;1350;1313;1317;49
22.1.1987;1366;1370;1359;1362;49
21.1.1987;1385;1388;1375;1376;49
20.1.1987;1385;1403;1385;1390;49
19.1.1987;1371;1390;1364;1386;49
16.1.1987;1376;1378;1371;1371;49
15.1.1987;1386;1386;1375;1376;49
14.1.1987;1385;1387;1378;1383;49
13.1.1987;1372;1386;1370;1380;49
12.1.1987;1377;1381;1371;1372;49
09.1.1987;1386;1387;1376;1383;49
08.1.1987;1391;1395;1385;1389;49
07.1.1987;1387;1395;1383;1394;49
06.1.1987;1410;1410;1394;1395;49
05.1.1987;1426;1429;1416;1416;49
31.12.1986;1390;1396;1386;1386;49
30.12.1986;1392;1392;1379;1382;49
29.12.1986;1391;1396;1388;1392;49
24.12.1986;1399;1399;1394;1397;49
23.12.1986;1402;1405;1398;1400;49
22.12.1986;1400;1402;1400;1400;49
19.12.1986;1396;1407;1396;1403;49
18.12.1986;1405;1413;1401;1411;49
17.12.1986;1404;1409;1403;1409;49
16.12.1986;1398;1404;1396;1403;49
15.12.1986;1395;1400;1395;1400;49
12.12.1986;1404;1405;1397;1402;49
11.12.1986;1397;1408;1393;1408;49
10.12.1986;1382;1395;1382;1394;49
09.12.1986;1387;1392;1380;1387;49
08.12.1986;1395;1401;1387;1395;49
05.12.1986;1395;1400;1390;1399;49
04.12.1986;1414;1419;1399;1400;49
03.12.1986;1393;1404;1390;1403;49
02.12.1986;1387;1398;1383;1394;49
01.12.1986;1412;1414;1385;1385;49
28.11.1986;1419;1421;1413;1414;49
27.11.1986;1421;1425;1420;1423;49
26.11.1986;1425;1431;1420;1421;49
25.11.1986;1443;1445;1427;1427;49
24.11.1986;1450;1452;1436;1436;49
21.11.1986;1462;1465;1445;1454;49
20.11.1986;1468;1480;1466;1472;49
19.11.1986;1478;1480;1467;1468;49
18.11.1986;1487;1490;1480;1480;49
17.11.1986;1498;1499;1493;1494;49
14.11.1986;1481;1496;1480;1496;49
13.11.1986;1490;1493;1482;1485;49
12.11.1986;1482;1492;1478;1490;49
11.11.1986;1458;1465;1454;1462;49
10.11.1986;1468;1470;1460;1462;49
07.11.1986;1483;1488;1472;1477;49
06.11.1986;1491;1498;1486;1489;49
05.11.1986;1477;1491;1475;1487;49
04.11.1986;1486;1486;1478;1479;49
03.11.1986;1487;1491;1483;1486;49
31.10.1986;1508;1509;1485;1489;49
30.10.1986;1516;1521;1511;1518;49
29.10.1986;1510;1524;1505;1517;49
28.10.1986;1509;1512;1495;1509;49
27.10.1986;1513;1518;1510;1516;49
24.10.1986;1503;1513;1502;1513;49
23.10.1986;1497;1506;1495;1504;49
22.10.1986;1491;1492;1482;1492;49
21.10.1986;1506;1507;1488;1489;49
20.10.1986;1513;1518;1509;1517;49
17.10.1986;1514;1520;1511;1512;49
16.10.1986;1512;1517;1509;1515;49
15.10.1986;1498;1509;1498;1507;49
14.10.1986;1494;1502;1492;1497;49
13.10.1986;1490;1503;1490;1497;49
10.10.1986;1488;1504;1486;1495;49
09.10.1986;1516;1514;1497;1499;49
08.10.1986;1508;1520;1505;1516;49
07.10.1986;1520;1523;1502;1507;49
06.10.1986;1536;1537;1524;1528;49
03.10.1986;1530;1541;1524;1539;49
02.10.1986;1486;1514;1481;1514;49
01.10.1986;1495;1504;1491;1495;49
30.9.1986;1476;1477;1427;1427;49
29.9.1986;1470;1487;1472;1487;49
26.9.1986;1476;1480;1470;1470;49
25.9.1986;1500;1480;1465;1480;49
24.9.1986;1460;1466;1460;1460;49
23.9.1986;1472;1486;1470;1470;49
22.9.1986;1540;1545;1490;1493;49
19.9.1986;1510;1538;1521;1537;49
18.9.1986;1515;1540;1513;1522;49
17.9.1986;1550;1555;1550;1550;49
16.9.1986;1520;1540;1533;1533;49
15.9.1986;1550;1550;1543;1543;49
12.9.1986;1542;1560;1530;1555;49
11.9.1986;1480;1485;1477;1483;49
10.9.1986;1495;1496;1482;1482;49
09.9.1986;1499;1505;1487;1490;49
08.9.1986;1505;1510;1502;1502;49
05.9.1986;1502;1502;1480;1500;49
04.9.1986;1517;1525;1491;1491;49
03.9.1986;1509;1528;1504;1513;49
02.9.1986;1490;1505;1486;1497;49
01.9.1986;1495;1502;1493;1494;49
29.8.1986;1458;1494;1456;1485;49
28.8.1986;1447;1464;1447;1452;49
27.8.1986;1442;1456;1443;1448;49
26.8.1986;1418;1438;1416;1435;49
22.8.1986;1400;1406;1385;1404;49
21.8.1986;1378;1394;1378;1390;49
20.8.1986;1371;1376;1368;1368;49
19.8.1986;1381;1385;1375;1377;49
18.8.1986;1389;1390;1380;1384;49
15.8.1986;1385;1388;1380;1383;49
14.8.1986;1379;1392;1377;1390;49
13.8.1986;1386;1391;1380;1381;49
12.8.1986;1388;1391;1377;1383;49
11.8.1986;1396;1404;1382;1384;49
08.8.1986;1409;1415;1392;1397;49
07.8.1986;1411;1418;1407;1413;49
06.8.1986;1396;1404;1393;1402;49
05.8.1986;1406;1410;1395;1400;49
04.8.1986;1423;1434;1410;1413;49
01.8.1986;1420;1424;1409;1415;49
31.7.1986;1410;1414;1399;1399;49
30.7.1986;1432;1438;1425;1425;49
29.7.1986;1425;1444;1431;1435;49
28.7.1986;1405;1430;1410;1430;49
25.7.1986;1405;1415;1407;1415;49
24.7.1986;1388;1403;1395;1403;49
23.7.1986;1387;1395;1390;1395;49
22.7.1986;1404;1406;1390;1398;49
21.7.1986;1408;1413;1407;1408;49
18.7.1986;1345;1360;1350;1360;49
17.7.1986;1334;1338;1335;1338;49
16.7.1986;1355;1360;1327;1330;49
15.7.1986;1368;1373;1360;1360;49
14.7.1986;1325;1350;1322;1349;49
11.7.1986;1321;1332;1314;1315;49
10.7.1986;1305;1335;1311;1335;49
09.7.1986;1285;1289;1277;1280;49
08.7.1986;1296;1296;1279;1282;49
07.7.1986;1268;1290;1268;1287;49
04.7.1986;1260;1265;1260;1261;49
03.7.1986;1251;1260;1252;1256;49
02.7.1986;1256;1260;1255;1256;49
01.7.1986;1261;1275;1250;1258;49
30.6.1986;1240;1255;1236;1255;49
27.6.1986;1251;1253;1236;1243;49
26.6.1986;1248;1252;1246;1251;49
25.6.1986;1247;1253;1243;1246;49
24.6.1986;1250;1258;1248;1248;49
23.6.1986;1258;1262;1241;1253;49
20.6.1986;1258;1260;1254;1258;49
19.6.1986;1257;1266;1254;1258;49
18.6.1986;1282;1285;1259;1261;49
17.6.1986;1283;1290;1269;1279;49
16.6.1986;1296;1301;1294;1299;49
13.6.1986;1310;1316;1298;1301;49
12.6.1986;1296;1310;1294;1303;49
11.6.1986;1308;1312;1303;1309;49
10.6.1986;1323;1330;1316;1317;49
09.6.1986;1338;1345;1335;1338;49
06.6.1986;1360;1363;1340;1346;49
05.6.1986;1323;1330;1321;1322;49
04.6.1986;1325;1334;1298;1319;49
03.6.1986;1302;1307;1298;1302;49
02.6.1986;1320;1323;1308;1319;49
30.5.1986;1303;1302;1291;1292;49
29.5.1986;1304;1312;1300;1300;49
28.5.1986;1310;1319;1297;1311;46
27.5.1986;1314;1325;1311;1311;29
23.5.1986;1280;1316;1295;1305;42
22.5.1986;1280;1295;1290;1295;42
21.5.1986;1294;1300;1290;1295;11
20.5.1986;1265;1285;1265;1277;38
19.5.1986;1290;1300;1280;1280;8
16.5.1986;1281;1288;1279;1288;18
15.5.1986;1262;1275;1259;1270;48
14.5.1986;1267;1270;1260;1260;21
13.5.1986;1282;1307;1279;1279;69
12.5.1986;1260;1301;1260;1295;250
09.5.1986;1260;1280;1265;1265;16
08.5.1986;1256;1264;1255;1255;181
07.5.1986;1250;1268;1252;1259;75
06.5.1986;1308;1310;1276;1276;150
02.5.1986;1315;1327;1309;1321;195
01.5.1986;1298;1305;1289;1302;829
30.4.1986;1306;1317;1295;1298;698
29.4.1986;1308;1316;1300;1301;122
28.4.1986;1330;1340;1315;1331;251
25.4.1986;1355;1356;1335;1349;331
24.4.1986;1420;1427;1365;1375;393
23.4.1986;1462;1468;1432;1435;581
22.4.1986;1457;1465;1450;1456;253
21.4.1986;1436;1442;1429;1437;666
18.4.1986;1436;1452;1425;1436;779
17.4.1986;1410;1442;1391;1437;815
16.4.1986;1369;1405;1370;1388;698
15.4.1986;1361;1382;1358;1379;882
14.4.1986;1375;1386;1373;1382;328
11.4.1986;1388;1395;1361;1380;822
10.4.1986;1393;1405;1387;1396;665
09.4.1986;1397;1409;1370;1396;919
08.4.1986;1363;1386;1363;1383;2.17 K
07.4.1986;1383;1390;1365;1365;1.22 K
04.4.1986;1384;1398;1364;1395;1.3 K
03.4.1986;1404;1405;1390;1394;770
02.4.1986;1388;1406;1386;1398;596
01.4.1986;1398;1400;1383;1390;944
27.3.1986;1423;1426;1400;1400;178
26.3.1986;1417;1419;1395;1411;178
25.3.1986;1411;1423;1409;1420;273
24.3.1986;1424;1425;1402;1405;197
21.3.1986;1460;1485;1412;1412;292
20.3.1986;1515;1522;1507;1507;106
19.3.1986;1534;1536;1515;1521;118
18.3.1986;1540;1550;1535;1535;328
17.3.1986;1535;1550;1535;1538;127
14.3.1986;1553;1555;1542;1542;112
13.3.1986;1530;1564;1530;1549;160
12.3.1986;1520;1530;1505;1510;69
11.3.1986;1520;1551;1514;1550;324
10.3.1986;1526;1526;1500;1503;170
07.3.1986;1504;1515;1504;1514;210
06.3.1986;1560;1506;1480;1505;210
05.3.1986;1497;1512;1490;1492;385
04.3.1986;1555;1564;1520;1523;363
03.3.1986;1560;1569;1560;1561;205
28.2.1986;1530;1558;1520;1545;266
27.2.1986;1527;1555;1514;1548;687
26.2.1986;1571;1575;1550;1550;1.09 K
25.2.1986;1582;1590;1570;1571;1.09 K
24.2.1986;1598;1605;1594;1594;363
21.2.1986;1591;1599;1586;1591;934
20.2.1986;1605;1611;1588;1595;1.54 K
19.2.1986;1650;1657;1610;1614;525
18.2.1986;1640;1643;1637;1638;582
17.2.1986;1643;1645;1638;1639;503
14.2.1986;1637;1640;1625;1631;711
13.2.1986;1649;1653;1635;1639;649
12.2.1986;1654;1659;1633;1645;1.14 K
11.2.1986;1669;1672;1652;1653;427
10.2.1986;1662;1668;1658;1664;482
07.2.1986;1682;1688;1662;1668;855
06.2.1986;1698;1710;1680;1689;780
05.2.1986;1712;1716;1693;1694;553
04.2.1986;1742;1747;1708;1709;823
03.2.1986;1749;1753;1746;1752;263
31.1.1986;1736;1741;1733;1739;795
30.1.1986;1740;1744;1725;1733;1.09 K
29.1.1986;1741;1754;1738;1743;771
28.1.1986;1746;1754;1738;1748;1.12 K
27.1.1986;1756;1762;1750;1752;751
24.1.1986;1751;1763;1748;1758;559
23.1.1986;1739;1753;1734;1747;516
22.1.1986;1717;1743;1713;1743;871
21.1.1986;1718;1723;1710;1717;686
20.1.1986;1722;1725;1715;1719;521
17.1.1986;1705;1715;1705;1712;354
16.1.1986;1698;1707;1693;1703;464
15.1.1986;1721;1725;1693;1705;870
14.1.1986;1715;1721;1705;1717;1.17 K
13.1.1986;1712;1722;1713;1714;633
10.1.1986;1719;1728;1701;1703;1.18 K
09.1.1986;1710;1731;1709;1728;1.12 K
08.1.1986;1726;1728;1705;1710;1.27 K
07.1.1986;1726;1747;1726;1726;1.25 K
06.1.1986;1775;1778;1736;1740;831
03.1.1986;1790;1792;1766;1771;1.13 K
02.1.1986;1772;1795;1770;1791;939
31.12.1985;1700;1732;1710;1732;41
30.12.1985;1725;1725;1710;1710;41
27.12.1985;1750;1739;1729;1729;41
24.12.1985;1734;1745;1734;1736;41
23.12.1985;1735;1746;1735;1744;41
20.12.1985;1697;1728;1697;1728;41
19.12.1985;1692;1705;1689;1700;41
18.12.1985;1692;1712;1691;1695;41
17.12.1985;1682;1705;1685;1700;41
16.12.1985;1682;1687;1684;1684;41
13.12.1985;1695;1707;1683;1683;41
12.12.1985;1686;1712;1690;1701;41
11.12.1985;1675;1705;1675;1705;41
10.12.1985;1687;1694;1680;1690;41
09.12.1985;1660;1681;1655;1680;41
06.12.1985;1618;1640;1620;1637;41
05.12.1985;1623;1627;1618;1622;41
04.12.1985;1618;1620;1615;1617;41
03.12.1985;1622;1632;1619;1619;41
02.12.1985;1618;1625;1613;1621;41
29.11.1985;1618;1620;1606;1613;41
28.11.1985;1617;1628;1615;1627;41
27.11.1985;1635;1643;1626;1626;41
26.11.1985;1650;1653;1637;1637;41
25.11.1985;1655;1662;1652;1662;41
22.11.1985;1675;1680;1657;1658;41
21.11.1985;1638;1664;1623;1658;41
20.11.1985;1620;1635;1620;1633;41
19.11.1985;1624;1632;1620;1623;41
18.11.1985;1643;1655;1645;1646;41
15.11.1985;1636;1652;1615;1646;41
14.11.1985;1612;1619;1610;1617;41
13.11.1985;1625;1633;1615;1631;41
12.11.1985;1643;1652;1632;1632;41
11.11.1985;1657;1662;1642;1645;41
08.11.1985;1640;1675;1629;1666;41
07.11.1985;1613;1631;1610;1631;41
06.11.1985;1615;1622;1596;1607;41
05.11.1985;1655;1656;1628;1635;41
04.11.1985;1658;1663;1655;1659;41
01.11.1985;1650;1660;1647;1659;41
31.10.1985;1658;1661;1635;1638;41
30.10.1985;1650;1661;1645;1658;41
29.10.1985;1658;1675;1652;1654;41
28.10.1985;1698;1704;1683;1686;41
25.10.1985;1703;1713;1702;1702;41
24.10.1985;1694;1706;1690;1705;41
23.10.1985;1709;1711;1698;1698;41
22.10.1985;1689;1706;1686;1705;41
21.10.1985;1705;1710;1693;1694;41
18.10.1985;1714;1720;1705;1705;41
17.10.1985;1705;1717;1700;1715;41
16.10.1985;1712;1719;1700;1703;41
15.10.1985;1735;1736;1707;1710;41
14.10.1985;1734;1740;1735;1736;41
11.10.1985;1733;1740;1729;1736;41
10.10.1985;1776;1779;1728;1730;41
09.10.1985;1777;1779;1775;1776;41
08.10.1985;1778;1781;1776;1776;41
07.10.1985;1777;1784;1776;1781;41
04.10.1985;1783;1784;1775;1775;41
03.10.1985;1782;1795;1780;1781;41
02.10.1985;1783;1794;1780;1782;41
01.10.1985;1785;1796;1787;1787;41
30.9.1985;1735;1737;1737;1737;41
27.9.1985;1730;1740;1710;1710;41
26.9.1985;1737;1750;1713;1713;41
25.9.1985;1737;1747;1737;1737;41
24.9.1985;1737;1750;1737;1737;41
23.9.1985;1752;1755;1745;1748;41
20.9.1985;1765;1780;1765;1775;41
19.9.1985;1756;1765;1756;1756;41
18.9.1985;1745;1765;1745;1761;41
17.9.1985;1735;1745;1740;1740;41
16.9.1985;1740;1743;1735;1735;41
13.9.1985;1734;1737;1714;1727;41
12.9.1985;1728;1743;1733;1738;41
11.9.1985;1715;1728;1720;1726;41
10.9.1985;1735;1735;1714;1714;41
09.9.1985;1750;1759;1735;1735;41
06.9.1985;1752;1761;1745;1752;41
05.9.1985;1735;1752;1731;1746;41
04.9.1985;1712;1730;1710;1729;41
03.9.1985;1705;1716;1705;1712;41
02.9.1985;1709;1712;1695;1702;41
30.8.1985;1712;1716;1705;1707;41
29.8.1985;1742;1753;1712;1713;41
28.8.1985;1756;1758;1743;1752;41
27.8.1985;1735;1754;1732;1752;41
23.8.1985;1724;1732;1718;1732;41
22.8.1985;1730;1735;1722;1730;41
21.8.1985;1715;1719;1709;1714;41
20.8.1985;1705;1719;1705;1710;41
19.8.1985;1692;1701;1692;1699;41
16.8.1985;1697;1707;1691;1697;41
15.8.1985;1712;1718;1708;1710;41
14.8.1985;1708;1720;1707;1714;41
13.8.1985;1720;1722;1708;1708;41
12.8.1985;1733;1738;1729;1730;41
09.8.1985;1738;1745;1725;1743;41
08.8.1985;1714;1737;1707;1734;41
07.8.1985;1722;1728;1705;1715;41
06.8.1985;1706;1724;1702;1718;41
05.8.1985;1670;1698;1668;1696;41
02.8.1985;1677;1684;1670;1682;41
01.8.1985;1663;1675;1658;1663;41
31.7.1985;1688;1710;1660;1660;41
30.7.1985;1710;1740;1693;1693;41
29.7.1985;1780;1800;1734;1734;41
26.7.1985;1760;1795;1765;1785;41
25.7.1985;1757;1762;1745;1750;41
24.7.1985;1761;1765;1754;1754;41
23.7.1985;1761;1750;1715;1745;41
22.7.1985;1710;1734;1720;1720;41
19.7.1985;1703;1715;1698;1702;41
18.7.1985;1699;1722;1702;1702;41
17.7.1985;1701;1715;1694;1706;41
16.7.1985;1700;1705;1698;1700;41
15.7.1985;1715;1720;1697;1697;41
12.7.1985;1760;1767;1740;1740;41
11.7.1985;1773;1780;1761;1761;41
10.7.1985;1790;1795;1763;1770;41
09.7.1985;1803;1812;1789;1797;41
08.7.1985;1830;1832;1808;1814;41
05.7.1985;1808;1821;1810;1813;41
04.7.1985;1809;1820;1805;1805;41
03.7.1985;1760;1811;1757;1790;41
02.7.1985;1765;1768;1757;1758;41
01.7.1985;1725;1740;1723;1735;41
28.6.1985;1740;1760;1725;1726;41
27.6.1985;1737;1750;1725;1737;41
26.6.1985;1718;1727;1715;1724;41
25.6.1985;1735;1737;1720;1720;41
24.6.1985;1737;1741;1730;1733;41
21.6.1985;1785;1789;1741;1750;41
20.6.1985;1778;1786;1775;1781;41
19.6.1985;1762;1776;1760;1767;41
18.6.1985;1775;1788;1770;1771;41
17.6.1985;1790;1792;1778;1785;41
14.6.1985;1778;1788;1772;1787;41
13.6.1985;1792;1800;1773;1773;41
12.6.1985;1798;1832;1798;1822;41
11.6.1985;1791;1804;1785;1800;41
10.6.1985;1775;1785;1779;1783;41
07.6.1985;1772;1785;1771;1774;41
06.6.1985;1762;1795;1759;1773;41
05.6.1985;1750;1768;1747;1766;41
04.6.1985;1735;1753;1726;1746;41
03.6.1985;1741;1743;1727;1727;41
31.5.1985;1700;1717;1717;1717;41
30.5.1985;1740;1738;1715;1715;41
29.5.1985;1770;1777;1755;1755;41
28.5.1985;1770;1776;1773;1775;27
24.5.1985;1750;1770;1753;1767;11
23.5.1985;1760;1767;1760;1760;7
22.5.1985;1750;1765;1752;1756;18
21.5.1985;1740;1750;1735;1735;21
20.5.1985;1740;1748;1741;1744;17
17.5.1985;1758;1765;1755;1760;82
16.5.1985;1770;1784;1760;1760;212
15.5.1985;1809;1810;1795;1796;191
14.5.1985;1815;1818;1810;1813;109
13.5.1985;1820;1834;1820;1820;81
10.5.1985;1801;1832;1800;1829;153
09.5.1985;1795;1803;1786;1797;190
08.5.1985;1811;1813;1800;1804;212
07.5.1985;1800;1824;1807;1810;248
03.5.1985;1800;1802;1791;1798;236
02.5.1985;1798;1804;1778;1797;510
01.5.1985;1794;1801;1766;1784;1.37 K
30.4.1985;1846;1859;1790;1790;1.05 K
29.4.1985;1865;1887;1864;1887;616
26.4.1985;1902;1907;1885;1887;317
25.4.1985;1875;1895;1872;1890;770
24.4.1985;1863;1871;1845;1864;651
23.4.1985;1891;1895;1858;1860;1.16 K
22.4.1985;1901;1908;1896;1899;644
19.4.1985;1900;1925;1900;1908;527
18.4.1985;1927;1940;1906;1907;587
17.4.1985;1908;1920;1902;1906;489
16.4.1985;1931;1934;1920;1920;536
15.4.1985;1952;1963;1936;1936;533
12.4.1985;1945;1966;1930;1947;895
11.4.1985;1938;1947;1933;1938;684
10.4.1985;1975;1975;1956;1962;344
09.4.1985;1964;1984;1964;1973;449
04.4.1985;1965;1969;1948;1958;768
03.4.1985;1978;1989;1953;1954;1.22 K
02.4.1985;1989;2000;1984;1986;107
01.4.1985;2012;2026;2002;2011;1.07 K
29.3.1985;2005;2005;1990;2005;103
28.3.1985;2004;2035;1985;2004;103
27.3.1985;2000;2005;1992;1993;152
26.3.1985;2026;2030;2011;2014;741
25.3.1985;2075;2080;2045;2046;145
22.3.1985;2050;2060;2035;2040;71
21.3.1985;2115;2125;2042;2048;114
20.3.1985;2120;2130;2103;2111;154
19.3.1985;2086;2101;2081;2096;189
18.3.1985;2083;2092;2077;2088;143
15.3.1985;2085;2101;2082;2097;204
14.3.1985;2130;2140;2089;2101;259
13.3.1985;2105;2130;2095;2105;184
12.3.1985;2148;2160;2110;2110;368
11.3.1985;2132;2148;2130;2144;500
08.3.1985;2130;2139;2110;2112;188
07.3.1985;2105;2118;2100;2107;314
06.3.1985;2128;2135;2100;2100;589
05.3.1985;2196;2197;2147;2155;660
04.3.1985;2193;2206;2191;2192;293
01.3.1985;2191;2210;2190;2204;785
28.2.1985;2190;2198;2184;2194;547
27.2.1985;2200;2212;2164;2192;1.04 K
26.2.1985;2236;2245;2229;2229;952
25.2.1985;2183;2222;2181;2222;772
22.2.1985;2188;2209;2180;2182;766
21.2.1985;2173;2206;2165;2184;1.44 K
20.2.1985;2114;2170;2116;2168;377
19.2.1985;2130;2130;2102;2118;2.11 K
18.2.1985;2120;2134;2115;2127;461
15.2.1985;2123;2130;2112;2115;912
14.2.1985;2203;2210;2140;2140;791
13.2.1985;2199;2204;2169;2199;555
12.2.1985;2165;2176;2142;2165;840
11.2.1985;2251;2257;2158;2162;1.21 K
08.2.1985;2220;2236;2211;2235;679
07.2.1985;2220;2234;2200;2213;882
06.2.1985;2211;2243;2195;2225;936
05.2.1985;2260;2266;2208;2223;1.39 K
04.2.1985;2201;2255;2202;2250;1.43 K
01.2.1985;2190;2200;2168;2187;1.3 K
31.1.1985;2193;2210;2171;2183;936
30.1.1985;2223;2232;2173;2178;1.68 K
29.1.1985;2156;2200;2150;2191;2.4 K
28.1.1985;2145;2183;2120;2172;2.16 K
25.1.1985;2072;2085;2068;2085;1.08 K
24.1.1985;2075;2090;2068;2078;1.18 K
23.1.1985;2056;2098;2050;2082;1.17 K
22.1.1985;2087;2105;2071;2073;1.29 K
21.1.1985;2069;2103;2060;2086;1.14 K
18.1.1985;2071;2087;2061;2073;902
17.1.1985;2042;2095;2035;2067;2.33 K
16.1.1985;2027;2055;2022;2053;1.91 K
15.1.1985;2043;2065;2034;2036;2.32 K
14.1.1985;2042;2073;2029;2066;3.75 K
11.1.1985;1976;2020;1964;2012;5.17 K
10.1.1985;1964;1972;1950;1964;1.85 K
09.1.1985;1934;1952;1932;1947;2.99 K
08.1.1985;1910;1935;1900;1932;2.99 K
07.1.1985;1880;1899;1878;1895;1.32 K
04.1.1985;1868;1880;1865;1875;732
03.1.1985;1871;1876;1865;1871;527
02.1.1985;1883;1886;1871;1873;835
31.12.1984;1840;1850;1835;1850;46
28.12.1984;1840;1832;1825;1830;46
27.12.1984;1837;1840;1827;1829;46
21.12.1984;1839;1848;1836;1838;46
20.12.1984;1825;1842;1820;1840;46
19.12.1984;1838;1849;1810;1820;46
18.12.1984;1837;1844;1833;1838;46
17.12.1984;1829;1840;1825;1826;46
14.12.1984;1875;1874;1837;1838;46
13.12.1984;1877;1880;1860;1861;46
12.12.1984;1882;1885;1870;1877;46
11.12.1984;1876;1890;1860;1884;46
10.12.1984;1905;1909;1867;1869;46
07.12.1984;1880;1904;1885;1897;46
06.12.1984;1890;1903;1869;1876;46
05.12.1984;1906;1931;1897;1905;46
04.12.1984;1887;1903;1885;1899;46
03.12.1984;1880;1895;1875;1888;46
30.11.1984;1862;2000;1844;1861;46
29.11.1984;1880;1885;1876;1877;46
28.11.1984;1889;1893;1873;1880;46
27.11.1984;1897;1910;1883;1892;46
26.11.1984;1889;1905;1889;1895;46
23.11.1984;1883;1921;1880;1884;46
22.11.1984;1863;1890;1860;1878;46
21.11.1984;1883;1892;1860;1870;46
20.11.1984;1899;1903;1886;1899;46
19.11.1984;1941;1944;1903;1908;46
16.11.1984;1938;1953;1936;1942;46
15.11.1984;1920;1940;1904;1936;46
14.11.1984;1920;1930;1911;1923;46
13.11.1984;1920;1932;1909;1921;46
12.11.1984;1887;1904;1882;1902;46
09.11.1984;1901;1912;1880;1883;46
08.11.1984;1887;1898;1882;1892;46
07.11.1984;1889;1890;1875;1877;46
06.11.1984;1918;1922;1891;1891;46
05.11.1984;1921;1929;1905;1918;46
02.11.1984;1945;1953;1911;1912;46
01.11.1984;1949;1975;1943;1968;46
31.10.1984;1938;1950;1931;1942;46
30.10.1984;1938;1957;1932;1950;46
29.10.1984;1958;1965;1938;1939;46
26.10.1984;1937;1965;1934;1951;46
25.10.1984;1915;1940;1906;1933;46
24.10.1984;1937;1940;1908;1915;46
23.10.1984;1958;1975;1943;1946;46
22.10.1984;1953;1967;1948;1959;46
19.10.1984;1945;1953;1940;1950;46
18.10.1984;1938;1955;1928;1933;46
17.10.1984;1884;1940;1880;1929;46
16.10.1984;1876;1895;1866;1887;46
15.10.1984;1901;1906;1867;1870;46
12.10.1984;1894;1905;1879;1899;46
11.10.1984;1923;1932;1909;1910;46
10.10.1984;1899;1918;1893;1913;46
09.10.1984;1898;1905;1888;1890;46
08.10.1984;1874;1892;1860;1890;46
05.10.1984;1853;1865;1842;1858;46
04.10.1984;1869;1875;1835;1852;46
03.10.1984;1863;1877;1857;1858;46
02.10.1984;1854;1875;1840;1856;46
01.10.1984;1851;1862;1838;1850;46
28.9.1984;2292;2315;2000;2100;46
27.9.1984;2230;2304;2248;2295;46
26.9.1984;2260;2265;2228;2230;46
25.9.1984;2310;2310;2275;2276;46
24.9.1984;2285;2295;2260;2290;46
21.9.1984;2305;2310;2277;2277;46
20.9.1984;2255;2272;2245;2262;46
19.9.1984;2210;2240;2205;2236;46
18.9.1984;2230;2240;2185;2205;46
17.9.1984;2258;2271;2215;2216;46
14.9.1984;2160;2215;2150;2214;46
13.9.1984;2130;2145;2110;2140;46
12.9.1984;2123;2124;2110;2110;46
11.9.1984;2140;2144;2093;2102;46
10.9.1984;2170;2195;2118;2121;46
07.9.1984;2140;2162;2140;2148;46
06.9.1984;2145;2183;2140;2140;46
05.9.1984;2090;2155;2088;2148;46
04.9.1984;2096;2100;2072;2085;46
03.9.1984;2088;2100;2075;2088;46
31.8.1984;2080;2105;2080;2085;46
30.8.1984;2007;2058;2005;2053;46
29.8.1984;2000;2010;1980;2007;46
28.8.1984;1995;2028;1975;2020;46
24.8.1984;1940;1980;1937;1960;46
23.8.1984;1963;1975;1920;1949;46
22.8.1984;1911;1928;1893;1928;46
21.8.1984;1844;1895;1840;1892;46
20.8.1984;1820;1858;1820;1847;46
17.8.1984;1850;1872;1846;1850;46
16.8.1984;1857;1863;1844;1858;46
15.8.1984;1870;1879;1860;1861;46
14.8.1984;1865;1890;1860;1876;46
13.8.1984;1848;1848;1834;1836;46
10.8.1984;1844;1860;1840;1849;46
09.8.1984;1865;1875;1860;1873;46
08.8.1984;1867;1887;1845;1868;46
07.8.1984;1847;1886;1845;1872;46
06.8.1984;1828;1838;1810;1836;46
03.8.1984;1798;1825;1790;1815;46
02.8.1984;1735;1802;1730;1791;46
01.8.1984;1741;1763;1730;1742;46
31.7.1984;1729;1732;1729;1732;46
30.7.1984;1755;1760;1743;1743;46
27.7.1984;1785;1802;1765;1770;46
26.7.1984;1796;1822;1800;1805;46
25.7.1984;1810;1823;1804;1810;46
24.7.1984;1825;1845;1810;1810;46
23.7.1984;1791;1805;1785;1795;46
20.7.1984;1740;1765;1750;1763;46
19.7.1984;1749;1770;1747;1760;46
18.7.1984;1774;1772;1755;1755;46
17.7.1984;1734;1773;1734;1773;46
16.7.1984;1764;1780;1740;1740;46
13.7.1984;1830;1831;1800;1800;46
12.7.1984;1800;1835;1810;1810;46
11.7.1984;1851;1854;1820;1820;46
10.7.1984;1800;1832;1798;1832;46
09.7.1984;1782;1772;1756;1768;46
06.7.1984;1750;1785;1760;1782;46
05.7.1984;1762;1767;1752;1767;46
04.7.1984;1745;1760;1750;1758;46
03.7.1984;1780;1798;1756;1756;46
02.7.1984;1836;1839;1777;1783;46
29.6.1984;1790;1836;1788;1826;46
28.6.1984;1875;1895;1784;1792;46
27.6.1984;1865;1890;1874;1879;46
26.6.1984;1871;1875;1848;1870;46
25.6.1984;1836;1844;1825;1840;46
22.6.1984;1896;1915;1826;1834;46
21.6.1984;1925;1965;1920;1920;46
20.6.1984;2013;2020;1953;1963;46
19.6.1984;2045;2064;2021;2023;46
18.6.1984;1995;2013;1990;1992;46
15.6.1984;2000;2009;1988;1988;46
14.6.1984;1994;2010;1983;1990;46
13.6.1984;1988;1999;1984;1993;46
12.6.1984;1971;1984;1950;1972;46
11.6.1984;1958;1971;1950;1964;46
08.6.1984;1983;2020;1981;2002;46
07.6.1984;2009;2020;1982;1982;46
06.6.1984;2005;2010;1980;2007;46
05.6.1984;2002;2015;1977;1990;46
04.6.1984;2063;2068;2022;2030;46
01.6.1984;2061;2078;2042;2055;46
31.5.1984;2110;2123;2099;2120;46
30.5.1984;2065;2110;2057;2095;46
29.5.1984;2095;2110;2070;2070;107
25.5.1984;2050;2085;2060;2080;59
24.5.1984;2040;2076;2049;2050;59
23.5.1984;2069;2070;2045;2045;16
22.5.1984;2050;2053;2035;2043;68
21.5.1984;2060;2070;2058;2065;32
18.5.1984;1990;2004;1995;2001;14
17.5.1984;1980;1992;1970;1975;87
16.5.1984;1952;1977;1953;1965;130
15.5.1984;1920;1935;1905;1933;117
14.5.1984;1980;1989;1900;1900;109
11.5.1984;1972;1975;1967;1970;45
10.5.1984;1910;1952;1918;1930;153
09.5.1984;1910;1929;1911;1928;136
08.5.1984;1915;1926;1895;1903;204
04.5.1984;1923;1938;1918;1925;173
03.5.1984;1918;1942;1920;1920;230
02.5.1984;1935;1929;1900;1928;538
01.5.1984;1875;1898;1875;1888;50
30.4.1984;1895;1902;1876;1876;1.55 K
27.4.1984;1881;1893;1876;1881;672
26.4.1984;1900;1904;1886;1892;466
25.4.1984;1888;1910;1882;1888;881
24.4.1984;1870;1884;1855;1882;995
19.4.1984;1838;1844;1825;1830;608
18.4.1984;1781;1810;1775;1806;1.1 K
17.4.1984;1792;1795;1787;1790;808
16.4.1984;1780;1791;1775;1786;690
13.4.1984;1788;1798;1778;1789;877
12.4.1984;1761;1780;1755;1768;963
11.4.1984;1749;1761;1735;1741;892
10.4.1984;1770;1785;1761;1762;885
09.4.1984;1756;1770;1755;1765;519
06.4.1984;1758;1766;1748;1758;1.6 K
05.4.1984;1738;1760;1717;1745;3 K
04.4.1984;1805;1809;1720;1732;2.37 K
03.4.1984;1831;1840;1824;1827;1.28 K
02.4.1984;1841;1855;1836;1845;2.16 K
30.3.1984;1800;1808;1793;1793;20
29.3.1984;1815;1820;1806;1809;20
28.3.1984;1765;1800;1774;1790;71
27.3.1984;1770;1798;1781;1781;41
26.3.1984;1804;1810;1789;1805;75
23.3.1984;1798;1802;1780;1795;80
22.3.1984;1774;1786;1772;1786;37
21.3.1984;1825;1829;1800;1800;81
20.3.1984;1812;1820;1810;1820;56
19.3.1984;1750;1795;1760;1785;47
16.3.1984;1785;1790;1770;1770;191
15.3.1984;1760;1772;1755;1772;75
14.3.1984;1760;1762;1754;1754;71
13.3.1984;1700;1726;1701;1726;363
12.3.1984;1708;1715;1695;1695;65
09.3.1984;1680;1705;1680;1700;115
08.3.1984;1675;1685;1655;1663;81
07.3.1984;1625;1664;1630;1664;275
06.3.1984;1700;1700;1670;1678;492
05.3.1984;1700;1730;1692;1695;266
02.3.1984;1721;1765;1712;1716;398
01.3.1984;1638;1720;1639;1716;1.39 K
29.2.1984;1609;1618;1598;1611;1.69 K
28.2.1984;1667;1668;1640;1642;647
27.2.1984;1654;1670;1650;1668;1.18 K
24.2.1984;1698;1713;1657;1670;249
23.2.1984;1685;1699;1652;1697;544
22.2.1984;1674;1689;1659;1663;913
21.2.1984;1750;1752;1693;1693;584
20.2.1984;1738;1747;1715;1740;450
17.2.1984;1737;1750;1715;1718;1.16 K
16.2.1984;1812;1822;1750;1756;3.3 K
15.2.1984;1846;1847;1806;1832;1.09 K
14.2.1984;1877;1888;1830;1838;1.42 K
13.2.1984;1908;1920;1890;1898;130
10.2.1984;1847;1885;1844;1880;791
09.2.1984;1878;1895;1845;1848;130
08.2.1984;1832;1875;1826;1869;873
07.2.1984;1852;1860;1825;1839;1.69 K
06.2.1984;1870;1885;1835;1842;1.78 K
03.2.1984;1918;1940;1862;1875;1.75 K
02.2.1984;1851;1937;1841;1915;3.48 K
01.2.1984;1886;1900;1862;1882;2.45 K
31.1.1984;1959;1967;1873;1883;4.74 K
30.1.1984;2009;2030;1986;1989;214
27.1.1984;2003;2037;1997;2002;3.18 K
26.1.1984;2028;2035;1976;1981;3.13 K
25.1.1984;1977;2020;1964;2002;3.54 K
24.1.1984;2021;2040;1977;1987;4.76 K
23.1.1984;2031;2052;1975;1985;5.93 K
20.1.1984;1937;1953;1920;1948;5.19 K
19.1.1984;1850;1896;1818;1883;6.06 K
18.1.1984;1862;1885;1812;1816;5.57 K
17.1.1984;1805;1835;1779;1832;3.54 K
16.1.1984;1846;1852;1812;1819;2.42 K
13.1.1984;1846;1858;1808;1835;731
12.1.1984;1917;1933;1901;1926;3.4 K
11.1.1984;1877;1895;1876;1885;2.44 K
10.1.1984;1894;1900;1860;1866;5.11 K
09.1.1984;1904;1920;1875;1877;6.56 K
06.1.1984;2024;2040;1945;1957;5.68 K
05.1.1984;1972;1985;1934;1976;5.89 K
04.1.1984;2024;2039;1948;1958;7.88 K
03.1.1984;2063;2084;2040;2063;3.44 K
30.12.1983;1975;1980;1970;1972;32
29.12.1983;1930;1963;1925;1945;32
28.12.1983;1935;1970;1950;1950;32
23.12.1983;1925;1940;1925;1930;32
22.12.1983;1920;1938;1914;1916;32
21.12.1983;1855;1886;1862;1880;32
20.12.1983;1865;1888;1867;1867;32
19.12.1983;1925;1934;1907;1915;32
16.12.1983;1845;1908;1847;1903;32
15.12.1983;1866;1870;1845;1846;32
14.12.1983;1847;1851;1810;1810;32
13.12.1983;1810;1832;1807;1830;32
12.12.1983;1845;1859;1815;1815;32
09.12.1983;1803;1818;1781;1806;32
08.12.1983;1750;1785;1752;1775;32
07.12.1983;1721;1751;1717;1748;32
06.12.1983;1685;1720;1688;1706;32
05.12.1983;1662;1679;1650;1673;32
02.12.1983;1612;1628;1610;1625;32
01.12.1983;1611;1618;1591;1600;32
30.11.1983;1650;1655;1622;1627;32
29.11.1983;1608;1635;1606;1632;32
28.11.1983;1634;1640;1610;1624;32
25.11.1983;1622;1630;1614;1614;32
24.11.1983;1609;1615;1606;1610;32
23.11.1983;1575;1602;1570;1594;32
22.11.1983;1584;1590;1575;1575;32
21.11.1983;1551;1575;1548;1563;32
18.11.1983;1545;1555;1543;1550;32
17.11.1983;1536;1555;1530;1533;32
16.11.1983;1561;1568;1546;1551;32
15.11.1983;1520;1556;1519;1550;32
14.11.1983;1534;1540;1518;1518;32
11.11.1983;1537;1540;1519;1538;32
10.11.1983;1531;1545;1510;1525;32
09.11.1983;1496;1540;1490;1536;32
08.11.1983;1456;1478;1448;1475;32
07.11.1983;1458;1466;1453;1453;32
04.11.1983;1461;1471;1459;1464;32
03.11.1983;1444;1453;1440;1449;32
02.11.1983;1418;1433;1415;1428;32
01.11.1983;1440;1446;1417;1418;32
31.10.1983;1417;1435;1415;1434;32
28.10.1983;1418;1423;1414;1419;32
27.10.1983;1417;1418;1408;1412;32
26.10.1983;1427;1429;1413;1419;32
25.10.1983;1414;1420;1411;1414;32
24.10.1983;1435;1439;1413;1415;32
21.10.1983;1422;1425;1418;1420;32
20.10.1983;1415;1432;1411;1423;32
19.10.1983;1417;1425;1408;1408;32
18.10.1983;1426;1434;1415;1427;32
17.10.1983;1432;1438;1413;1415;32
14.10.1983;1445;1450;1436;1446;32
13.10.1983;1446;1461;1442;1456;32
12.10.1983;1468;1475;1430;1439;32
11.10.1983;1458;1480;1453;1460;32
10.10.1983;1473;1480;1456;1461;32
07.10.1983;1490;1506;1486;1502;32
06.10.1983;1494;1499;1478;1483;32
05.10.1983;1485;1490;1468;1485;32
04.10.1983;1461;1480;1458;1474;32
03.10.1983;1505;1507;1474;1480;32
30.9.1983;1470;1489;1475;1475;32
29.9.1983;1460;1480;1450;1450;32
28.9.1983;1455;1435;1425;1435;32
27.9.1983;1470;1477;1440;1440;32
26.9.1983;1400;1462;1445;1455;32
23.9.1983;1470;1500;1450;1450;32
22.9.1983;1520;1531;1500;1500;32
21.9.1983;1477;1490;1475;1480;32
20.9.1983;1452;1490;1450;1490;32
19.9.1983;1480;1462;1450;1450;32
16.9.1983;1490;1494;1468;1468;32
15.9.1983;1399;1440;1400;1440;32
14.9.1983;1366;1386;1360;1377;32
13.9.1983;1335;1355;1325;1325;32
12.9.1983;1320;1340;1320;1325;32
09.9.1983;1395;1390;1360;1362;32
08.9.1983;1390;1414;1394;1410;32
07.9.1983;1395;1413;1399;1413;32
06.9.1983;1370;1395;1364;1392;32
05.9.1983;1410;1416;1366;1366;32
02.9.1983;1486;1425;1380;1397;32
01.9.1983;1466;1468;1424;1424;32
31.8.1983;1495;1497;1478;1482;32
30.8.1983;1473;1484;1468;1477;32
26.8.1983;1488;1491;1466;1476;32
25.8.1983;1468;1484;1451;1475;32
24.8.1983;1462;1466;1440;1446;32
23.8.1983;1485;1495;1482;1482;32
22.8.1983;1498;1507;1490;1497;32
19.8.1983;1521;1534;1485;1486;32
18.8.1983;1526;1535;1506;1506;32
17.8.1983;1583;1591;1550;1550;32
16.8.1983;1602;1608;1596;1606;32
15.8.1983;1578;1589;1580;1583;32
12.8.1983;1610;1620;1584;1586;32
11.8.1983;1641;1655;1570;1590;32
10.8.1983;1612;1638;1555;1634;32
09.8.1983;1567;1587;1561;1583;32
08.8.1983;1608;1613;1585;1602;32
05.8.1983;1613;1635;1580;1591;32
04.8.1983;1676;1695;1655;1655;32
03.8.1983;1673;1705;1659;1694;32
02.8.1983;1688;1710;1680;1693;32
01.8.1983;1641;1655;1634;1640;32
29.7.1983;1605;1620;1600;1600;32
28.7.1983;1600;1650;1615;1640;32
27.7.1983;1652;1657;1647;1657;32
26.7.1983;1670;1681;1663;1663;32
25.7.1983;1641;1685;1650;1679;32
22.7.1983;1570;1650;1588;1650;32
21.7.1983;1535;1535;1525;1525;32
20.7.1983;1517;1534;1515;1530;32
19.7.1983;1520;1525;1511;1525;32
18.7.1983;1494;1505;1478;1501;32
15.7.1983;1450;1480;1447;1480;32
14.7.1983;1432;1460;1437;1458;32
13.7.1983;1390;1421;1415;1415;32
12.7.1983;1423;1440;1424;1440;32
11.7.1983;1424;1440;1428;1440;32
08.7.1983;1503;1506;1474;1474;32
07.7.1983;1480;1495;1487;1488;32
06.7.1983;1478;1490;1455;1486;32
05.7.1983;1540;1550;1525;1525;32
04.7.1983;1515;1550;1525;1545;32
01.7.1983;1500;1515;1490;1510;32
30.6.1983;1537;1541;1522;1527;32
29.6.1983;1552;1555;1507;1515;32
28.6.1983;1563;1580;1553;1574;32
27.6.1983;1580;1613;1560;1562;32
24.6.1983;1618;1631;1583;1590;32
23.6.1983;1626;1629;1603;1606;32
22.6.1983;1600;1617;1575;1603;32
21.6.1983;1575;1590;1550;1552;32
20.6.1983;1541;1580;1540;1565;32
17.6.1983;1529;1565;1514;1525;32
16.6.1983;1561;1577;1547;1549;32
15.6.1983;1549;1551;1530;1549;32
14.6.1983;1548;1554;1537;1538;32
13.6.1983;1507;1545;1494;1541;32
10.6.1983;1508;1512;1487;1503;32
09.6.1983;1505;1519;1487;1504;32
08.6.1983;1438;1468;1425;1467;32
07.6.1983;1393;1425;1380;1420;32
06.6.1983;1401;1403;1393;1395;32
03.6.1983;1407;1420;1407;1413;32
02.6.1983;1385;1424;1360;1398;32
01.6.1983;1402;1415;1373;1373;32
31.5.1983;1415;1420;1415;1415;32
27.5.1983;1400;1434;1407;1407;32
26.5.1983;1340;1422;1380;1407;32
25.5.1983;1360;1375;1355;1355;29
24.5.1983;1390;1382;1370;1370;19
23.5.1983;1395;1400;1386;1386;11
20.5.1983;1360;1376;1373;1373;9
19.5.1983;1364;1380;1364;1375;30
18.5.1983;1330;1335;1325;1330;28
17.5.1983;1314;1335;1320;1331;121
16.5.1983;1284;1306;1285;1306;104
13.5.1983;1270;1280;1269;1269;104
12.5.1983;1255;1261;1248;1260;40
11.5.1983;1253;1259;1250;1252;57
10.5.1983;1230;1242;1229;1240;46
09.5.1983;1264;1274;1244;1244;131
06.5.1983;1270;1287;1274;1274;131
05.5.1983;1272;1293;1272;1285;349
04.5.1983;1284;1288;1260;1266;234
03.5.1983;1305;1313;1298;1298;398
29.4.1983;1262;1303;1262;1302;483
28.4.1983;1273;1268;1266;1267;483
27.4.1983;1278;1288;1270;1282;344
26.4.1983;1284;1295;1284;1286;446
25.4.1983;1273;1288;1271;1285;1.04 K
22.4.1983;1241;1257;1238;1256;743
21.4.1983;1257;1260;1239;1239;576
20.4.1983;1236;1255;1233;1249;692
19.4.1983;1250;1255;1240;1243;410
18.4.1983;1228;1243;1227;1241;519
15.4.1983;1207;1221;1205;1214;694
14.4.1983;1215;1225;1204;1209;350
13.4.1983;1180;1206;1180;1204;630
12.4.1983;1195;1205;1188;1188;586
11.4.1983;1198;1205;1183;1196;454
08.4.1983;1230;1238;1216;1218;1.5 K
07.4.1983;1225;1240;1225;1238;884
06.4.1983;1231;1243;1226;1231;835
05.4.1983;1274;1285;1263;1264;1.68 K
31.3.1983;1260;1276;1260;1260;30
30.3.1983;1275;1288;1275;1285;30
29.3.1983;1242;1270;1248;1268;30
28.3.1983;1258;1260;1244;1244;66
25.3.1983;1237;1366;1340;1366;41
24.3.1983;1256;1265;1248;1248;88
23.3.1983;1255;1259;1248;1252;17
22.3.1983;1240;1253;1242;1242;40
21.3.1983;1232;1244;1230;1230;12
18.3.1983;1230;1251;1230;1235;42
17.3.1983;1242;1256;1241;1242;10
16.3.1983;1243;1270;1240;1257;14
15.3.1983;1314;1318;1295;1295;63
14.3.1983;1300;1305;1298;1304;98
11.3.1983;1307;1315;1299;1299;68
10.3.1983;1319;1340;1319;1319;11
09.3.1983;1326;1327;1321;1325;24
08.3.1983;1328;1330;1320;1324;61
07.3.1983;1295;1315;1292;1314;182
04.3.1983;1291;1299;1284;1291;93
03.3.1983;1281;1290;1277;1286;261
02.3.1983;1290;1306;1283;1286;73
01.3.1983;1273;1291;1270;1289;342
28.2.1983;1221;1225;1200;1214;1.1 K
25.2.1983;1272;1280;1257;1261;1.04 K
24.2.1983;1264;1279;1263;1270;340
23.2.1983;1267;1268;1245;1253;546
22.2.1983;1308;1312;1288;1288;415
21.2.1983;1297;1305;1296;1296;231
18.2.1983;1294;1305;1284;1302;316
17.2.1983;1319;1323;1290;1291;202
16.2.1983;1271;1312;1271;1306;223
15.2.1983;1292;1295;1270;1283;486
14.2.1983;1285;1312;1289;1308;635
11.2.1983;1346;1351;1320;1321;325
10.2.1983;1312;1317;1295;1296;629
09.2.1983;1343;1368;1338;1342;698
08.2.1983;1328;1349;1324;1336;880
07.2.1983;1358;1365;1351;1353;889
04.2.1983;1352;1353;1300;1352;1.55 K
03.2.1983;1280;1287;1271;1285;1.3 K
02.2.1983;1301;1306;1287;1296;580
01.2.1983;1290;1303;1278;1296;508
31.1.1983;1295;1305;1288;1289;875
28.1.1983;1255;1275;1240;1266;1.51 K
27.1.1983;1232;1248;1225;1237;1.38 K
26.1.1983;1236;1240;1226;1228;962
25.1.1983;1180;1222;1175;1221;1.53 K
24.1.1983;1194;1198;1163;1176;1.26 K
21.1.1983;1189;1191;1177;1188;735
20.1.1983;1193;1203;1190;1197;1.15 K
19.1.1983;1214;1216;1189;1213;127
18.1.1983;1205;1219;1194;1206;1.06 K
17.1.1983;1213;1219;1198;1209;1.31 K
14.1.1983;1172;1190;1172;1185;1.58 K
13.1.1983;1177;1189;1170;1179;1.1 K
12.1.1983;1150;1158;1142;1158;1.58 K
11.1.1983;1159;1165;1143;1151;950
10.1.1983;1149;1157;1140;1150;1.31 K
07.1.1983;1149;1159;1146;1156;2.04 K
06.1.1983;1116;1138;1113;1133;2.09 K
05.1.1983;1100;1110;1082;1108;1.82 K
04.1.1983;1112;1114;1096;1096;1.82 K
31.12.1982;1108;1109;1096;1096;40
30.12.1982;1145;1155;1100;1120;40
29.12.1982;1142;1160;1145;1151;40
24.12.1982;1100;1135;1113;1135;40
23.12.1982;1109;1120;1104;1115;40
22.12.1982;1070;1110;1071;1105;40
21.12.1982;1047;1061;1046;1056;40
20.12.1982;1040;1044;1040;1041;40
17.12.1982;1025;1040;1026;1035;40
16.12.1982;1034;1038;1025;1027;40
15.12.1982;1036;1040;1032;1032;40
14.12.1982;1015;1042;1018;1037;40
13.12.1982;1006;1018;1011;1011;40
10.12.1982;1015;1019;1014;1016;40
09.12.1982;1014;1019;1002;1010;40
08.12.1982;1013;1014;1010;1012;40
07.12.1982;1013;1020;1010;1017;40
06.12.1982;1015;1017;1010;1011;40
03.12.1982;1010;1011;1002;1004;40
02.12.1982;1010;1019;1006;1019;40
01.12.1982;1000;1004;999;999;40
30.11.1982;995;1002;990;997;40
29.11.1982;990;993;984;993;40
26.11.1982;1004;1008;993;994;40
25.11.1982;995;1005;991;1000;40
24.11.1982;987;1000;986;997;40
23.11.1982;991;998;975;977;40
22.11.1982;1008;1017;997;999;40
19.11.1982;960;995;958;992;40
18.11.1982;957;964;953;960;40
17.11.1982;954;967;950;961;40
16.11.1982;936;945;933;942;40
15.11.1982;937;940;928;939;40
12.11.1982;939;945;935;938;40
11.11.1982;951;953;947;949;40
10.11.1982;949;956;940;954;40
09.11.1982;958;966;956;956;40
08.11.1982;944;952;941;952;40
05.11.1982;933;939;933;938;40
04.11.1982;933;936;926;929;40
03.11.1982;940;948;931;933;40
02.11.1982;935;942;937;941;40
01.11.1982;939;940;931;934;40
29.10.1982;944;946;935;941;40
28.10.1982;962;964;940;943;40
27.10.1982;959;965;959;963;40
26.10.1982;955;960;954;958;40
25.10.1982;964;970;958;958;40
22.10.1982;953;965;951;962;40
21.10.1982;954;960;946;949;40
20.10.1982;940;953;935;943;40
19.10.1982;968;970;943;944;40
18.10.1982;984;988;980;981;40
15.10.1982;994;997;988;989;40
14.10.1982;1006;1008;1000;1002;40
13.10.1982;1003;1006;996;1001;40
12.10.1982;1002;1008;998;1002;40
11.10.1982;988;991;987;988;40
08.10.1982;944;1000;984;985;40
07.10.1982;989;993;986;989;40
06.10.1982;1007;1012;1002;1002;40
05.10.1982;1009;1010;1000;1000;40
04.10.1982;1008;1016;1009;1014;40
01.10.1982;994;998;991;995;40
30.9.1982;987;989;980;980;40
29.9.1982;965;990;978;988;40
28.9.1982;950;971;958;969;40
27.9.1982;950;965;959;962;40
24.9.1982;955;962;952;952;40
23.9.1982;951;966;953;953;40
22.9.1982;955;960;951;958;40
21.9.1982;980;980;969;969;40
20.9.1982;980;992;979;990;40
17.9.1982;991;993;986;987;40
16.9.1982;995;998;993;993;40
15.9.1982;960;1007;980;999;40
14.9.1982;963;986;965;984;40
13.9.1982;945;955;947;953;40
10.9.1982;942;946;938;942;40
09.9.1982;950;952;948;948;40
08.9.1982;965;968;959;961;40
07.9.1982;943;960;946;952;40
06.9.1982;941;955;940;941;40
03.9.1982;910;942;910;939;40
02.9.1982;903;910;903;903;40
01.9.1982;893;907;893;905;40
31.8.1982;893;894;890;893;40
27.8.1982;890;891;888;889;40
26.8.1982;901;907;897;897;40
25.8.1982;900;900;893;897;40
24.8.1982;898;906;898;905;40
23.8.1982;912;912;902;905;40
20.8.1982;896;903;896;902;40
19.8.1982;887;890;880;885;40
18.8.1982;879;890;875;887;40
17.8.1982;877;886;877;885;40
16.8.1982;870;878;873;876;40
13.8.1982;869;870;865;868;40
12.8.1982;862;867;861;865;40
11.8.1982;872;875;865;867;40
10.8.1982;877;882;873;873;40
09.8.1982;870;880;868;879;40
06.8.1982;887;894;881;881;40
05.8.1982;882;887;877;885;40
04.8.1982;883;885;875;878;40
03.8.1982;876;886;875;880;40
02.8.1982;881;892;878;885;40
30.7.1982;861;874;860;874;40
29.7.1982;840;850;837;840;40
28.7.1982;842;851;846;846;40
27.7.1982;850;859;845;845;40
26.7.1982;870;878;865;865;40
23.7.1982;845;875;848;873;40
22.7.1982;832;858;850;855;40
21.7.1982;843;855;844;854;40
20.7.1982;830;841;835;835;40
19.7.1982;845;855;835;835;40
16.7.1982;850;861;847;855;40
15.7.1982;860;869;863;865;40
14.7.1982;870;875;866;866;40
13.7.1982;896;896;882;882;40
12.7.1982;880;890;883;886;40
09.7.1982;888;890;876;876;40
08.7.1982;880;892;881;882;40
07.7.1982;898;912;903;904;40
06.7.1982;893;901;895;895;40
05.7.1982;886;897;886;890;40
02.7.1982;876;890;874;885;40
01.7.1982;888;890;875;885;40
30.6.1982;912;914;897;897;40
29.6.1982;903;910;894;906;40
28.6.1982;917;922;909;915;40
25.6.1982;876;888;873;886;40
24.6.1982;871;878;858;877;40
23.6.1982;861;873;859;872;40
22.6.1982;846;859;846;854;40
21.6.1982;858;859;846;851;40
18.6.1982;852;858;851;856;40
17.6.1982;845;854;839;842;40
16.6.1982;862;865;846;846;40
15.6.1982;858;867;856;861;40
14.6.1982;870;874;863;863;40
11.6.1982;874;880;869;879;40
10.6.1982;874;881;873;878;40
09.6.1982;878;884;868;878;40
08.6.1982;877;893;871;892;40
07.6.1982;871;878;865;877;40
04.6.1982;887;898;886;886;40
03.6.1982;882;888;880;885;40
02.6.1982;912;888;880;883;40
01.6.1982;911;914;890;890;40
28.5.1982;875;880;866;872;40
27.5.1982;888;903;887;887;45
26.5.1982;905;916;905;910;64
25.5.1982;890;897;890;897;29
24.5.1982;906;909;896;896;119
21.5.1982;915;915;910;913;38
20.5.1982;915;918;909;911;49
19.5.1982;909;911;906;909;44
18.5.1982;914;917;910;910;159
17.5.1982;916;920;913;916;60
14.5.1982;925;930;925;925;94
13.5.1982;925;936;925;933;156
12.5.1982;950;956;941;941;97
11.5.1982;952;952;943;949;126
10.5.1982;960;960;955;960;221
07.5.1982;946;952;944;948;24
06.5.1982;942;948;939;941;270
05.5.1982;945;970;946;951;1.27 K
04.5.1982;951;953;945;947;825
30.4.1982;943;958;937;955;1.23 K
29.4.1982;961;970;950;959;351
28.4.1982;980;990;970;988;593
27.4.1982;971;978;958;975;1.07 K
26.4.1982;947;996;946;978;924
23.4.1982;917;929;911;926;541
22.4.1982;929;935;913;919;621
21.4.1982;947;951;936;939;380
20.4.1982;937;949;935;945;465
19.4.1982;936;947;932;941;474
16.4.1982;967;971;943;948;912
15.4.1982;982;985;970;973;606
14.4.1982;963;982;961;972;814
13.4.1982;955;963;950;959;401
08.4.1982;954;964;942;957;821
07.4.1982;986;990;950;961;1.4 K
06.4.1982;996;1006;994;994;512
05.4.1982;989;1003;990;994;348
02.4.1982;990;994;984;989;546
01.4.1982;988;1010;985;992;1.13 K
31.3.1982;972;982;963;980;44
30.3.1982;983;985;965;965;121
29.3.1982;990;1000;992;992;156
26.3.1982;1030;1025;981;981;138
25.3.1982;1005;1026;1013;1025;41
24.3.1982;1030;1032;999;1005;35
23.3.1982;1037;1039;1025;1039;260
22.3.1982;1060;1080;1035;1037;291
19.3.1982;1092;1104;1070;1070;88
18.3.1982;1099;1103;1086;1094;125
17.3.1982;1125;1130;1094;1107;149
16.3.1982;1184;1186;1135;1135;273
15.3.1982;1187;1190;1180;1185;67
12.3.1982;1192;1190;1181;1186;91
11.3.1982;1195;1204;1190;1190;91
10.3.1982;1193;1205;1195;1202;231
09.3.1982;1190;1197;1185;1192;94
08.3.1982;1175;1197;1187;1195;220
05.3.1982;1186;1195;1185;1185;227
04.3.1982;1168;1185;1167;1182;76
03.3.1982;1170;1175;1166;1167;55
02.3.1982;1168;1172;1161;1169;405
01.3.1982;1188;1192;1170;1176;340
26.2.1982;1195;1198;1191;1194;578
25.2.1982;1195;1220;1194;1203;104
24.2.1982;1183;1204;1180;1200;772
23.2.1982;1166;1175;1163;1173;287
22.2.1982;1184;1185;1158;1162;552
19.2.1982;1182;1189;1177;1182;164
18.2.1982;1190;1201;1177;1187;188
17.2.1982;1207;1210;1199;1201;193
16.2.1982;1210;1219;1203;1203;578
15.2.1982;1224;1227;1210;1213;141
12.2.1982;1218;1220;1209;1217;117
11.2.1982;1217;1234;1210;1215;493
10.2.1982;1204;1212;1203;1210;371
09.2.1982;1208;1210;1195;1207;421
08.2.1982;1225;1228;1207;1208;825
05.2.1982;1200;1224;1188;1215;1.31 K
04.2.1982;1169;1184;1168;1182;204
03.2.1982;1169;1178;1164;1173;417
02.2.1982;1154;1174;1154;1154;499
01.2.1982;1168;1172;1149;1156;771
29.1.1982;1214;1215;1178;1180;771
28.1.1982;1198;1207;1196;1206;480
27.1.1982;1204;1213;1199;1207;579
26.1.1982;1194;1208;1191;1200;703
25.1.1982;1205;1209;1196;1202;841
22.1.1982;1218;1227;1217;1218;356
21.1.1982;1223;1225;1215;1220;914
20.1.1982;1217;1234;1217;1224;1.09 K
19.1.1982;1218;1223;1211;1215;1.34 K
18.1.1982;1192;1210;1193;1207;983
15.1.1982;1198;1200;1191;1194;198
14.1.1982;1210;1210;1189;1191;1.5 K
13.1.1982;1212;1226;1210;1223;959
12.1.1982;1208;1216;1208;1215;784
11.1.1982;1198;1205;1198;1203;544
08.1.1982;1193;1210;1191;1193;791
07.1.1982;1192;1197;1187;1193;759
06.1.1982;1199;1204;1185;1188;981
05.1.1982;1184;1216;1182;1212;2.8 K
04.1.1982;1156;1169;1149;1168;935
31.12.1981;1120;1149;1126;1145;13
30.12.1981;1130;1135;1120;1120;13
29.12.1981;1130;1146;1130;1139;13
24.12.1981;1135;1145;1135;1141;13
23.12.1981;1120;1144;1120;1142;13
22.12.1981;1135;1147;1118;1121;13
21.12.1981;1150;1155;1145;1148;13
18.12.1981;1150;1163;1150;1161;13
17.12.1981;1160;1167;1157;1157;13
16.12.1981;1167;1175;1164;1164;13
15.12.1981;1170;1180;1170;1175;13
14.12.1981;1180;1189;1180;1186;13
11.12.1981;1145;1179;1145;1177;13
10.12.1981;1153;1156;1148;1151;13
09.12.1981;1145;1148;1144;1144;13
08.12.1981;1150;1154;1139;1152;13
07.12.1981;1145;1155;1145;1145;13
04.12.1981;1145;1159;1144;1159;13
03.12.1981;1133;1155;1133;1154;13
02.12.1981;1114;1122;1111;1118;13
01.12.1981;1073;1100;1073;1097;13
30.11.1981;1086;1090;1083;1085;13
27.11.1981;1080;1093;1080;1091;13
26.11.1981;1083;1092;1082;1082;13
25.11.1981;1084;1091;1080;1082;13
24.11.1981;1072;1083;1072;1078;13
23.11.1981;1050;1063;1050;1059;13
20.11.1981;1082;1090;1054;1054;13
19.11.1981;1062;1090;1052;1063;13
18.11.1981;1116;1118;1058;1060;13
17.11.1981;1137;1139;1104;1115;13
16.11.1981;1148;1152;1135;1137;13
13.11.1981;1126;1158;1126;1152;13
12.11.1981;1141;1143;1120;1126;13
11.11.1981;1123;1152;1115;1147;13
10.11.1981;1162;1164;1143;1145;13
09.11.1981;1172;1184;1167;1171;13
06.11.1981;1143;1152;1137;1150;13
05.11.1981;1165;1174;1152;1152;13
04.11.1981;1177;1191;1174;1174;13
03.11.1981;1195;1203;1181;1185;13
02.11.1981;1167;1195;1154;1190;13
30.10.1981;1174;1185;1165;1167;13
29.10.1981;1167;1183;1154;1170;13
28.10.1981;1155;1160;1145;1156;13
27.10.1981;1172;1170;1146;1161;13
26.10.1981;1169;1175;1163;1168;13
23.10.1981;1190;1198;1173;1185;13
22.10.1981;1152;1186;1142;1181;13
21.10.1981;1156;1180;1125;1159;13
20.10.1981;1279;1280;1172;1179;13
19.10.1981;1297;1304;1278;1278;13
16.10.1981;1247;1306;1245;1293;13
15.10.1981;1249;1265;1242;1248;13
14.10.1981;1264;1268;1248;1256;13
13.10.1981;1245;1256;1240;1249;13
12.10.1981;1193;1236;1195;1235;13
09.10.1981;1205;1215;1160;1204;13
08.10.1981;1148;1192;1141;1174;13
07.10.1981;1265;1270;1184;1210;13
06.10.1981;1283;1290;1274;1280;13
05.10.1981;1304;1313;1292;1292;13
02.10.1981;1310;1312;1303;1307;13
01.10.1981;1317;1319;1302;1304;13
30.9.1981;1290;1295;1290;1290;13
29.9.1981;1270;1295;1283;1290;13
28.9.1981;1290;1280;1269;1278;13
25.9.1981;1220;1250;1239;1250;13
24.9.1981;1240;1253;1246;1246;13
23.9.1981;1235;1245;1242;1242;13
22.9.1981;1240;1248;1240;1240;13
21.9.1981;1235;1252;1250;1250;13
18.9.1981;1226;1232;1232;1232;13
17.9.1981;1210;1238;1230;1230;13
16.9.1981;1230;1243;1230;1230;13
15.9.1981;1240;1250;1250;1250;13
14.9.1981;1220;1250;1240;1245;13
11.9.1981;1225;1235;1232;1232;13
10.9.1981;1230;1245;1235;1238;13
09.9.1981;1230;1234;1229;1230;13
08.9.1981;1231;1237;1230;1230;13
07.9.1981;1215;1225;1221;1221;13
04.9.1981;1222;1226;1216;1217;13
03.9.1981;1228;1230;1222;1226;13
02.9.1981;1223;1228;1210;1215;13
01.9.1981;1205;1215;1205;1212;13
28.8.1981;1194;1198;1190;1192;13
27.8.1981;1198;1203;1178;1178;13
26.8.1981;1202;1206;1196;1197;13
25.8.1981;1200;1207;1200;1203;13
24.8.1981;1199;1205;1191;1191;13
21.8.1981;1196;1203;1186;1186;13
20.8.1981;1193;1205;1192;1203;13
19.8.1981;1203;1203;1188;1188;13
18.8.1981;1219;1220;1200;1204;13
17.8.1981;1232;1240;1225;1225;13
14.8.1981;1218;1221;1209;1209;13
13.8.1981;1218;1225;1205;1205;13
12.8.1981;1242;1248;1218;1219;13
11.8.1981;1253;1260;1243;1254;13
10.8.1981;1259;1265;1243;1243;13
07.8.1981;1194;1245;1190;1229;13
06.8.1981;1204;1209;1192;1199;13
05.8.1981;1207;1215;1192;1194;13
04.8.1981;1185;1195;1177;1193;13
03.8.1981;1166;1183;1164;1180;13
31.7.1981;1150;1165;1147;1152;13
30.7.1981;1112;1120;1110;1110;13
28.7.1981;1118;1130;1120;1120;13
27.7.1981;1135;1133;1118;1118;13
24.7.1981;1115;1120;1120;1120;13
23.7.1981;1085;1100;1080;1080;13
22.7.1981;1090;1105;1105;1105;13
21.7.1981;1062;1100;1100;1100;13
20.7.1981;1000;1064;1058;1064;13
17.7.1981;1050;1062;1050;1050;13
16.7.1981;1060;1060;1058;1060;13
15.7.1981;1055;1075;1055;1055;13
14.7.1981;1060;1075;1054;1060;13
13.7.1981;1060;1095;1060;1060;13
10.7.1981;1030;1035;1010;1030;13
09.7.1981;975;1005;975;975;13
08.7.1981;1014;1040;1012;1014;13
07.7.1981;1026;1026;980;1026;13
06.7.1981;1000;1040;978;1000;13
03.7.1981;945;951;905;945;13
02.7.1981;920;935;920;920;13
01.7.1981;936;936;864;936;13
30.6.1981;822;835;790;822;13
29.6.1981;839;858;838;839;13
26.6.1981;846;846;820;846;13
25.6.1981;795;818;782;795;13
24.6.1981;793;795;759;793;13
23.6.1981;760;770;759;760;13
22.6.1981;762;763;755;762;13
19.6.1981;763;764;753;763;13
18.6.1981;763;786;757;763;13
17.6.1981;790;791;788;790;13
16.6.1981;791;798;784;791;13
15.6.1981;795;800;793;795;13
12.6.1981;794;810;794;794;13
11.6.1981;811;823;808;811;13
10.6.1981;823;834;823;823;13
09.6.1981;826;828;821;826;13
08.6.1981;829;833;824;829;13
05.6.1981;842;845;832;842;13
04.6.1981;841;855;834;841;13
03.6.1981;840;852;839;840;13
02.6.1981;846;850;835;846;13
01.6.1981;845;877;843;845;13
29.5.1981;860;860;848;860;13
28.5.1981;853;854;846;853;13
27.5.1981;836;841;836;836;50
26.5.1981;848;878;848;848;20
22.5.1981;873;878;873;873;19
21.5.1981;876;885;876;876;100
20.5.1981;877;882;877;877;14
19.5.1981;879;893;879;879;313
18.5.1981;887;890;887;887;32
15.5.1981;896;900;890;896;42
14.5.1981;891;896;890;891;67
13.5.1981;897;904;893;897;89
12.5.1981;897;905;895;897;132
11.5.1981;909;913;907;909;91
08.5.1981;915;916;898;915;116
07.5.1981;908;912;907;908;44
06.5.1981;911;917;910;911;634
05.5.1981;908;917;904;908;589
01.5.1981;922;923;920;922;395
30.4.1981;924;926;920;924;272
29.4.1981;917;921;910;917;499
28.4.1981;928;936;928;928;347
27.4.1981;931;933;927;931;665
24.4.1981;936;946;935;936;230
23.4.1981;953;962;952;953;274
22.4.1981;952;956;948;952;663
21.4.1981;960;960;955;960;425
16.4.1981;970;979;960;970;425
15.4.1981;952;955;940;952;162
14.4.1981;936;939;934;936;127
13.4.1981;936;942;931;936;197
10.4.1981;942;945;938;942;443
09.4.1981;935;937;930;935;99
08.4.1981;929;938;925;929;488
07.4.1981;933;942;930;933;287
06.4.1981;941;947;938;941;340
03.4.1981;938;939;934;938;340
02.4.1981;929;932;928;929;348
01.4.1981;927;930;921;927;391
31.3.1981;859;860;850;859;5
30.3.1981;856;856;856;856;5
27.3.1981;840;870;840;840;5
26.3.1981;870;870;870;870;17
25.3.1981;868;870;865;868;45
24.3.1981;860;860;860;860;1
23.3.1981;870;870;865;870;1
20.3.1981;885;885;885;885;17
19.3.1981;895;895;895;895;14
18.3.1981;880;880;880;880;10
17.3.1981;880;882;880;880;10
16.3.1981;881;890;880;881;220
13.3.1981;875;875;865;875;184
12.3.1981;859;859;835;859;184
11.3.1981;829;829;825;829;89
10.3.1981;829;840;825;829;143
09.3.1981;835;849;835;835;82
06.3.1981;840;847;834;840;179
05.3.1981;840;850;835;840;189
04.3.1981;852;862;852;852;407
03.3.1981;850;860;850;850;247
02.3.1981;865;883;865;865;470
27.2.1981;878;890;874;878;385
26.2.1981;885;891;884;885;245
25.2.1981;885;885;877;885;456
24.2.1981;878;880;868;878;592
23.2.1981;864;865;857;864;185
20.2.1981;847;854;844;847;468
19.2.1981;842;845;842;842;504
18.2.1981;844;853;840;844;363
17.2.1981;837;841;835;837;228
16.2.1981;836;842;835;836;274
13.2.1981;834;838;831;834;378
12.2.1981;829;842;829;829;295
11.2.1981;841;847;841;841;348
10.2.1981;848;857;848;848;489
09.2.1981;852;855;850;852;198
06.2.1981;842;843;832;842;376
05.2.1981;839;845;839;839;259
04.2.1981;843;845;840;843;509
03.2.1981;841;842;833;841;322
02.2.1981;853;857;843;853;399
30.1.1981;847;848;837;847;333
29.1.1981;841;843;838;841;273
28.1.1981;837;839;833;837;345
27.1.1981;835;838;832;835;281
26.1.1981;839;841;837;839;906
23.1.1981;842;847;838;842;336
22.1.1981;841;850;840;841;451
21.1.1981;854;859;852;854;268
20.1.1981;856;866;856;856;370
19.1.1981;869;872;858;869;357
16.1.1981;866;870;863;866;228
15.1.1981;869;872;865;869;500
14.1.1981;862;863;849;862;772
13.1.1981;852;862;848;852;529
12.1.1981;861;872;861;861;595
09.1.1981;868;870;861;868;321
08.1.1981;863;870;858;863;647
07.1.1981;871;884;870;871;478
06.1.1981;882;885;880;882;537
05.1.1981;887;891;878;887;852
02.1.1981;891;895;885;891;136
31.12.1980;838;865;838;838;12
30.12.1980;865;885;865;865;12
29.12.1980;865;875;865;865;12
24.12.1980;872;875;871;872;12
23.12.1980;866;867;861;866;12
22.12.1980;861;866;861;861;12
19.12.1980;858;860;856;858;12
18.12.1980;854;854;853;854;12
17.12.1980;850;852;845;850;12
16.12.1980;843;860;843;843;12
15.12.1980;862;862;850;862;12
12.12.1980;843;844;842;843;12
11.12.1980;837;850;837;837;12
10.12.1980;849;859;849;849;12
09.12.1980;845;849;845;845;12
08.12.1980;855;860;847;855;12
05.12.1980;863;868;863;863;12
04.12.1980;866;869;863;866;12
03.12.1980;872;875;869;872;12
02.12.1980;858;872;853;858;12
01.12.1980;855;857;850;855;12
28.11.1980;852;859;848;852;12
27.11.1980;856;861;855;856;12
26.11.1980;858;876;857;858;12
25.11.1980;875;883;875;875;12
24.11.1980;888;892;883;888;12
21.11.1980;888;890;878;888;12
20.11.1980;883;896;882;883;12
19.11.1980;893;895;884;893;12
18.11.1980;882;900;880;882;12
17.11.1980;901;903;890;901;12
14.11.1980;893;923;892;893;12
13.11.1980;920;941;909;920;12
12.11.1980;903;910;885;903;12
11.11.1980;883;893;881;883;12
10.11.1980;897;899;885;897;12
07.11.1980;887;888;873;887;12
06.11.1980;866;896;864;866;12
05.11.1980;893;912;890;893;12
04.11.1980;914;919;908;914;12
03.11.1980;922;949;922;922;12
31.10.1980;940;942;926;940;12
30.10.1980;917;927;916;917;12
29.10.1980;923;924;917;923;12
28.10.1980;922;953;922;922;12
27.10.1980;951;956;949;951;12
24.10.1980;950;956;950;950;12
23.10.1980;958;963;958;958;12
22.10.1980;961;967;958;961;12
21.10.1980;960;962;952;960;12
20.10.1980;958;968;957;958;12
17.10.1980;951;964;951;951;12
16.10.1980;967;976;965;967;12
15.10.1980;975;996;975;975;12
14.10.1980;981;983;977;981;12
13.10.1980;973;974;967;973;12
10.10.1980;977;985;975;977;12
09.10.1980;978;982;967;978;12
08.10.1980;962;971;961;962;12
07.10.1980;973;979;968;973;12
06.10.1980;984;987;974;984;12
03.10.1980;974;982;972;974;12
02.10.1980;967;970;963;967;12
01.10.1980;970;977;968;970;12
30.9.1980;940;940;940;940;12
29.9.1980;945;953;935;945;12
26.9.1980;964;980;961;964;12
25.9.1980;994;1003;990;994;12
24.9.1980;986;1010;986;986;12
23.9.1980;1013;1015;1013;1013;12
22.9.1980;1018;1023;1002;1018;12
19.9.1980;996;998;990;996;12
18.9.1980;995;1000;995;995;12
17.9.1980;1001;1003;998;1001;12
16.9.1980;1001;1002;999;1001;12
15.9.1980;1003;1007;997;1003;12
12.9.1980;1000;1000;980;1000;12
11.9.1980;965;972;962;965;12
10.9.1980;970;975;968;970;12
09.9.1980;977;980;966;977;12
08.9.1980;959;963;950;959;12
05.9.1980;935;940;930;935;12
04.9.1980;926;934;925;926;12
03.9.1980;930;935;929;930;12
02.9.1980;929;935;924;929;12
01.9.1980;935;940;933;935;12
29.8.1980;936;941;933;936;12
28.8.1980;939;950;938;939;12
27.8.1980;953;958;950;953;12
26.8.1980;952;958;952;952;12
22.8.1980;953;962;952;953;12
21.8.1980;952;960;950;952;12
20.8.1980;954;958;953;954;12
19.8.1980;960;978;960;960;12
18.8.1980;980;982;973;980;12
15.8.1980;978;981;975;978;12
14.8.1980;976;984;972;976;12
13.8.1980;1002;1003;992;1002;12
12.8.1980;992;1000;984;992;12
11.8.1980;990;997;974;990;12
08.8.1980;977;981;972;977;12
07.8.1980;984;986;969;984;12
06.8.1980;980;988;974;980;12
05.8.1980;981;981;970;981;12
04.8.1980;979;992;978;979;12
01.8.1980;980;990;980;980;12
31.7.1980;992;992;992;992;12
30.7.1980;990;1022;990;990;12
29.7.1980;1018;1018;997;1018;12
28.7.1980;1001;1011;999;1001;12
25.7.1980;1010;1016;1006;1010;12
24.7.1980;1040;1050;1038;1040;12
23.7.1980;1052;1052;1048;1052;12
22.7.1980;1051;1056;1048;1051;12
21.7.1980;1048;1051;1047;1048;12
18.7.1980;1038;1042;1036;1038;12
17.7.1980;1041;1055;1041;1041;12
16.7.1980;1053;1062;1053;1053;12
15.7.1980;1060;1061;1044;1060;12
14.7.1980;1050;1052;1025;1050;12
11.7.1980;1022;1032;1017;1022;12
10.7.1980;1035;1037;1031;1035;12
09.7.1980;1038;1043;1032;1038;12
08.7.1980;1053;1055;1050;1053;12
07.7.1980;1042;1050;1037;1042;12
04.7.1980;1038;1056;1038;1038;12
03.7.1980;1048;1053;1043;1048;12
02.7.1980;1047;1049;1030;1047;12
01.7.1980;1035;1040;1005;1035;12
30.6.1980;1009;1035;1006;1009;12
27.6.1980;1050;1060;1041;1050;12
26.6.1980;1060;1079;1060;1060;12
25.6.1980;1091;1106;1085;1091;12
24.6.1980;1107;1109;1101;1107;12
23.6.1980;1102;1110;1098;1102;12
20.6.1980;1102;1115;1102;1102;12
19.6.1980;1107;1115;1105;1107;12
18.6.1980;1103;1105;1095;1103;12
17.6.1980;1107;1112;1099;1107;12
16.6.1980;1100;1102;1098;1100;12
13.6.1980;1082;1096;1080;1082;12
12.6.1980;1081;1132;1080;1081;12
11.6.1980;1118;1119;1095;1118;12
10.6.1980;1105;1109;1080;1105;12
09.6.1980;1092;1135;1088;1092;12
06.6.1980;1093;1104;1080;1093;12
05.6.1980;1078;1080;1064;1078;12
04.6.1980;1071;1076;1055;1071;12
03.6.1980;1052;1065;1030;1052;12
02.6.1980;1040;1054;1026;1040;12
30.5.1980;1131;1131;1131;1131;12
29.5.1980;1080;1090;1075;1080;12
28.5.1980;1045;1070;1045;1045;16
27.5.1980;1040;1065;1040;1040;46
23.5.1980;1067;1078;1067;1067;7
22.5.1980;1080;1088;1080;1080;24
21.5.1980;1080;1092;1080;1080;42
20.5.1980;1090;1138;1090;1090;30
19.5.1980;1159;1176;1155;1159;49
16.5.1980;1168;1169;1154;1168;21
15.5.1980;1165;1190;1158;1165;72
14.5.1980;1200;1200;1178;1200;47
13.5.1980;1192;1197;1189;1192;21
12.5.1980;1209;1222;1209;1209;40
09.5.1980;1205;1239;1205;1205;1.21 K
08.5.1980;1214;1225;1205;1214;95
07.5.1980;1194;1197;1170;1194;629
06.5.1980;1179;1195;1173;1179;160
02.5.1980;1175;1190;1175;1175;160
01.5.1980;1175;1198;1166;1175;343
30.4.1980;1210;1244;1205;1210;415
29.4.1980;1237;1240;1230;1237;130
28.4.1980;1243;1256;1238;1243;571
25.4.1980;1272;1292;1266;1272;295
24.4.1980;1256;1261;1245;1256;354
23.4.1980;1249;1252;1230;1249;559
22.4.1980;1254;1256;1235;1254;173
21.4.1980;1246;1266;1237;1246;687
18.4.1980;1275;1319;1270;1275;578
17.4.1980;1306;1329;1305;1306;277
16.4.1980;1320;1323;1310;1320;346
15.4.1980;1325;1337;1325;1325;346
14.4.1980;1333;1342;1328;1333;466
11.4.1980;1342;1375;1337;1342;491
10.4.1980;1376;1393;1368;1376;958
09.4.1980;1394;1410;1391;1394;355
08.4.1980;1405;1418;1404;1405;117
03.4.1980;1405;1408;1396;1405;228
02.4.1980;1388;1399;1388;1388;461
01.4.1980;1397;1411;1395;1397;390
31.3.1980;1403;1403;1403;1403;19
28.3.1980;1384;1390;1384;1384;19
27.3.1980;1391;1408;1391;1391;5
26.3.1980;1401;1415;1401;1401;12
25.3.1980;1424;1430;1419;1424;19
24.3.1980;1426;1426;1415;1426;31
21.3.1980;1405;1410;1397;1405;65
20.3.1980;1397;1400;1388;1397;1.39 K
19.3.1980;1393;1395;1390;1393;82
18.3.1980;1384;1384;1368;1384;91
17.3.1980;1377;1384;1375;1377;365
14.3.1980;1365;1366;1357;1365;66
13.3.1980;1355;1370;1355;1355;45
12.3.1980;1373;1383;1373;1373;27
11.3.1980;1372;1375;1365;1372;24
10.3.1980;1372;1380;1368;1372;217
07.3.1980;1365;1370;1361;1365;113
06.3.1980;1376;1400;1376;1376;272
05.3.1980;1393;1393;1370;1393;1.27 K
04.3.1980;1377;1380;1370;1377;1.16 K
03.3.1980;1377;1378;1328;1377;21
29.2.1980;1342;1355;1340;1342;1.35 K
28.2.1980;1359;1385;1359;1359;109
27.2.1980;1363;1370;1360;1363;733
26.2.1980;1383;1388;1370;1383;373
25.2.1980;1371;1380;1360;1371;247
22.2.1980;1362;1380;1355;1362;532
21.2.1980;1399;1407;1393;1399;440
20.2.1980;1403;1421;1390;1403;449
19.2.1980;1412;1463;1410;1412;501
18.2.1980;1451;1453;1445;1451;223
15.2.1980;1445;1477;1445;1445;381
14.2.1980;1479;1498;1470;1479;532
13.2.1980;1500;1520;1468;1500;961
12.2.1980;1468;1484;1464;1468;380
11.2.1980;1476;1478;1460;1476;379
08.2.1980;1472;1480;1466;1472;520
07.2.1980;1465;1476;1460;1465;535
06.2.1980;1480;1485;1470;1480;702
05.2.1980;1481;1496;1479;1481;672
04.2.1980;1482;1485;1465;1482;792
01.2.1980;1474;1477;1459;1474;400
31.1.1980;1468;1492;1466;1468;993
30.1.1980;1483;1490;1475;1483;757
29.1.1980;1474;1478;1465;1474;597
28.1.1980;1468;1470;1459;1468;
25.1.1980;1459;1460;1448;1459;
24.1.1980;1453;1457;1448;1453;
23.1.1980;1449;1455;1437;1449;
22.1.1980;1432;1442;1432;1432;
21.1.1980;1441;1456;1441;1441;
18.1.1980;1461;1467;1457;1461;
17.1.1980;1457;1462;1442;1457;
16.1.1980;1456;1475;1453;1456;
15.1.1980;1468;1471;1453;1468;
14.1.1980;1463;1485;1460;1463;
11.1.1980;1471;1474;1447;1471;
10.1.1980;1466;1470;1462;1466;
09.1.1980;1476;1482;1463;1476;
08.1.1980;1479;1480;1447;1479;
07.1.1980;1437;1444;1429;1437;
04.1.1980;1437;1448;1424;1437;
03.1.1980;1444;1445;1425;1444;
02.1.1980;1418;1470;1415;1418;
31.12.1979;1446;1488;1445;1446;
28.12.1979;1436;1455;1432;1436;
27.12.1979;1462;1475;1462;1462;
21.12.1979;1475;1483;1470;1475;
20.12.1979;1472;1509;1471;1472;
19.12.1979;1501;1535;1501;1501;
18.12.1979;1535;1540;1525;1535;
17.12.1979;1523;1523;1490;1523;
14.12.1979;1477;1497;1477;1477;
13.12.1979;1487;1498;1487;1487;
12.12.1979;1496;1510;1496;1496;
11.12.1979;1499;1500;1485;1499;
10.12.1979;1482;1487;1470;1482;
07.12.1979;1462;1482;1462;1462;
06.12.1979;1485;1495;1482;1485;
05.12.1979;1481;1484;1464;1481;
04.12.1979;1477;1515;1477;1477;
03.12.1979;1516;1522;1501;1516;
30.11.1979;1510;1540;1510;1510;
29.11.1979;1517;1520;1495;1517;
28.11.1979;1525;1535;1515;1525;
27.11.1979;1526;1532;1510;1526;
26.11.1979;1510;1515;1484;1510;
23.11.1979;1467;1480;1450;1467;
22.11.1979;1444;1451;1440;1444;
21.11.1979;1435;1458;1434;1435;
20.11.1979;1430;1433;1404;1430;
19.11.1979;1391;1397;1380;1391;
16.11.1979;1399;1405;1380;1399;
15.11.1979;1404;1429;1400;1404;
14.11.1979;1425;1475;1423;1425;
13.11.1979;1460;1470;1451;1460;
12.11.1979;1450;1470;1444;1450;
09.11.1979;1451;1462;1440;1451;
08.11.1979;1445;1461;1445;1445;
07.11.1979;1452;1465;1434;1452;
06.11.1979;1450;1459;1396;1450;
05.11.1979;1395;1400;1376;1395;
02.11.1979;1391;1416;1391;1391;
01.11.1979;1418;1420;1397;1418;
31.10.1979;1412;1415;1368;1412;
30.10.1979;1360;1379;1341;1360;
29.10.1979;1372;1397;1372;1372;
26.10.1979;1380;1384;1355;1380;
25.10.1979;1370;1415;1355;1370;
24.10.1979;1432;1438;1425;1432;
23.10.1979;1438;1438;1425;1438;
22.10.1979;1439;1462;1430;1439;
19.10.1979;1424;1430;1409;1424;
18.10.1979;1393;1421;1391;1393;
17.10.1979;1398;1413;1390;1398;
16.10.1979;1436;1438;1407;1436;
15.10.1979;1422;1445;1421;1422;
12.10.1979;1443;1486;1442;1443;
11.10.1979;1474;1503;1470;1474;
10.10.1979;1517;1545;1517;1517;
09.10.1979;1523;1526;1498;1523;
08.10.1979;1507;1510;1486;1507;
05.10.1979;1494;1502;1470;1494;
04.10.1979;1478;1530;1476;1478;
03.10.1979;1516;1550;1510;1516;
02.10.1979;1543;1570;1530;1543;
01.10.1979;1547;1550;1512;1547;
28.9.1979;1482;1482;1482;1482;
27.9.1979;1455;1455;1435;1455;
26.9.1979;1450;1485;1450;1450;
25.9.1979;1477;1480;1441;1477;
24.9.1979;1435;1435;1420;1435;
21.9.1979;1408;1420;1403;1408;
20.9.1979;1427;1464;1426;1427;
19.9.1979;1459;1464;1459;1459;
18.9.1979;1472;1480;1472;1472;
17.9.1979;1456;1467;1450;1456;
14.9.1979;1467;1475;1462;1467;
13.9.1979;1445;1446;1423;1445;
12.9.1979;1413;1416;1401;1413;
11.9.1979;1416;1422;1405;1416;
10.9.1979;1395;1400;1385;1395;
07.9.1979;1377;1384;1355;1377;
06.9.1979;1355;1355;1344;1355;
05.9.1979;1352;1355;1340;1352;
04.9.1979;1337;1341;1321;1337;
03.9.1979;1321;1337;1320;1321;
31.8.1979;1325;1350;1324;1325;
30.8.1979;1315;1344;1315;1315;
29.8.1979;1336;1356;1325;1336;
28.8.1979;1358;1391;1358;1358;
24.8.1979;1400;1422;1398;1400;
23.8.1979;1405;1412;1390;1405;
22.8.1979;1402;1421;1390;1402;
21.8.1979;1396;1400;1370;1396;
20.8.1979;1382;1422;1378;1382;
17.8.1979;1415;1420;1379;1415;
16.8.1979;1362;1369;1347;1362;
15.8.1979;1379;1414;1379;1379;
14.8.1979;1385;1389;1366;1385;
13.8.1979;1347;1348;1330;1347;
10.8.1979;1355;1360;1335;1355;
09.8.1979;1370;1386;1361;1370;
08.8.1979;1408;1434;1405;1408;
07.8.1979;1438;1441;1400;1438;
06.8.1979;1396;1400;1377;1396;
03.8.1979;1372;1374;1348;1372;
02.8.1979;1361;1367;1347;1361;
01.8.1979;1379;1411;1375;1379;
31.7.1979;1322;1322;1322;1322;
30.7.1979;1295;1309;1290;1295;
27.7.1979;1315;1315;1300;1315;
26.7.1979;1290;1299;1290;1290;
25.7.1979;1310;1330;1310;1310;
24.7.1979;1338;1360;1338;1338;
23.7.1979;1371;1400;1371;1371;
20.7.1979;1401;1401;1394;1401;
19.7.1979;1380;1398;1377;1380;
18.7.1979;1395;1436;1395;1395;
17.7.1979;1405;1412;1382;1405;
16.7.1979;1395;1400;1390;1395;
13.7.1979;1400;1435;1399;1400;
12.7.1979;1419;1424;1410;1419;
11.7.1979;1401;1462;1400;1401;
10.7.1979;1462;1467;1450;1462;
09.7.1979;1437;1452;1435;1437;
06.7.1979;1430;1475;1430;1430;
05.7.1979;1492;1502;1478;1492;
04.7.1979;1488;1497;1480;1488;
03.7.1979;1495;1539;1492;1495;
02.7.1979;1557;1595;1556;1557;
29.6.1979;1615;1620;1594;1615;
28.6.1979;1594;1598;1578;1594;
27.6.1979;1590;1600;1568;1590;
26.6.1979;1560;1568;1545;1560;
25.6.1979;1566;1584;1560;1566;
22.6.1979;1596;1600;1586;1596;
21.6.1979;1593;1600;1571;1593;
20.6.1979;1588;1612;1583;1588;
19.6.1979;1617;1620;1590;1617;
18.6.1979;1620;1664;1620;1620;
15.6.1979;1660;1679;1650;1660;
14.6.1979;1649;1663;1628;1649;
13.6.1979;1659;1670;1650;1659;
12.6.1979;1655;1715;1651;1655;
11.6.1979;1716;1730;1708;1716;
08.6.1979;1708;1721;1708;1708;
07.6.1979;1700;1703;1690;1700;
06.6.1979;1699;1713;1697;1699;
05.6.1979;1713;1728;1705;1713;
04.6.1979;1688;1697;1660;1688;
01.6.1979;1652;1665;1651;1652;
31.5.1979;1720;1720;1720;1720;
30.5.1979;1725;1759;1725;1725;
29.5.1979;1773;1780;1767;1773;
25.5.1979;1776;1780;1770;1776;
24.5.1979;1776;1783;1758;1776;
23.5.1979;1740;1755;1740;1740;
22.5.1979;1755;1775;1755;1755;
21.5.1979;1743;1747;1730;1743;
18.5.1979;1714;1715;1685;1714;
17.5.1979;1672;1675;1661;1672;
16.5.1979;1658;1659;1651;1658;
15.5.1979;1661;1680;1658;1661;
14.5.1979;1640;1647;1638;1640;
11.5.1979;1628;1642;1625;1628;
10.5.1979;1638;1640;1630;1638;
09.5.1979;1630;1634;1600;1630;
08.5.1979;1593;1595;1569;1593;
04.5.1979;1585;1600;1583;1585;
03.5.1979;1611;1630;1600;1611;
02.5.1979;1634;1655;1633;1634;
01.5.1979;1643;1662;1642;1643;
30.4.1979;1636;1645;1627;1636;
27.4.1979;1631;1644;1624;1631;
26.4.1979;1628;1630;1615;1628;
25.4.1979;1620;1650;1615;1620;
24.4.1979;1644;1665;1635;1644;
23.4.1979;1656;1685;1635;1656;
20.4.1979;1650;1680;1579;1650;
19.4.1979;1593;1610;1585;1593;
18.4.1979;1578;1581;1547;1578;
17.4.1979;1552;1571;1534;1552;
12.4.1979;1573;1577;1563;1573;
11.4.1979;1565;1572;1556;1565;
10.4.1979;1560;1579;1555;1560;
09.4.1979;1580;1599;1577;1580;
06.4.1979;1593;1618;1592;1593;
05.4.1979;1625;1640;1624;1625;
04.4.1979;1635;1637;1614;1635;
03.4.1979;1627;1647;1626;1627;
02.4.1979;1654;1663;1649;1654;
30.3.1979;1650;1650;1650;1650;
29.3.1979;1656;1659;1653;1656;
28.3.1979;1650;1655;1648;1650;
27.3.1979;1640;1656;1640;1640;
26.3.1979;1648;1648;1640;1648;
23.3.1979;1650;1657;1648;1650;
22.3.1979;1653;1654;1636;1653;
21.3.1979;1636;1645;1636;1636;
20.3.1979;1649;1677;1647;1649;
19.3.1979;1660;1666;1647;1660;
16.3.1979;1660;1665;1641;1660;
15.3.1979;1645;1655;1630;1645;
14.3.1979;1635;1715;1635;1635;
13.3.1979;1716;1725;1714;1716;
12.3.1979;1718;1720;1700;1718;
09.3.1979;1723;1725;1711;1723;
08.3.1979;1708;1710;1683;1708;
07.3.1979;1680;1700;1676;1680;
06.3.1979;1690;1690;1664;1690;
05.3.1979;1682;1692;1669;1682;
02.3.1979;1705;1728;1704;1705;
01.3.1979;1720;1745;1720;1720;
28.2.1979;1761;1765;1742;1761;
27.2.1979;1766;1775;1755;1766;
26.2.1979;1762;1775;1746;1762;
23.2.1979;1789;1795;1750;1789;
22.2.1979;1743;1749;1723;1743;
21.2.1979;1720;1746;1715;1720;
20.2.1979;1734;1795;1728;1734;
19.2.1979;1786;1788;1740;1786;
16.2.1979;1745;1758;1738;1745;
15.2.1979;1750;1762;1732;1750;
14.2.1979;1728;1748;1707;1728;
13.2.1979;1716;1759;1710;1716;
12.2.1979;1788;1850;1786;1788;
09.2.1979;1789;1795;1760;1789;
08.2.1979;1742;1745;1716;1742;
07.2.1979;1698;1715;1680;1698;
06.2.1979;1737;1750;1687;1737;
05.2.1979;1692;1694;1660;1692;
02.2.1979;1675;1705;1673;1675;
01.2.1979;1686;1690;1664;1686;
31.1.1979;1693;1745;1682;1693;
30.1.1979;1736;1759;1721;1736;
29.1.1979;1741;1759;1708;1741;
26.1.1979;1719;1742;1705;1719;
25.1.1979;1726;1752;1721;1726;
24.1.1979;1751;1790;1746;1751;
23.1.1979;1789;1817;1789;1789;
22.1.1979;1803;1806;1782;1803;
19.1.1979;1786;1820;1783;1786;
18.1.1979;1816;1816;1775;1816;
17.1.1979;1805;1838;1800;1805;
16.1.1979;1841;1860;1828;1841;
15.1.1979;1860;1870;1842;1860;
12.1.1979;1878;1956;1875;1878;
11.1.1979;1944;1955;1928;1944;
10.1.1979;1930;1930;1912;1930;
09.1.1979;1916;1918;1895;1916;
08.1.1979;1930;1968;1925;1930;
05.1.1979;1951;1955;1940;1951;
04.1.1979;1945;1949;1910;1945;
03.1.1979;1905;1938;1904;1905;
02.1.1979;1936;1985;1932;1936;
29.12.1978;1971;2008;1967;1971;
28.12.1978;1957;1960;1920;1957;
27.12.1978;1923;1928;1912;1923;
22.12.1978;1888;1902;1888;1888;
21.12.1978;1905;1935;1905;1905;
20.12.1978;1920;1953;1920;1920;
19.12.1978;1937;1954;1934;1937;
18.12.1978;1945;1983;1944;1945;
15.12.1978;1985;2004;1978;1985;
14.12.1978;1965;1970;1960;1965;
13.12.1978;1972;2007;1972;1972;
12.12.1978;1990;2005;1986;1990;
11.12.1978;2010;2020;2010;2010;
08.12.1978;2010;2035;2008;2010;
07.12.1978;2050;2054;2036;2050;
06.12.1978;2031;2054;2031;2031;
05.12.1978;2040;2100;2040;2040;
04.12.1978;2060;2075;2055;2060;
01.12.1978;2056;2088;2047;2056;
30.11.1978;2085;2120;2080;2085;
29.11.1978;2115;2120;2085;2115;
28.11.1978;2145;2157;2142;2145;
27.11.1978;2157;2167;2140;2157;
24.11.1978;2130;2135;2119;2130;
23.11.1978;2095;2097;2075;2095;
22.11.1978;2085;2117;2075;2085;
21.11.1978;2100;2116;2093;2100;
20.11.1978;2118;2130;2100;2118;
17.11.1978;2090;2100;2083;2090;
16.11.1978;2102;2110;2087;2102;
15.11.1978;2086;2095;2050;2086;
14.11.1978;2035;2040;2005;2035;
13.11.1978;2026;2040;2010;2026;
10.11.1978;2005;2042;1990;2005;
09.11.1978;1985;2030;1985;1985;
08.11.1978;2020;2037;2005;2020;
07.11.1978;1995;1996;1958;1995;
06.11.1978;1960;1972;1955;1960;
03.11.1978;1962;1971;1953;1962;
02.11.1978;1965;1971;1955;1965;
01.11.1978;1947;1966;1934;1947;
31.10.1978;1959;1990;1940;1959;
30.10.1978;1975;1985;1955;1975;
27.10.1978;1959;1968;1950;1959;
26.10.1978;1974;2015;1970;1974;
25.10.1978;2003;2030;1995;2003;
24.10.1978;2011;2015;1980;2011;
23.10.1978;2011;2030;1995;2011;
20.10.1978;1967;1975;1935;1967;
19.10.1978;1960;1960;1934;1960;
18.10.1978;1918;1919;1880;1918;
17.10.1978;1880;1891;1877;1880;
16.10.1978;1897;1912;1895;1897;
13.10.1978;1905;1908;1895;1905;
12.10.1978;1902;1910;1880;1902;
11.10.1978;1889;1905;1867;1889;
10.10.1978;1908;1940;1905;1908;
09.10.1978;1932;1940;1932;1932;
06.10.1978;1938;1943;1925;1938;
05.10.1978;1925;1965;1920;1925;
04.10.1978;1955;1973;1953;1955;
03.10.1978;1979;1979;1955;1979;
02.10.1978;1947;1947;1933;1947;
29.9.1978;1898;1920;1891;1898;
28.9.1978;1900;1930;1900;1900;
27.9.1978;1932;1953;1932;1932;
26.9.1978;1969;1985;1962;1969;
25.9.1978;1980;1980;1965;1980;
22.9.1978;1964;1985;1952;1964;
21.9.1978;1977;1977;1955;1977;
20.9.1978;1970;1971;1945;1970;
19.9.1978;1980;2020;1980;1980;
18.9.1978;2029;2040;2008;2029;
15.9.1978;1995;2024;1993;1995;
14.9.1978;2032;2035;2025;2032;
13.9.1978;2025;2039;2020;2025;
12.9.1978;2041;2045;2012;2041;
11.9.1978;2015;2040;2010;2015;
08.9.1978;2013;2015;1995;2013;
07.9.1978;1988;1995;1955;1988;
06.9.1978;1939;1941;1896;1939;
05.9.1978;1917;1935;1907;1917;
04.9.1978;1928;1938;1917;1928;
01.9.1978;1915;1932;1898;1915;
31.8.1978;1895;1898;1865;1895;
30.8.1978;1850;1856;1825;1850;
29.8.1978;1825;1830;1770;1825;
25.8.1978;1792;1806;1788;1792;
24.8.1978;1801;1815;1789;1801;
23.8.1978;1800;1805;1780;1800;
22.8.1978;1774;1775;1762;1774;
21.8.1978;1756;1786;1750;1756;
18.8.1978;1812;1835;1807;1812;
17.8.1978;1833;1838;1822;1833;
16.8.1978;1824;1833;1812;1824;
15.8.1978;1835;1848;1827;1835;
14.8.1978;1824;1829;1820;1824;
11.8.1978;1818;1825;1812;1818;
10.8.1978;1826;1840;1825;1826;
09.8.1978;1832;1832;1815;1832;
08.8.1978;1809;1827;1795;1809;
07.8.1978;1792;1794;1785;1792;
04.8.1978;1786;1793;1779;1786;
03.8.1978;1790;1800;1776;1790;
02.8.1978;1776;1796;1774;1776;
01.8.1978;1785;1814;1777;1785;
31.7.1978;1795;1815;1770;1795;
28.7.1978;1766;1780;1740;1766;
27.7.1978;1731;1738;1727;1731;
26.7.1978;1725;1742;1725;1725;
25.7.1978;1745;1759;1731;1745;
24.7.1978;1735;1745;1725;1735;
21.7.1978;1750;1770;1745;1750;
20.7.1978;1770;1775;1770;1770;
19.7.1978;1778;1778;1728;1778;
18.7.1978;1713;1755;1712;1713;
17.7.1978;1718;1720;1683;1718;
14.7.1978;1686;1686;1670;1686;
13.7.1978;1683;1724;1681;1683;
12.7.1978;1719;1767;1716;1719;
11.7.1978;1730;1740;1728;1730;
10.7.1978;1738;1742;1713;1738;
07.7.1978;1715;1750;1700;1715;
06.7.1978;1740;1816;1738;1740;
05.7.1978;1805;1840;1800;1805;
04.7.1978;1831;1850;1831;1831;
03.7.1978;1854;1900;1840;1854;
30.6.1978;1839;1850;1820;1839;
29.6.1978;1835;1850;1835;1835;
28.6.1978;1852;1868;1826;1852;
27.6.1978;1834;1849;1818;1834;
26.6.1978;1851;1855;1800;1851;
23.6.1978;1811;1865;1799;1811;
22.6.1978;1855;1858;1795;1855;
21.6.1978;1794;1870;1780;1794;
20.6.1978;1825;1833;1784;1825;
19.6.1978;1792;1800;1700;1792;
16.6.1978;1723;1743;1714;1723;
15.6.1978;1725;1731;1699;1725;
14.6.1978;1696;1708;1690;1696;
13.6.1978;1698;1710;1687;1698;
12.6.1978;1683;1705;1670;1683;
09.6.1978;1680;1690;1675;1680;
08.6.1978;1704;1730;1691;1704;
07.6.1978;1707;1710;1655;1707;
06.6.1978;1671;1683;1651;1671;
05.6.1978;1664;1668;1640;1664;
02.6.1978;1680;1728;1678;1680;
01.6.1978;1698;1717;1686;1698;
31.5.1978;1815;1815;1755;1815;
30.5.1978;1800;1840;1800;1800;
26.5.1978;1831;1885;1830;1831;
25.5.1978;1860;1865;1838;1860;
24.5.1978;1840;1845;1820;1840;
23.5.1978;1821;1850;1820;1821;
22.5.1978;1830;1873;1830;1830;
19.5.1978;1835;1860;1825;1835;
18.5.1978;1825;1897;1825;1825;
17.5.1978;1896;1910;1870;1896;
16.5.1978;1910;1970;1905;1910;
15.5.1978;1950;1965;1902;1950;
12.5.1978;1910;1935;1905;1910;
11.5.1978;1918;1960;1915;1918;
10.5.1978;1930;2005;1925;1930;
09.5.1978;2005;2035;2005;2005;
08.5.1978;2030;2050;2015;2030;
05.5.1978;2035;2075;2035;2035;
04.5.1978;2067;2095;2050;2067;
03.5.1978;2052;2079;2050;2052;
02.5.1978;2061;2064;2020;2061;
28.4.1978;2044;2065;2030;2044;
27.4.1978;2095;2105;2072;2095;
26.4.1978;2095;2100;2079;2095;
25.4.1978;2078;2170;2076;2078;
24.4.1978;2125;2130;2055;2125;
21.4.1978;2045;2085;2030;2045;
20.4.1978;2047;2073;2020;2047;
19.4.1978;2035;2045;1978;2035;
18.4.1978;2018;2047;2010;2018;
17.4.1978;2075;2095;2070;2075;
14.4.1978;2071;2118;2060;2071;
13.4.1978;2076;2120;2034;2076;
12.4.1978;2041;2105;2035;2041;
11.4.1978;2083;2085;1950;2083;
10.4.1978;1948;1962;1925;1948;
07.4.1978;1962;1995;1920;1962;
06.4.1978;1975;2025;1934;1975;
05.4.1978;1971;1980;1910;1971;
04.4.1978;1950;2015;1941;1950;
03.4.1978;1995;2055;1980;1995;
31.3.1978;2160;2280;2160;2160;
30.3.1978;2191;2224;2090;2191;
29.3.1978;2181;2270;2125;2181;
28.3.1978;2270;2285;2225;2270;
23.3.1978;2123;2140;2054;2123;
22.3.1978;2010;2015;1970;2010;
21.3.1978;1940;1975;1915;1940;
20.3.1978;1956;2030;1955;1956;
17.3.1978;2001;2068;2001;2001;
16.3.1978;2000;2027;1990;2000;
15.3.1978;1965;1975;1918;1965;
14.3.1978;2012;2075;2005;2012;
13.3.1978;2040;2051;1930;2040;
10.3.1978;1920;1925;1890;1920;
09.3.1978;1900;1909;1820;1900;
08.3.1978;1830;1860;1810;1830;
07.3.1978;1820;1895;1805;1820;
06.3.1978;1855;1870;1755;1855;
03.3.1978;1750;1860;1748;1750;
02.3.1978;1875;1886;1730;1875;
01.3.1978;1710;1715;1655;1710;
28.2.1978;1700;1738;1662;1700;
27.2.1978;1710;1725;1680;1710;
24.2.1978;1655;1680;1615;1655;
23.2.1978;1608;1614;1550;1608;
22.2.1978;1563;1580;1554;1563;
21.2.1978;1560;1561;1538;1560;
20.2.1978;1540;1545;1525;1540;
17.2.1978;1538;1544;1530;1538;
16.2.1978;1529;1532;1513;1529;
15.2.1978;1528;1544;1513;1528;
14.2.1978;1545;1589;1542;1545;
13.2.1978;1594;1610;1580;1594;
10.2.1978;1613;1615;1582;1613;
09.2.1978;1592;1596;1552;1592;
08.2.1978;1564;1568;1540;1564;
07.2.1978;1554;1575;1542;1554;
06.2.1978;1567;1570;1525;1567;
03.2.1978;1532;1578;1528;1532;
02.2.1978;1552;1560;1535;1552;
01.2.1978;1550;1555;1522;1550;
31.1.1978;1560;1589;1550;1560;
30.1.1978;1574;1583;1508;1574;
27.1.1978;1505;1540;1500;1505;
26.1.1978;1537;1584;1535;1537;
25.1.1978;1547;1574;1537;1547;
24.1.1978;1557;1564;1523;1557;
23.1.1978;1563;1591;1559;1563;
20.1.1978;1596;1615;1595;1596;
19.1.1978;1628;1673;1621;1628;
18.1.1978;1661;1677;1645;1661;
17.1.1978;1690;1690;1674;1690;
16.1.1978;1700;1750;1698;1700;
13.1.1978;1738;1744;1730;1738;
12.1.1978;1742;1768;1735;1742;
11.1.1978;1748;1768;1735;1748;
10.1.1978;1732;1735;1712;1732;
09.1.1978;1721;1722;1692;1721;
06.1.1978;1706;1762;1705;1706;
05.1.1978;1756;1780;1750;1756;
04.1.1978;1761;1770;1740;1761;
03.1.1978;1753;1755;1727;1753;
30.12.1977;1770;1770;1770;1770;
29.12.1977;1770;1825;1770;1770;
23.12.1977;1855;1875;1850;1855;
22.12.1977;1846;1970;1846;1846;
21.12.1977;1980;2010;1980;1980;
20.12.1977;2029;2065;2025;2029;
19.12.1977;2070;2085;2070;2070;
16.12.1977;2065;2100;2060;2065;
15.12.1977;2091;2110;2080;2091;
14.12.1977;2126;2131;2050;2126;
13.12.1977;2147;2170;2142;2147;
12.12.1977;2139;2140;2057;2139;
09.12.1977;2065;2066;2057;2065;
08.12.1977;2055;2070;2050;2055;
07.12.1977;2069;2072;2055;2069;
06.12.1977;2062;2071;2055;2062;
05.12.1977;2063;2071;2040;2063;
02.12.1977;2060;2065;2050;2060;
01.12.1977;2053;2078;2015;2053;
30.11.1977;2085;2100;2010;2085;
29.11.1977;2042;2125;2010;2042;
28.11.1977;2108;2175;2090;2108;
25.11.1977;2138;2200;2110;2138;
24.11.1977;2175;2350;2170;2175;
23.11.1977;2354;2369;2330;2354;
22.11.1977;2326;2335;2295;2326;
21.11.1977;2281;2315;2270;2281;
18.11.1977;2280;2485;2275;2280;
17.11.1977;2508;2512;2480;2508;
16.11.1977;2506;2540;2500;2506;
15.11.1977;2536;2550;2500;2536;
14.11.1977;2515;2560;2464;2515;
11.11.1977;2514;2540;2510;2514;
10.11.1977;2534;2555;2485;2534;
09.11.1977;2471;2475;2450;2471;
08.11.1977;2469;2490;2465;2469;
07.11.1977;2462;2510;2462;2462;
04.11.1977;2476;2546;2476;2476;
03.11.1977;2525;2540;2485;2525;
02.11.1977;2437;2505;2435;2437;
01.11.1977;2463;2490;2405;2463;
31.10.1977;2422;2442;2375;2422;
28.10.1977;2415;2460;2400;2415;
27.10.1977;2385;2446;2380;2385;
26.10.1977;2448;2480;2426;2448;
25.10.1977;2466;2548;2463;2466;
24.10.1977;2507;2525;2430;2507;
21.10.1977;2422;2430;2385;2422;
20.10.1977;2383;2410;2370;2383;
19.10.1977;2384;2450;2370;2384;
18.10.1977;2410;2429;2385;2410;
17.10.1977;2395;2415;2315;2395;
14.10.1977;2355;2425;2350;2355;
13.10.1977;2380;2425;2375;2380;
12.10.1977;2370;2470;2360;2370;
11.10.1977;2475;2545;2460;2475;
10.10.1977;2535;2549;2510;2535;
07.10.1977;2491;2515;2465;2491;
06.10.1977;2465;2500;2450;2465;
05.10.1977;2510;2575;2492;2510;
04.10.1977;2555;2630;2550;2555;
03.10.1977;2618;2625;2470;2618;
30.9.1977;3390;3390;3200;3390;
29.9.1977;3250;3272;3200;3250;
28.9.1977;3150;3170;3030;3150;
27.9.1977;3099;3100;3030;3099;
26.9.1977;3035;3080;3020;3035;
23.9.1977;2980;3025;2868;2980;
22.9.1977;2860;2860;2790;2860;
21.9.1977;2795;2802;2780;2795;
20.9.1977;2800;2810;2790;2800;
19.9.1977;2756;2780;2755;2756;
16.9.1977;2770;2790;2765;2770;
15.9.1977;2825;2875;2825;2825;
14.9.1977;2840;2840;2790;2840;
13.9.1977;2798;2840;2790;2798;
12.9.1977;2815;2830;2780;2815;
09.9.1977;2758;2758;2695;2758;
08.9.1977;2665;2681;2650;2665;
07.9.1977;2700;2700;2655;2700;
06.9.1977;2701;2785;2700;2701;
05.9.1977;2785;2820;2780;2785;
02.9.1977;2828;2830;2735;2828;
01.9.1977;2726;2735;2685;2726;
31.8.1977;2705;2765;2700;2705;
30.8.1977;2685;2690;2610;2685;
26.8.1977;2631;2677;2625;2631;
25.8.1977;2657;2685;2650;2657;
24.8.1977;2675;2690;2570;2675;
23.8.1977;2566;2611;2560;2566;
22.8.1977;2564;2645;2560;2564;
19.8.1977;2664;2670;2654;2664;
18.8.1977;2656;2679;2645;2656;
17.8.1977;2635;2660;2621;2635;
16.8.1977;2635;2710;2625;2635;
15.8.1977;2740;2780;2730;2740;
12.8.1977;2735;2770;2660;2735;
11.8.1977;2652;2690;2635;2652;
10.8.1977;2705;2710;2615;2705;
09.8.1977;2650;2750;2650;2650;
08.8.1977;2720;2730;2630;2720;
05.8.1977;2660;2738;2650;2660;
04.8.1977;2700;2790;2695;2700;
03.8.1977;2750;2815;2735;2750;
02.8.1977;2855;2924;2845;2855;
01.8.1977;2865;2920;2865;2865;
29.7.1977;2910;2910;2910;2910;
28.7.1977;2826;2826;2690;2826;
27.7.1977;2768;2880;2765;2768;
26.7.1977;2895;2920;2880;2895;
25.7.1977;2910;3020;2880;2910;
22.7.1977;3020;3135;3020;3020;
21.7.1977;3120;3145;3050;3120;
20.7.1977;3105;3330;3105;3105;
19.7.1977;3310;3338;3300;3310;
18.7.1977;3400;3410;3375;3400;
15.7.1977;3371;3375;3240;3371;
14.7.1977;3232;3265;3190;3232;
13.7.1977;3292;3370;3290;3292;
12.7.1977;3305;3315;3200;3305;
11.7.1977;3125;3130;3000;3125;
08.7.1977;2966;2980;2940;2966;
07.7.1977;2940;2960;2920;2940;
06.7.1977;2950;3010;2940;2950;
05.7.1977;2977;2985;2950;2977;
04.7.1977;2950;2965;2940;2950;
01.7.1977;3001;3040;2990;3001;
30.6.1977;3017;3055;2980;3017;
29.6.1977;2955;2975;2935;2955;
28.6.1977;2975;2990;2910;2975;
27.6.1977;2912;2960;2900;2912;
24.6.1977;2998;3025;2980;2998;
23.6.1977;2990;3000;2955;2990;
22.6.1977;2942;3010;2910;2942;
21.6.1977;2969;2975;2830;2969;
20.6.1977;2871;2905;2775;2871;
17.6.1977;2810;2880;2805;2810;
16.6.1977;2897;2990;2860;2897;
15.6.1977;3014;3060;2980;3014;
14.6.1977;2985;3000;2855;2985;
13.6.1977;2935;3035;2860;2935;
10.6.1977;3007;3030;2945;3007;
09.6.1977;2982;3050;2937;2982;
08.6.1977;2957;3005;2925;2957;
03.6.1977;2925;2955;2900;2925;
02.6.1977;2845;2895;2790;2845;
01.6.1977;2747;2879;2746;2747;
31.5.1977;3350;3350;3350;3350;
30.5.1977;3175;3195;3155;3175;
27.5.1977;3170;3190;3120;3170;
26.5.1977;3175;3205;3140;3175;
25.5.1977;3060;3082;2950;3060;
24.5.1977;2911;3111;2911;2911;
23.5.1977;3110;3210;3075;3110;
20.5.1977;3111;3131;2880;3111;
19.5.1977;2820;2915;2785;2820;
18.5.1977;2755;2760;2565;2755;
17.5.1977;2580;2585;2525;2580;
16.5.1977;2508;2510;2430;2508;
13.5.1977;2426;2434;2380;2426;
12.5.1977;2395;2410;2360;2395;
11.5.1977;2315;2335;2250;2315;
10.5.1977;2260;2317;2260;2260;
09.5.1977;2286;2342;2245;2286;
06.5.1977;2298;2351;2295;2298;
05.5.1977;2361;2450;2361;2361;
04.5.1977;2405;2425;2400;2405;
03.5.1977;2452;2481;2441;2452;
02.5.1977;2460;2485;2440;2460;
29.4.1977;2468;2485;2393;2468;
28.4.1977;2389;2450;2345;2389;
27.4.1977;2379;2390;2260;2379;
26.4.1977;2286;2300;2250;2286;
25.4.1977;2266;2310;2250;2266;
22.4.1977;2285;2325;2266;2285;
21.4.1977;2306;2340;2280;2306;
20.4.1977;2286;2330;2222;2286;
19.4.1977;2273;2345;2245;2273;
18.4.1977;2296;2315;2225;2296;
15.4.1977;2280;2385;2265;2280;
14.4.1977;2360;2385;2310;2360;
13.4.1977;2325;2390;2300;2325;
12.4.1977;2380;2580;2370;2380;
07.4.1977;2456;2465;2345;2456;
06.4.1977;2362;2370;2324;2362;
05.4.1977;2266;2270;2165;2266;
04.4.1977;2204;2225;2185;2204;
01.4.1977;2270;2300;2250;2270;
31.3.1977;2340;2340;2340;2340;
30.3.1977;2380;2435;2380;2380;
29.3.1977;2345;2390;2340;2345;
28.3.1977;2420;2450;2400;2420;
25.3.1977;2426;2460;2405;2426;
24.3.1977;2500;2515;2460;2500;
23.3.1977;2520;2545;2500;2520;
22.3.1977;2540;2685;2540;2540;
21.3.1977;2720;2740;2695;2720;
18.3.1977;2740;2760;2660;2740;
17.3.1977;2718;2725;2679;2718;
16.3.1977;2610;2660;2600;2610;
15.3.1977;2660;2675;2565;2660;
14.3.1977;2405;2450;2365;2405;
11.3.1977;2310;2355;2150;2310;
10.3.1977;2090;2485;2090;2090;
09.3.1977;2620;2700;2615;2620;
08.3.1977;2725;2840;2710;2725;
07.3.1977;2837;2840;2770;2837;
04.3.1977;2665;2715;2640;2665;
03.3.1977;2705;2745;2700;2705;
02.3.1977;2702;2702;2565;2702;
01.3.1977;2641;2647;2570;2641;
28.2.1977;2542;2565;2485;2542;
25.2.1977;2558;2570;2508;2558;
24.2.1977;2470;2470;2410;2470;
23.2.1977;2386;2388;2320;2386;
22.2.1977;2325;2368;2295;2325;
21.2.1977;2300;2306;2275;2300;
18.2.1977;2315;2315;2240;2315;
17.2.1977;2310;2420;2305;2310;
16.2.1977;2458;2475;2400;2458;
15.2.1977;2375;2380;2348;2375;
14.2.1977;2339;2365;2305;2339;
11.2.1977;2381;2485;2375;2381;
10.2.1977;2463;2525;2460;2463;
09.2.1977;2503;2505;2440;2503;
08.2.1977;2471;2508;2468;2471;
07.2.1977;2476;2490;2418;2476;
04.2.1977;2428;2450;2407;2428;
03.2.1977;2402;2442;2397;2402;
02.2.1977;2384;2395;2333;2384;
01.2.1977;2367;2387;2353;2367;
31.1.1977;2380;2392;2350;2380;
28.1.1977;2346;2365;2290;2346;
27.1.1977;2316;2343;2301;2316;
26.1.1977;2302;2312;2245;2302;
25.1.1977;2255;2270;2175;2255;
24.1.1977;2199;2254;2193;2199;
21.1.1977;2223;2228;2175;2223;
20.1.1977;2145;2198;2143;2145;
19.1.1977;2173;2240;2173;2173;
18.1.1977;2210;2230;2195;2210;
17.1.1977;2260;2298;2242;2260;
14.1.1977;2228;2231;2170;2228;
13.1.1977;2183;2193;2145;2183;
12.1.1977;2183;2195;2130;2183;
11.1.1977;2149;2151;2091;2149;
10.1.1977;2121;2125;2054;2121;
07.1.1977;2023;2025;1970;2023;
06.1.1977;1954;1985;1950;1954;
05.1.1977;1967;1980;1958;1967;
04.1.1977;1949;1955;1895;1949;
31.12.1976;1980;2000;1973;1980;
30.12.1976;2000;2073;2000;2000;
29.12.1976;2060;2075;2055;2060;
24.12.1976;2083;2095;2080;2083;
23.12.1976;2116;2127;2104;2116;
22.12.1976;2147;2168;2145;2147;
21.12.1976;2109;2115;2097;2109;
20.12.1976;2096;2103;2070;2096;
17.12.1976;2062;2065;2042;2062;
16.12.1976;2029;2050;2020;2029;
15.12.1976;2023;2050;1975;2023;
14.12.1976;2030;2058;2020;2030;
13.12.1976;1960;2035;1960;1960;
10.12.1976;2066;2075;2051;2066;
09.12.1976;2028;2066;2010;2028;
08.12.1976;2065;2070;2000;2065;
07.12.1976;1985;2045;1985;1985;
06.12.1976;2069;2072;2023;2069;
03.12.1976;2012;2020;1962;2012;
02.12.1976;1931;1935;1895;1931;
01.12.1976;1868;1886;1842;1868;
30.11.1976;1854;1918;1854;1854;
29.11.1976;1909;1961;1903;1909;
26.11.1976;1967;1997;1963;1967;
25.11.1976;1989;1990;1950;1989;
24.11.1976;1949;1960;1915;1949;
23.11.1976;1950;2025;1944;1950;
22.11.1976;1987;2095;1985;1987;
19.11.1976;2056;2060;1960;2056;
18.11.1976;1994;2077;1994;1994;
17.11.1976;2070;2106;2070;2070;
16.11.1976;2103;2140;2103;2103;
15.11.1976;2104;2129;2087;2104;
12.11.1976;2113;2124;2072;2113;
11.11.1976;2073;2083;2060;2073;
10.11.1976;2047;2050;1999;2047;
09.11.1976;1968;2076;1955;1968;
08.11.1976;1958;2005;1958;1958;
05.11.1976;1983;1984;1951;1983;
04.11.1976;1932;1934;1893;1932;
03.11.1976;1915;1935;1914;1915;
02.11.1976;1943;1950;1934;1943;
01.11.1976;1953;1960;1925;1953;
29.10.1976;1892;1905;1870;1892;
28.10.1976;1926;1939;1900;1926;
27.10.1976;1874;1885;1840;1874;
26.10.1976;1852;1853;1802;1852;
25.10.1976;1827;1850;1808;1827;
22.10.1976;1780;1786;1775;1780;
21.10.1976;1772;1777;1757;1772;
20.10.1976;1757;1771;1752;1757;
19.10.1976;1732;1755;1720;1732;
18.10.1976;1727;1728;1671;1727;
15.10.1976;1665;1670;1650;1665;
14.10.1976;1662;1709;1661;1662;
13.10.1976;1678;1683;1636;1678;
12.10.1976;1630;1705;1615;1630;
11.10.1976;1684;1691;1663;1684;
08.10.1976;1657;1669;1635;1657;
07.10.1976;1649;1650;1576;1649;
06.10.1976;1596;1639;1596;1596;
05.10.1976;1611;1662;1610;1611;
04.10.1976;1638;1645;1612;1638;
01.10.1976;1669;1670;1620;1669;
30.9.1976;1620;1620;1620;1620;
29.9.1976;1586;1590;1535;1586;
28.9.1976;1574;1632;1573;1574;
27.9.1976;1575;1575;1540;1575;
24.9.1976;1500;1512;1435;1500;
23.9.1976;1439;1455;1439;1439;
22.9.1976;1440;1472;1440;1440;
21.9.1976;1473;1479;1456;1473;
20.9.1976;1469;1520;1465;1469;
17.9.1976;1486;1490;1468;1486;
16.9.1976;1470;1510;1470;1470;
15.9.1976;1533;1555;1533;1533;
14.9.1976;1559;1566;1543;1559;
13.9.1976;1560;1562;1552;1560;
10.9.1976;1528;1530;1520;1528;
09.9.1976;1513;1528;1505;1513;
08.9.1976;1505;1507;1485;1505;
07.9.1976;1462;1470;1460;1462;
06.9.1976;1470;1480;1468;1470;
03.9.1976;1456;1460;1446;1456;
02.9.1976;1450;1480;1440;1450;
01.9.1976;1465;1470;1450;1465;
31.8.1976;1435;1470;1429;1435;
27.8.1976;1449;1465;1440;1449;
26.8.1976;1404;1413;1388;1404;
25.8.1976;1395;1400;1380;1395;
24.8.1976;1372;1379;1365;1372;
23.8.1976;1350;1352;1290;1350;
20.8.1976;1305;1340;1298;1305;
19.8.1976;1324;1334;1323;1324;
18.8.1976;1317;1325;1314;1317;
17.8.1976;1326;1350;1326;1326;
16.8.1976;1333;1345;1313;1333;
13.8.1976;1313;1320;1307;1313;
12.8.1976;1296;1335;1294;1296;
11.8.1976;1329;1346;1302;1329;
10.8.1976;1312;1317;1262;1312;
09.8.1976;1278;1286;1270;1278;
06.8.1976;1242;1244;1189;1242;
05.8.1976;1198;1199;1176;1198;
04.8.1976;1183;1185;1166;1183;
03.8.1976;1153;1158;1135;1153;
02.8.1976;1154;1182;1147;1154;
30.7.1976;1194;1194;1194;1194;
29.7.1976;1188;1190;1168;1188;
28.7.1976;1168;1168;1157;1168;
27.7.1976;1142;1144;1139;1142;
26.7.1976;1132;1142;1128;1132;
23.7.1976;1125;1130;1123;1125;
22.7.1976;1125;1156;1125;1125;
21.7.1976;1165;1184;1164;1165;
20.7.1976;1172;1177;1160;1172;
19.7.1976;1176;1220;1176;1176;
16.7.1976;1226;1252;1226;1226;
15.7.1976;1255;1263;1230;1255;
14.7.1976;1234;1236;1195;1234;
13.7.1976;1193;1219;1191;1193;
12.7.1976;1215;1240;1215;1215;
09.7.1976;1244;1252;1244;1244;
08.7.1976;1254;1256;1246;1254;
07.7.1976;1259;1270;1259;1259;
06.7.1976;1253;1254;1245;1253;
05.7.1976;1244;1260;1240;1244;
02.7.1976;1248;1251;1241;1248;
01.7.1976;1231;1246;1227;1231;
30.6.1976;1246;1270;1245;1246;
29.6.1976;1248;1255;1230;1248;
28.6.1976;1251;1280;1250;1251;
25.6.1976;1285;1300;1284;1285;
24.6.1976;1280;1295;1280;1280;
23.6.1976;1289;1297;1278;1289;
22.6.1976;1273;1280;1248;1273;
21.6.1976;1242;1246;1238;1242;
18.6.1976;1245;1250;1240;1245;
17.6.1976;1240;1259;1240;1240;
16.6.1976;1253;1255;1229;1253;
15.6.1976;1242;1262;1238;1242;
14.6.1976;1257;1268;1250;1257;
11.6.1976;1246;1251;1239;1246;
10.6.1976;1250;1266;1244;1250;
09.6.1976;1246;1257;1236;1246;
08.6.1976;1219;1222;1190;1219;
07.6.1976;1222;1255;1214;1222;
04.6.1976;1252;1274;1239;1252;
03.6.1976;1250;1258;1223;1250;
02.6.1976;1239;1271;1228;1239;
01.6.1976;1242;1245;1217;1242;
28.5.1976;1240;1240;1230;1240;
27.5.1976;1221;1225;1211;1221;
26.5.1976;1203;1205;1180;1203;
25.5.1976;1155;1160;1134;1155;
24.5.1976;1135;1155;1125;1135;
21.5.1976;1152;1180;1140;1152;
20.5.1976;1130;1135;1075;1130;
19.5.1976;1071;1075;1049;1071;
18.5.1976;1050;1077;1050;1050;
17.5.1976;1083;1097;1083;1083;
14.5.1976;1069;1075;1061;1069;
13.5.1976;1094;1106;1065;1094;
12.5.1976;1084;1087;1056;1084;
11.5.1976;1048;1093;1048;1048;
10.5.1976;1095;1151;1095;1095;
07.5.1976;1122;1124;1090;1122;
06.5.1976;1062;1072;1050;1062;
05.5.1976;1051;1056;1040;1051;
04.5.1976;1038;1050;1030;1038;
03.5.1976;1021;1026;991;1021;
30.4.1976;1014;1019;997;1014;
29.4.1976;1036;1059;1029;1036;
28.4.1976;1036;1048;1021;1036;
27.4.1976;1054;1100;1050;1054;
26.4.1976;1126;1132;1109;1126;
23.4.1976;1075;1080;1045;1075;
22.4.1976;1033;1050;1024;1033;
21.4.1976;1012;1065;1010;1012;
20.4.1976;1057;1060;1010;1057;
15.4.1976;998;1005;947;998;
14.4.1976;948;970;947;948;
13.4.1976;955;983;925;955;
12.4.1976;935;941;890;935;
09.4.1976;898;907;892;898;
08.4.1976;886;889;864;886;
07.4.1976;868;879;857;868;
06.4.1976;867;870;845;867;
05.4.1976;832;836;821;832;
02.4.1976;832;841;825;832;
01.4.1976;824;835;812;824;
31.3.1976;818;828;817;818;
30.3.1976;811;827;806;811;
29.3.1976;832;835;829;832;
26.3.1976;825;830;819;825;
25.3.1976;819;823;813;819;
24.3.1976;816;823;816;816;
23.3.1976;818;819;812;818;
22.3.1976;810;815;805;810;
19.3.1976;798;799;792;798;
18.3.1976;792;800;792;792;
17.3.1976;797;797;786;797;
16.3.1976;784;788;783;784;
15.3.1976;786;794;786;786;
12.3.1976;789;792;786;789;
11.3.1976;786;799;782;786;
10.3.1976;792;793;776;792;
09.3.1976;777;778;772;777;
08.3.1976;783;785;778;783;
05.3.1976;771;772;757;771;
04.3.1976;764;770;764;764;
03.3.1976;766;769;746;766;
02.3.1976;743;744;735;743;
01.3.1976;739;756;737;739;
27.2.1976;750;754;750;750;
26.2.1976;743;750;740;743;
25.2.1976;748;776;744;748;
24.2.1976;771;773;757;771;
23.2.1976;758;766;753;758;
20.2.1976;768;771;766;768;
19.2.1976;761;767;759;761;
18.2.1976;760;760;742;760;
17.2.1976;741;751;740;741;
16.2.1976;749;753;746;749;
13.2.1976;751;761;750;751;
12.2.1976;747;748;743;747;
11.2.1976;743;753;742;743;
10.2.1976;755;766;752;755;
09.2.1976;759;759;748;759;
06.2.1976;750;753;748;750;
05.2.1976;756;768;753;756;
04.2.1976;766;767;760;766;
03.2.1976;765;779;765;765;
02.2.1976;778;780;768;778;
30.1.1976;769;769;757;769;
29.1.1976;766;772;761;766;
28.1.1976;748;755;743;748;
27.1.1976;753;753;733;753;
26.1.1976;725;727;719;725;
23.1.1976;715;715;708;715;
22.1.1976;711;718;711;711;
21.1.1976;715;721;714;715;
20.1.1976;711;715;707;711;
19.1.1976;712;726;712;712;
16.1.1976;713;732;713;713;
15.1.1976;726;732;725;726;
14.1.1976;722;726;718;722;
13.1.1976;717;722;713;717;
12.1.1976;729;731;723;729;
09.1.1976;727;734;723;727;
08.1.1976;740;750;736;740;
07.1.1976;749;750;733;749;
06.1.1976;739;744;730;739;
05.1.1976;736;751;732;736;
02.1.1976;740;748;739;740;
31.12.1975;745;745;720;745;
30.12.1975;722;725;717;722;
29.12.1975;717;718;712;717;
24.12.1975;722;727;720;722;
23.12.1975;737;758;733;737;
22.12.1975;752;754;749;752;
19.12.1975;751;760;749;751;
18.12.1975;765;766;748;765;
17.12.1975;746;749;731;746;
16.12.1975;742;744;720;742;
15.12.1975;728;744;720;728;
12.12.1975;741;741;733;741;
11.12.1975;732;739;716;732;
10.12.1975;713;715;701;713;
09.12.1975;706;712;703;706;
08.12.1975;707;709;695;707;
05.12.1975;688;689;679;688;
04.12.1975;682;684;673;682;
03.12.1975;678;686;678;678;
02.12.1975;680;680;668;680;
01.12.1975;667;679;667;667;
28.11.1975;674;675;657;674;
27.11.1975;655;657;648;655;
26.11.1975;648;653;645;648;
25.11.1975;648;652;644;648;
24.11.1975;649;658;648;649;
21.11.1975;651;658;631;651;
20.11.1975;636;639;633;636;
19.11.1975;632;636;620;632;
18.11.1975;638;641;636;638;
17.11.1975;635;650;633;635;
14.11.1975;648;658;648;648;
13.11.1975;650;651;645;650;
12.11.1975;644;649;640;644;
11.11.1975;644;648;643;644;
10.11.1975;643;659;643;643;
07.11.1975;651;662;650;651;
06.11.1975;669;691;669;669;
05.11.1975;695;697;687;695;
04.11.1975;691;701;691;691;
03.11.1975;697;702;696;697;
31.10.1975;688;694;680;688;
30.10.1975;682;682;675;682;
29.10.1975;675;688;667;675;
28.10.1975;669;678;666;669;
27.10.1975;675;687;675;675;
24.10.1975;677;679;674;677;
23.10.1975;678;681;675;678;
22.10.1975;677;683;672;677;
21.10.1975;680;687;670;680;
20.10.1975;662;675;660;662;
17.10.1975;679;684;672;679;
16.10.1975;686;687;670;686;
15.10.1975;676;680;653;676;
14.10.1975;654;661;653;654;
13.10.1975;652;666;650;652;
10.10.1975;642;647;625;642;
09.10.1975;634;635;626;634;
08.10.1975;624;635;619;624;
07.10.1975;619;620;613;619;
06.10.1975;609;616;604;609;
03.10.1975;607;613;605;607;
02.10.1975;614;624;613;614;
01.10.1975;618;623;609;618;
30.9.1975;697;728;697;697;
29.9.1975;680;680;670;680;
26.9.1975;675;685;675;675;
25.9.1975;675;675;665;675;
24.9.1975;650;660;650;650;
23.9.1975;665;670;665;665;
22.9.1975;667;680;667;667;
19.9.1975;667;673;667;667;
18.9.1975;669;679;653;669;
17.9.1975;650;652;644;650;
16.9.1975;647;649;643;647;
15.9.1975;644;647;643;644;
12.9.1975;640;657;640;640;
11.9.1975;641;648;640;641;
10.9.1975;632;638;625;632;
09.9.1975;624;624;619;624;
08.9.1975;629;631;623;629;
05.9.1975;621;623;617;621;
04.9.1975;628;645;622;628;
03.9.1975;627;628;605;627;
02.9.1975;600;608;600;600;
01.9.1975;595;604;590;595;
29.8.1975;597;602;595;597;
28.8.1975;595;605;585;595;
27.8.1975;577;579;563;577;
26.8.1975;575;596;575;575;
22.8.1975;586;597;580;586;
21.8.1975;605;607;598;605;
20.8.1975;600;630;600;600;
19.8.1975;630;668;625;630;
18.8.1975;661;665;648;661;
15.8.1975;657;674;657;657;
14.8.1975;650;668;646;650;
13.8.1975;648;653;629;648;
12.8.1975;620;622;612;620;
11.8.1975;622;634;616;622;
08.8.1975;628;632;615;628;
07.8.1975;610;622;602;610;
06.8.1975;601;603;580;601;
05.8.1975;596;612;593;596;
04.8.1975;616;618;610;616;
01.8.1975;601;605;596;601;
31.7.1975;602;614;601;602;
30.7.1975;618;620;595;618;
29.7.1975;597;620;596;597;
28.7.1975;621;630;618;621;
25.7.1975;631;640;631;631;
24.7.1975;628;633;628;628;
23.7.1975;612;631;612;612;
22.7.1975;657;657;630;657;
21.7.1975;620;620;618;620;
18.7.1975;598;600;588;598;
17.7.1975;600;614;598;600;
16.7.1975;575;580;568;575;
15.7.1975;585;590;580;585;
14.7.1975;605;605;580;605;
11.7.1975;590;623;585;590;
10.7.1975;549;550;530;549;
09.7.1975;533;560;533;533;
08.7.1975;572;575;547;572;
07.7.1975;525;530;506;525;
04.7.1975;508;514;501;508;
03.7.1975;502;512;502;502;
02.7.1975;515;517;475;515;
01.7.1975;472;478;469;472;
30.6.1975;476;476;459;476;
27.6.1975;453;454;448;453;
26.6.1975;448;452;444;448;
25.6.1975;448;460;448;448;
24.6.1975;457;457;447;457;
23.6.1975;444;444;440;444;
20.6.1975;445;446;443;445;
19.6.1975;446;449;442;446;
18.6.1975;441;450;441;441;
17.6.1975;447;450;445;447;
16.6.1975;443;446;440;443;
13.6.1975;453;456;447;453;
12.6.1975;462;465;461;462;
11.6.1975;464;471;460;464;
10.6.1975;471;482;469;471;
09.6.1975;480;482;474;480;
06.6.1975;472;472;463;472;
05.6.1975;464;474;463;464;
04.6.1975;460;466;457;460;
03.6.1975;462;463;452;462;
02.6.1975;461;471;461;461;
30.5.1975;484;488;474;484;
29.5.1975;481;483;478;481;
28.5.1975;478;488;478;478;
27.5.1975;489;490;489;489;
23.5.1975;482;492;482;482;
22.5.1975;475;475;474;475;
21.5.1975;465;473;465;465;
20.5.1975;475;487;473;475;
19.5.1975;485;494;483;485;
16.5.1975;480;485;470;480;
15.5.1975;461;465;455;461;
14.5.1975;465;470;457;465;
13.5.1975;451;452;443;451;
12.5.1975;458;480;455;458;
09.5.1975;464;467;447;464;
08.5.1975;449;452;449;449;
07.5.1975;452;458;446;452;
06.5.1975;436;436;423;436;
05.5.1975;435;459;435;435;
02.5.1975;457;465;457;457;
01.5.1975;460;468;460;460;
30.4.1975;465;480;464;465;
29.4.1975;477;480;476;477;
28.4.1975;475;479;467;475;
25.4.1975;482;492;476;482;
24.4.1975;496;512;495;496;
23.4.1975;509;514;502;509;
22.4.1975;508;512;491;508;
21.4.1975;489;521;489;489;
18.4.1975;521;545;519;521;
17.4.1975;543;575;543;543;
16.4.1975;577;586;573;577;
15.4.1975;585;594;583;585;
14.4.1975;584;589;580;584;
11.4.1975;589;607;584;589;
10.4.1975;608;615;608;608;
09.4.1975;610;619;609;610;
08.4.1975;619;639;616;619;
07.4.1975;642;649;638;642;
04.4.1975;632;635;630;632;
03.4.1975;634;637;630;634;
02.4.1975;637;638;625;637;
01.4.1975;624;627;614;624;
27.3.1975;811;813;787;811;
26.3.1975;786;795;775;786;
25.3.1975;777;780;743;777;
24.3.1975;738;740;730;738;
21.3.1975;726;732;725;726;
20.3.1975;725;727;719;725;
19.3.1975;722;732;722;722;
18.3.1975;725;728;723;725;
17.3.1975;724;724;721;724;
14.3.1975;724;733;724;724;
13.3.1975;731;734;728;731;
12.3.1975;734;740;734;734;
11.3.1975;735;736;732;735;
10.3.1975;732;734;732;732;
07.3.1975;734;738;730;734;
06.3.1975;735;738;725;735;
05.3.1975;733;736;730;733;
04.3.1975;736;736;728;736;
03.3.1975;730;745;730;730;
28.2.1975;740;760;733;740;
27.2.1975;741;743;731;741;
26.2.1975;726;734;726;726;
25.2.1975;736;744;736;736;
24.2.1975;746;755;745;746;
21.2.1975;748;750;742;748;
20.2.1975;743;744;738;743;
19.2.1975;744;746;740;744;
18.2.1975;740;751;739;740;
17.2.1975;752;762;751;752;
14.2.1975;759;763;755;759;
13.2.1975;753;758;749;753;
12.2.1975;747;748;742;747;
11.2.1975;741;747;737;741;
10.2.1975;741;743;731;741;
07.2.1975;740;760;739;740;
06.2.1975;757;760;746;757;
05.2.1975;745;751;742;745;
04.2.1975;747;749;740;747;
03.2.1975;750;760;746;750;
31.1.1975;753;754;739;753;
30.1.1975;753;762;749;753;
29.1.1975;751;765;750;751;
28.1.1975;762;781;761;762;
27.1.1975;767;768;742;767;
24.1.1975;738;762;735;738;
23.1.1975;746;752;735;746;
22.1.1975;731;738;717;731;
21.1.1975;730;734;723;730;
20.1.1975;724;730;720;724;
17.1.1975;738;761;735;738;
16.1.1975;760;765;750;760;
15.1.1975;757;767;740;757;
14.1.1975;753;757;733;753;
13.1.1975;742;757;737;742;
10.1.1975;740;747;725;740;
09.1.1975;714;718;691;714;
08.1.1975;700;707;696;700;
07.1.1975;702;705;684;702;
06.1.1975;682;687;675;682;
03.1.1975;676;679;667;676;
02.1.1975;683;693;679;683;
31.12.1974;740;740;740;740;
30.12.1974;745;748;743;745;
24.12.1974;835;844;835;835;
23.12.1974;838;840;832;838;
20.12.1974;820;840;820;820;
19.12.1974;832;850;812;832;
18.12.1974;813;813;790;813;
17.12.1974;807;814;807;807;
16.12.1974;807;807;791;807;
13.12.1974;795;798;788;795;
12.12.1974;790;795;785;790;
11.12.1974;794;809;794;794;
10.12.1974;805;806;780;805;
09.12.1974;773;773;761;773;
06.12.1974;770;775;761;770;
05.12.1974;765;808;760;765;
04.12.1974;801;833;801;801;
03.12.1974;827;828;802;827;
02.12.1974;805;824;805;805;
29.11.1974;813;819;809;813;
28.11.1974;820;845;820;820;
27.11.1974;848;860;844;848;
26.11.1974;850;851;839;850;
25.11.1974;836;848;835;836;
22.11.1974;842;856;838;842;
21.11.1974;870;887;864;870;
20.11.1974;887;888;877;887;
19.11.1974;871;871;853;871;
18.11.1974;858;875;856;858;
15.11.1974;855;873;855;855;
14.11.1974;875;901;875;875;
13.11.1974;903;916;892;903;
12.11.1974;924;935;913;924;
11.11.1974;925;926;915;925;
08.11.1974;904;908;899;904;
07.11.1974;893;920;887;893;
06.11.1974;901;912;901;901;
05.11.1974;899;899;888;899;
04.11.1974;882;889;876;882;
01.11.1974;881;890;880;881;
31.10.1974;877;878;852;877;
30.10.1974;862;872;853;862;
29.10.1974;866;881;865;866;
28.10.1974;861;867;848;861;
25.10.1974;882;882;856;882;
24.10.1974;872;884;870;872;
23.10.1974;884;905;879;884;
22.10.1974;887;893;878;887;
21.10.1974;885;898;873;885;
18.10.1974;873;878;840;873;
17.10.1974;844;850;835;844;
16.10.1974;852;880;848;852;
15.10.1974;865;867;847;865;
14.10.1974;846;850;838;846;
11.10.1974;833;842;829;833;
10.10.1974;844;850;835;844;
09.10.1974;830;835;808;830;
08.10.1974;804;806;791;804;
07.10.1974;792;812;785;792;
04.10.1974;818;830;811;818;
03.10.1974;820;820;782;820;
02.10.1974;783;789;767;783;
01.10.1974;777;779;761;777;
30.9.1974;722;738;722;722;
27.9.1974;727;743;727;727;
26.9.1974;736;739;730;736;
25.9.1974;735;740;734;735;
24.9.1974;729;738;728;729;
23.9.1974;730;734;710;730;
20.9.1974;711;729;700;711;
19.9.1974;720;725;720;720;
18.9.1974;709;720;706;709;
17.9.1974;711;730;711;711;
16.9.1974;716;755;716;716;
13.9.1974;750;775;750;750;
12.9.1974;785;795;785;785;
11.9.1974;785;791;783;785;
10.9.1974;790;818;786;790;
09.9.1974;809;817;808;809;
06.9.1974;802;806;790;802;
05.9.1974;801;810;790;801;
04.9.1974;795;818;793;795;
03.9.1974;786;787;750;786;
02.9.1974;752;753;750;752;
30.8.1974;751;760;749;751;
29.8.1974;758;760;754;758;
28.8.1974;755;778;755;755;
27.8.1974;771;782;770;771;
23.8.1974;772;776;768;772;
22.8.1974;768;783;768;768;
21.8.1974;774;778;760;774;
20.8.1974;766;775;753;766;
19.8.1974;773;786;771;773;
16.8.1974;774;776;765;774;
15.8.1974;760;765;740;760;
14.8.1974;764;779;758;764;
13.8.1974;768;785;754;768;
12.8.1974;745;768;719;745;
09.8.1974;774;795;770;774;
08.8.1974;784;812;784;784;
07.8.1974;806;806;779;806;
06.8.1974;780;786;768;780;
05.8.1974;788;800;780;788;
02.8.1974;806;815;800;806;
01.8.1974;807;828;804;807;
31.7.1974;1024;1024;1009;1024;
30.7.1974;1008;1008;1006;1008;
29.7.1974;1001;1001;986;1001;
26.7.1974;977;977;977;977;
25.7.1974;985;985;964;985;
24.7.1974;961;961;955;961;
23.7.1974;971;971;972;971;
22.7.1974;1001;1001;995;1001;
19.7.1974;995;995;995;995;
18.7.1974;1010;1010;985;1010;
17.7.1974;975;975;970;975;
16.7.1974;966;966;948;966;
15.7.1974;950;950;925;950;
12.7.1974;917;917;895;917;
11.7.1974;895;895;888;895;
10.7.1974;891;891;891;891;
09.7.1974;884;884;874;884;
08.7.1974;880;880;860;880;
05.7.1974;866;866;885;866;
04.7.1974;875;875;874;875;
03.7.1974;887;887;886;887;
02.7.1974;905;905;903;905;
01.7.1974;903;903;900;903;
28.6.1974;902;902;890;902;
27.6.1974;895;895;895;895;
26.6.1974;911;911;870;911;
25.6.1974;875;875;875;875;
24.6.1974;895;895;895;895;
21.6.1974;895;895;878;895;
18.6.1974;884;884;877;884;
17.6.1974;868;868;853;868;
14.6.1974;853;853;831;853;
13.6.1974;841;841;840;841;
12.6.1974;848;848;828;848;
11.6.1974;834;834;829;834;
10.6.1974;866;866;828;866;
07.6.1974;821;821;765;821;
06.6.1974;757;757;755;757;
05.6.1974;778;778;771;778;
04.6.1974;775;775;771;775;
03.6.1974;775;775;767;775;
31.5.1974;800;910;800;800;
30.5.1974;940;985;940;940;
29.5.1974;935;977;935;935;
28.5.1974;977;1000;970;977;
24.5.1974;995;1015;995;995;
23.5.1974;1005;1005;989;1005;
22.5.1974;1011;1028;1000;1011;
21.5.1974;1007;1020;1000;1007;
20.5.1974;1030;1055;1030;1030;
17.5.1974;1015;1017;985;1015;
16.5.1974;1000;1010;994;1000;
15.5.1974;991;1033;991;991;
14.5.1974;1040;1053;1037;1040;
13.5.1974;1028;1045;1025;1028;
10.5.1974;1037;1070;1035;1037;
09.5.1974;1080;1100;1070;1080;
08.5.1974;1100;1100;1070;1100;
06.5.1974;1110;1137;1110;1110;
03.5.1974;1117;1140;1099;1117;
02.5.1974;1105;1109;1080;1105;
01.5.1974;1072;1090;1050;1072;
30.4.1974;1084;1090;1034;1084;
29.4.1974;1033;1045;995;1033;
26.4.1974;965;975;920;965;
25.4.1974;932;940;908;932;
24.4.1974;914;915;896;914;
23.4.1974;915;928;885;915;
22.4.1974;925;944;912;925;
19.4.1974;958;964;928;958;
18.4.1974;953;971;950;953;
17.4.1974;912;929;897;912;
16.4.1974;921;980;917;921;
11.4.1974;971;977;941;971;
10.4.1974;954;960;889;954;
09.4.1974;868;870;808;868;
08.4.1974;812;846;803;812;
05.4.1974;831;860;820;831;
04.4.1974;829;868;825;829;
03.4.1974;851;900;851;851;
02.4.1974;905;928;874;905;
01.4.1974;914;914;900;914;
