Date,Open,High,Low,Close,Volume
1974-04-01,914,914,900,914,
1974-04-02,905,928,874,905,
1974-04-03,851,900,851,851,
1974-04-04,829,868,825,829,
1974-04-05,831,860,820,831,
1974-04-08,812,846,803,812,
1974-04-09,868,870,808,868,
1974-04-10,954,960,889,954,
1974-04-11,971,977,941,971,
1974-04-16,921,980,917,921,
1974-04-17,912,929,897,912,
1974-04-18,953,971,950,953,
1974-04-19,958,964,928,958,
1974-04-22,925,944,912,925,
1974-04-23,915,928,885,915,
1974-04-24,914,915,896,914,
1974-04-25,932,940,908,932,
1974-04-26,965,975,920,965,
1974-04-29,1033,1045,995,1033,
1974-04-30,1084,1090,1034,1084,
1974-05-01,1072,1090,1050,1072,
1974-05-02,1105,1109,1080,1105,
1974-05-03,1117,1140,1099,1117,
1974-05-06,1110,1137,1110,1110,
1974-05-08,1100,1100,1070,1100,
1974-05-09,1080,1100,1070,1080,
1974-05-10,1037,1070,1035,1037,
1974-05-13,1028,1045,1025,1028,
1974-05-14,1040,1053,1037,1040,
1974-05-15,991,1033,991,991,
1974-05-16,1000,1010,994,1000,
1974-05-17,1015,1017,985,1015,
1974-05-20,1030,1055,1030,1030,
1974-05-21,1007,1020,1000,1007,
1974-05-22,1011,1028,1000,1011,
1974-05-23,1005,1005,989,1005,
1974-05-24,995,1015,995,995,
1974-05-28,977,1000,970,977,
1974-05-29,935,977,935,935,
1974-05-30,940,985,940,940,
1974-05-31,800,910,800,800,
1974-06-03,775,775,767,775,
1974-06-04,775,775,771,775,
1974-06-05,778,778,771,778,
1974-06-06,757,757,755,757,
1974-06-07,821,821,765,821,
1974-06-10,866,866,828,866,
1974-06-11,834,834,829,834,
1974-06-12,848,848,828,848,
1974-06-13,841,841,840,841,
1974-06-14,853,853,831,853,
1974-06-17,868,868,853,868,
1974-06-18,884,884,877,884,
1974-06-21,895,895,878,895,
1974-06-24,895,895,895,895,
1974-06-25,875,875,875,875,
1974-06-26,911,911,870,911,
1974-06-27,895,895,895,895,
1974-06-28,902,902,890,902,
1974-07-01,903,903,900,903,
1974-07-02,905,905,903,905,
1974-07-03,887,887,886,887,
1974-07-04,875,875,874,875,
1974-07-08,880,880,860,880,
1974-07-09,884,884,874,884,
1974-07-10,891,891,891,891,
1974-07-11,895,895,888,895,
1974-07-12,917,917,895,917,
1974-07-15,950,950,925,950,
1974-07-16,966,966,948,966,
1974-07-17,975,975,970,975,
1974-07-18,1010,1010,985,1010,
1974-07-19,995,995,995,995,
1974-07-22,1001,1001,995,1001,
1974-07-24,961,961,955,961,
1974-07-25,985,985,964,985,
1974-07-26,977,977,977,977,
1974-07-29,1001,1001,986,1001,
1974-07-30,1008,1008,1006,1008,
1974-07-31,1024,1024,1009,1024,
1974-08-01,807,828,804,807,
1974-08-02,806,815,800,806,
1974-08-05,788,800,780,788,
1974-08-06,780,786,768,780,
1974-08-07,806,806,779,806,
1974-08-08,784,812,784,784,
1974-08-09,774,795,770,774,
1974-08-12,745,768,719,745,
1974-08-13,768,785,754,768,
1974-08-14,764,779,758,764,
1974-08-15,760,765,740,760,
1974-08-16,774,776,765,774,
1974-08-19,773,786,771,773,
1974-08-20,766,775,753,766,
1974-08-21,774,778,760,774,
1974-08-22,768,783,768,768,
1974-08-23,772,776,768,772,
1974-08-27,771,782,770,771,
1974-08-28,755,778,755,755,
1974-08-29,758,760,754,758,
1974-08-30,751,760,749,751,
1974-09-02,752,753,750,752,
1974-09-03,786,787,750,786,
1974-09-04,795,818,793,795,
1974-09-05,801,810,790,801,
1974-09-06,802,806,790,802,
1974-09-09,809,817,808,809,
1974-09-10,790,818,786,790,
1974-09-11,785,791,783,785,
1974-09-12,785,795,785,785,
1974-09-13,750,775,750,750,
1974-09-16,716,755,716,716,
1974-09-17,711,730,711,711,
1974-09-18,709,720,706,709,
1974-09-19,720,725,720,720,
1974-09-20,711,729,700,711,
1974-09-23,730,734,710,730,
1974-09-24,729,738,728,729,
1974-09-25,735,740,734,735,
1974-09-26,736,739,730,736,
1974-09-27,727,743,727,727,
1974-09-30,722,738,722,722,
1974-10-01,777,779,761,777,
1974-10-02,783,789,767,783,
1974-10-03,820,820,782,820,
1974-10-04,818,830,811,818,
1974-10-07,792,812,785,792,
1974-10-08,804,806,791,804,
1974-10-09,830,835,808,830,
1974-10-10,844,850,835,844,
1974-10-11,833,842,829,833,
1974-10-14,846,850,838,846,
1974-10-15,865,867,847,865,
1974-10-16,852,880,848,852,
1974-10-17,844,850,835,844,
1974-10-18,873,878,840,873,
1974-10-21,885,898,873,885,
1974-10-22,887,893,878,887,
1974-10-23,884,905,879,884,
1974-10-24,872,884,870,872,
1974-10-25,882,882,856,882,
1974-10-28,861,867,848,861,
1974-10-29,866,881,865,866,
1974-10-30,862,872,853,862,
1974-10-31,877,878,852,877,
1974-11-01,881,890,880,881,
1974-11-04,882,889,876,882,
1974-11-05,899,899,888,899,
1974-11-06,901,912,901,901,
1974-11-07,893,920,887,893,
1974-11-08,904,908,899,904,
1974-11-11,925,926,915,925,
1974-11-12,924,935,913,924,
1974-11-13,903,916,892,903,
1974-11-14,875,901,875,875,
1974-11-15,855,873,855,855,
1974-11-18,858,875,856,858,
1974-11-19,871,871,853,871,
1974-11-20,887,888,877,887,
1974-11-21,870,887,864,870,
1974-11-22,842,856,838,842,
1974-11-25,836,848,835,836,
1974-11-26,850,851,839,850,
1974-11-27,848,860,844,848,
1974-11-28,820,845,820,820,
1974-11-29,813,819,809,813,
1974-12-02,805,824,805,805,
1974-12-03,827,828,802,827,
1974-12-04,801,833,801,801,
1974-12-05,765,808,760,765,
1974-12-06,770,775,761,770,
1974-12-09,773,773,761,773,
1974-12-10,805,806,780,805,
1974-12-11,794,809,794,794,
1974-12-12,790,795,785,790,
1974-12-13,795,798,788,795,
1974-12-16,807,807,791,807,
1974-12-17,807,814,807,807,
1974-12-18,813,813,790,813,
1974-12-19,832,850,812,832,
1974-12-20,820,840,820,820,
1974-12-23,838,840,832,838,
1974-12-24,835,844,835,835,
1974-12-30,745,748,743,745,
1974-12-31,740,740,740,740,
1975-01-02,683,693,679,683,
1975-01-03,676,679,667,676,
1975-01-06,682,687,675,682,
1975-01-07,702,705,684,702,
1975-01-08,700,707,696,700,
1975-01-09,714,718,691,714,
1975-01-10,740,747,725,740,
1975-01-13,742,757,737,742,
1975-01-14,753,757,733,753,
1975-01-15,757,767,740,757,
1975-01-16,760,765,750,760,
1975-01-17,738,761,735,738,
1975-01-20,724,730,720,724,
1975-01-21,730,734,723,730,
1975-01-22,731,738,717,731,
1975-01-23,746,752,735,746,
1975-01-24,738,762,735,738,
1975-01-27,767,768,742,767,
1975-01-28,762,781,761,762,
1975-01-29,751,765,750,751,
1975-01-30,753,762,749,753,
1975-01-31,753,754,739,753,
1975-02-03,750,760,746,750,
1975-02-04,747,749,740,747,
1975-02-05,745,751,742,745,
1975-02-06,757,760,746,757,
1975-02-07,740,760,739,740,
1975-02-10,741,743,731,741,
1975-02-11,741,747,737,741,
1975-02-12,747,748,742,747,
1975-02-13,753,758,749,753,
1975-02-14,759,763,755,759,
1975-02-17,752,762,751,752,
1975-02-18,740,751,739,740,
1975-02-19,744,746,740,744,
1975-02-20,743,744,738,743,
1975-02-21,748,750,742,748,
1975-02-24,746,755,745,746,
1975-02-25,736,744,736,736,
1975-02-26,726,734,726,726,
1975-02-27,741,743,731,741,
1975-02-28,740,760,733,740,
1975-03-03,730,745,730,730,
1975-03-04,736,736,728,736,
1975-03-05,733,736,730,733,
1975-03-06,735,738,725,735,
1975-03-07,734,738,730,734,
1975-03-10,732,734,732,732,
1975-03-11,735,736,732,735,
1975-03-12,734,740,734,734,
1975-03-13,731,734,728,731,
1975-03-14,724,733,724,724,
1975-03-17,724,724,721,724,
1975-03-18,725,728,723,725,
1975-03-19,722,732,722,722,
1975-03-20,725,727,719,725,
1975-03-21,726,732,725,726,
1975-03-24,738,740,730,738,
1975-03-25,777,780,743,777,
1975-03-26,786,795,775,786,
1975-03-27,811,813,787,811,
1975-04-01,624,627,614,624,
1975-04-02,637,638,625,637,
1975-04-03,634,637,630,634,
1975-04-04,632,635,630,632,
1975-04-07,642,649,638,642,
1975-04-08,619,639,616,619,
1975-04-09,610,619,609,610,
1975-04-10,608,615,608,608,
1975-04-11,589,607,584,589,
1975-04-14,584,589,580,584,
1975-04-15,585,594,583,585,
1975-04-16,577,586,573,577,
1975-04-17,543,575,543,543,
1975-04-18,521,545,519,521,
1975-04-21,489,521,489,489,
1975-04-22,508,512,491,508,
1975-04-23,509,514,502,509,
1975-04-24,496,512,495,496,
1975-04-25,482,492,476,482,
1975-04-28,475,479,467,475,
1975-04-29,477,480,476,477,
1975-04-30,465,480,464,465,
1975-05-01,460,468,460,460,
1975-05-02,457,465,457,457,
1975-05-05,435,459,435,435,
1975-05-06,436,436,423,436,
1975-05-07,452,458,446,452,
1975-05-08,449,452,449,449,
1975-05-09,464,467,447,464,
1975-05-12,458,480,455,458,
1975-05-13,451,452,443,451,
1975-05-14,465,470,457,465,
1975-05-15,461,465,455,461,
1975-05-16,480,485,470,480,
1975-05-19,485,494,483,485,
1975-05-20,475,487,473,475,
1975-05-21,465,473,465,465,
1975-05-22,475,475,474,475,
1975-05-23,482,492,482,482,
1975-05-27,489,490,489,489,
1975-05-28,478,488,478,478,
1975-05-29,481,483,478,481,
1975-05-30,484,488,474,484,
1975-06-02,461,471,461,461,
1975-06-03,462,463,452,462,
1975-06-04,460,466,457,460,
1975-06-05,464,474,463,464,
1975-06-06,472,472,463,472,
1975-06-09,480,482,474,480,
1975-06-10,471,482,469,471,
1975-06-11,464,471,460,464,
1975-06-12,462,465,461,462,
1975-06-13,453,456,447,453,
1975-06-16,443,446,440,443,
1975-06-17,447,450,445,447,
1975-06-18,441,450,441,441,
1975-06-19,446,449,442,446,
1975-06-20,445,446,443,445,
1975-06-23,444,444,440,444,
1975-06-24,457,457,447,457,
1975-06-25,448,460,448,448,
1975-06-26,448,452,444,448,
1975-06-27,453,454,448,453,
1975-06-30,476,476,459,476,
1975-07-01,472,478,469,472,
1975-07-02,515,517,475,515,
1975-07-03,502,512,502,502,
1975-07-04,508,514,501,508,
1975-07-07,525,530,506,525,
1975-07-08,572,575,547,572,
1975-07-09,533,560,533,533,
1975-07-10,549,550,530,549,
1975-07-11,590,623,585,590,
1975-07-14,605,605,580,605,
1975-07-15,585,590,580,585,
1975-07-16,575,580,568,575,
1975-07-17,600,614,598,600,
1975-07-18,598,600,588,598,
1975-07-21,620,620,618,620,
1975-07-22,657,657,630,657,
1975-07-23,612,631,612,612,
1975-07-24,628,633,628,628,
1975-07-25,631,640,631,631,
1975-07-28,621,630,618,621,
1975-07-29,597,620,596,597,
1975-07-30,618,620,595,618,
1975-07-31,602,614,601,602,
1975-08-01,601,605,596,601,
1975-08-04,616,618,610,616,
1975-08-05,596,612,593,596,
1975-08-06,601,603,580,601,
1975-08-07,610,622,602,610,
1975-08-08,628,632,615,628,
1975-08-11,622,634,616,622,
1975-08-12,620,622,612,620,
1975-08-13,648,653,629,648,
1975-08-14,650,668,646,650,
1975-08-15,657,674,657,657,
1975-08-18,661,665,648,661,
1975-08-19,630,668,625,630,
1975-08-20,600,630,600,600,
1975-08-21,605,607,598,605,
1975-08-22,586,597,580,586,
1975-08-26,575,596,575,575,
1975-08-27,577,579,563,577,
1975-08-28,595,605,585,595,
1975-08-29,597,602,595,597,
1975-09-01,595,604,590,595,
1975-09-02,600,608,600,600,
1975-09-03,627,628,605,627,
1975-09-04,628,645,622,628,
1975-09-05,621,623,617,621,
1975-09-08,629,631,623,629,
1975-09-09,624,624,619,624,
1975-09-10,632,638,625,632,
1975-09-11,641,648,640,641,
1975-09-12,640,657,640,640,
1975-09-15,644,647,643,644,
1975-09-16,647,649,643,647,
1975-09-17,650,652,644,650,
1975-09-18,669,679,653,669,
1975-09-19,667,673,667,667,
1975-09-22,667,680,667,667,
1975-09-23,665,670,665,665,
1975-09-24,650,660,650,650,
1975-09-25,675,675,665,675,
1975-09-26,675,685,675,675,
1975-09-29,680,680,670,680,
1975-09-30,697,728,697,697,
1975-10-01,618,623,609,618,
1975-10-02,614,624,613,614,
1975-10-03,607,613,605,607,
1975-10-06,609,616,604,609,
1975-10-07,619,620,613,619,
1975-10-08,624,635,619,624,
1975-10-09,634,635,626,634,
1975-10-10,642,647,625,642,
1975-10-13,652,666,650,652,
1975-10-14,654,661,653,654,
1975-10-15,676,680,653,676,
1975-10-16,686,687,670,686,
1975-10-17,679,684,672,679,
1975-10-20,662,675,660,662,
1975-10-21,680,687,670,680,
1975-10-22,677,683,672,677,
1975-10-23,678,681,675,678,
1975-10-24,677,679,674,677,
1975-10-27,675,687,675,675,
1975-10-28,669,678,666,669,
1975-10-29,675,688,667,675,
1975-10-30,682,682,675,682,
1975-10-31,688,694,680,688,
1975-11-03,697,702,696,697,
1975-11-04,691,701,691,691,
1975-11-05,695,697,687,695,
1975-11-06,669,691,669,669,
1975-11-07,651,662,650,651,
1975-11-10,643,659,643,643,
1975-11-11,644,648,643,644,
1975-11-12,644,649,640,644,
1975-11-13,650,651,645,650,
1975-11-14,648,658,648,648,
1975-11-17,635,650,633,635,
1975-11-18,638,641,636,638,
1975-11-19,632,636,620,632,
1975-11-20,636,639,633,636,
1975-11-21,651,658,631,651,
1975-11-24,649,658,648,649,
1975-11-25,648,652,644,648,
1975-11-26,648,653,645,648,
1975-11-27,655,657,648,655,
1975-11-28,674,675,657,674,
1975-12-01,667,679,667,667,
1975-12-02,680,680,668,680,
1975-12-03,678,686,678,678,
1975-12-04,682,684,673,682,
1975-12-05,688,689,679,688,
1975-12-08,707,709,695,707,
1975-12-09,706,712,703,706,
1975-12-10,713,715,701,713,
1975-12-11,732,739,716,732,
1975-12-12,741,741,733,741,
1975-12-15,728,744,720,728,
1975-12-16,742,744,720,742,
1975-12-17,746,749,731,746,
1975-12-18,765,766,748,765,
1975-12-19,751,760,749,751,
1975-12-22,752,754,749,752,
1975-12-23,737,758,733,737,
1975-12-24,722,727,720,722,
1975-12-29,717,718,712,717,
1975-12-30,722,725,717,722,
1975-12-31,745,745,720,745,
1976-01-02,740,748,739,740,
1976-01-05,736,751,732,736,
1976-01-06,739,744,730,739,
1976-01-07,749,750,733,749,
1976-01-08,740,750,736,740,
1976-01-09,727,734,723,727,
1976-01-12,729,731,723,729,
1976-01-13,717,722,713,717,
1976-01-14,722,726,718,722,
1976-01-15,726,732,725,726,
1976-01-16,713,732,713,713,
1976-01-19,712,726,712,712,
1976-01-20,711,715,707,711,
1976-01-21,715,721,714,715,
1976-01-22,711,718,711,711,
1976-01-23,715,715,708,715,
1976-01-26,725,727,719,725,
1976-01-27,753,753,733,753,
1976-01-28,748,755,743,748,
1976-01-29,766,772,761,766,
1976-01-30,769,769,757,769,
1976-02-02,778,780,768,778,
1976-02-03,765,779,765,765,
1976-02-04,766,767,760,766,
1976-02-05,756,768,753,756,
1976-02-06,750,753,748,750,
1976-02-09,759,759,748,759,
1976-02-10,755,766,752,755,
1976-02-11,743,753,742,743,
1976-02-12,747,748,743,747,
1976-02-13,751,761,750,751,
1976-02-16,749,753,746,749,
1976-02-17,741,751,740,741,
1976-02-18,760,760,742,760,
1976-02-19,761,767,759,761,
1976-02-20,768,771,766,768,
1976-02-23,758,766,753,758,
1976-02-24,771,773,757,771,
1976-02-25,748,776,744,748,
1976-02-26,743,750,740,743,
1976-02-27,750,754,750,750,
1976-03-01,739,756,737,739,
1976-03-02,743,744,735,743,
1976-03-03,766,769,746,766,
1976-03-04,764,770,764,764,
1976-03-05,771,772,757,771,
1976-03-08,783,785,778,783,
1976-03-09,777,778,772,777,
1976-03-10,792,793,776,792,
1976-03-11,786,799,782,786,
1976-03-12,789,792,786,789,
1976-03-15,786,794,786,786,
1976-03-16,784,788,783,784,
1976-03-17,797,797,786,797,
1976-03-18,792,800,792,792,
1976-03-19,798,799,792,798,
1976-03-22,810,815,805,810,
1976-03-23,818,819,812,818,
1976-03-24,816,823,816,816,
1976-03-25,819,823,813,819,
1976-03-26,825,830,819,825,
1976-03-29,832,835,829,832,
1976-03-30,811,827,806,811,
1976-03-31,818,828,817,818,
1976-04-01,824,835,812,824,
1976-04-02,832,841,825,832,
1976-04-05,832,836,821,832,
1976-04-06,867,870,845,867,
1976-04-07,868,879,857,868,
1976-04-08,886,889,864,886,
1976-04-09,898,907,892,898,
1976-04-12,935,941,890,935,
1976-04-13,955,983,925,955,
1976-04-14,948,970,947,948,
1976-04-15,998,1005,947,998,
1976-04-20,1057,1060,1010,1057,
1976-04-21,1012,1065,1010,1012,
1976-04-22,1033,1050,1024,1033,
1976-04-23,1075,1080,1045,1075,
1976-04-26,1126,1132,1109,1126,
1976-04-27,1054,1100,1050,1054,
1976-04-28,1036,1048,1021,1036,
1976-04-29,1036,1059,1029,1036,
1976-04-30,1014,1019,997,1014,
1976-05-03,1021,1026,991,1021,
1976-05-04,1038,1050,1030,1038,
1976-05-05,1051,1056,1040,1051,
1976-05-06,1062,1072,1050,1062,
1976-05-07,1122,1124,1090,1122,
1976-05-10,1095,1151,1095,1095,
1976-05-11,1048,1093,1048,1048,
1976-05-12,1084,1087,1056,1084,
1976-05-13,1094,1106,1065,1094,
1976-05-14,1069,1075,1061,1069,
1976-05-17,1083,1097,1083,1083,
1976-05-18,1050,1077,1050,1050,
1976-05-19,1071,1075,1049,1071,
1976-05-20,1130,1135,1075,1130,
1976-05-21,1152,1180,1140,1152,
1976-05-24,1135,1155,1125,1135,
1976-05-25,1155,1160,1134,1155,
1976-05-26,1203,1205,1180,1203,
1976-05-27,1221,1225,1211,1221,
1976-05-28,1240,1240,1230,1240,
1976-06-01,1242,1245,1217,1242,
1976-06-02,1239,1271,1228,1239,
1976-06-03,1250,1258,1223,1250,
1976-06-04,1252,1274,1239,1252,
1976-06-07,1222,1255,1214,1222,
1976-06-08,1219,1222,1190,1219,
1976-06-09,1246,1257,1236,1246,
1976-06-10,1250,1266,1244,1250,
1976-06-11,1246,1251,1239,1246,
1976-06-14,1257,1268,1250,1257,
1976-06-15,1242,1262,1238,1242,
1976-06-16,1253,1255,1229,1253,
1976-06-17,1240,1259,1240,1240,
1976-06-18,1245,1250,1240,1245,
1976-06-21,1242,1246,1238,1242,
1976-06-22,1273,1280,1248,1273,
1976-06-23,1289,1297,1278,1289,
1976-06-24,1280,1295,1280,1280,
1976-06-25,1285,1300,1284,1285,
1976-06-28,1251,1280,1250,1251,
1976-06-29,1248,1255,1230,1248,
1976-06-30,1246,1270,1245,1246,
1976-07-01,1231,1246,1227,1231,
1976-07-02,1248,1251,1241,1248,
1976-07-05,1244,1260,1240,1244,
1976-07-06,1253,1254,1245,1253,
1976-07-07,1259,1270,1259,1259,
1976-07-08,1254,1256,1246,1254,
1976-07-09,1244,1252,1244,1244,
1976-07-12,1215,1240,1215,1215,
1976-07-13,1193,1219,1191,1193,
1976-07-14,1234,1236,1195,1234,
1976-07-15,1255,1263,1230,1255,
1976-07-16,1226,1252,1226,1226,
1976-07-19,1176,1220,1176,1176,
1976-07-20,1172,1177,1160,1172,
1976-07-21,1165,1184,1164,1165,
1976-07-22,1125,1156,1125,1125,
1976-07-23,1125,1130,1123,1125,
1976-07-26,1132,1142,1128,1132,
1976-07-27,1142,1144,1139,1142,
1976-07-28,1168,1168,1157,1168,
1976-07-29,1188,1190,1168,1188,
1976-07-30,1194,1194,1194,1194,
1976-08-02,1154,1182,1147,1154,
1976-08-03,1153,1158,1135,1153,
1976-08-04,1183,1185,1166,1183,
1976-08-05,1198,1199,1176,1198,
1976-08-06,1242,1244,1189,1242,
1976-08-09,1278,1286,1270,1278,
1976-08-10,1312,1317,1262,1312,
1976-08-11,1329,1346,1302,1329,
1976-08-12,1296,1335,1294,1296,
1976-08-13,1313,1320,1307,1313,
1976-08-16,1333,1345,1313,1333,
1976-08-17,1326,1350,1326,1326,
1976-08-18,1317,1325,1314,1317,
1976-08-19,1324,1334,1323,1324,
1976-08-20,1305,1340,1298,1305,
1976-08-23,1350,1352,1290,1350,
1976-08-24,1372,1379,1365,1372,
1976-08-25,1395,1400,1380,1395,
1976-08-26,1404,1413,1388,1404,
1976-08-27,1449,1465,1440,1449,
1976-08-31,1435,1470,1429,1435,
1976-09-01,1465,1470,1450,1465,
1976-09-02,1450,1480,1440,1450,
1976-09-03,1456,1460,1446,1456,
1976-09-06,1470,1480,1468,1470,
1976-09-07,1462,1470,1460,1462,
1976-09-08,1505,1507,1485,1505,
1976-09-09,1513,1528,1505,1513,
1976-09-10,1528,1530,1520,1528,
1976-09-13,1560,1562,1552,1560,
1976-09-14,1559,1566,1543,1559,
1976-09-15,1533,1555,1533,1533,
1976-09-16,1470,1510,1470,1470,
1976-09-17,1486,1490,1468,1486,
1976-09-20,1469,1520,1465,1469,
1976-09-21,1473,1479,1456,1473,
1976-09-22,1440,1472,1440,1440,
1976-09-23,1439,1455,1439,1439,
1976-09-24,1500,1512,1435,1500,
1976-09-27,1575,1575,1540,1575,
1976-09-28,1574,1632,1573,1574,
1976-09-29,1586,1590,1535,1586,
1976-09-30,1620,1620,1620,1620,
1976-10-01,1669,1670,1620,1669,
1976-10-04,1638,1645,1612,1638,
1976-10-05,1611,1662,1610,1611,
1976-10-06,1596,1639,1596,1596,
1976-10-07,1649,1650,1576,1649,
1976-10-08,1657,1669,1635,1657,
1976-10-11,1684,1691,1663,1684,
1976-10-12,1630,1705,1615,1630,
1976-10-13,1678,1683,1636,1678,
1976-10-14,1662,1709,1661,1662,
1976-10-15,1665,1670,1650,1665,
1976-10-18,1727,1728,1671,1727,
1976-10-19,1732,1755,1720,1732,
1976-10-20,1757,1771,1752,1757,
1976-10-21,1772,1777,1757,1772,
1976-10-22,1780,1786,1775,1780,
1976-10-25,1827,1850,1808,1827,
1976-10-26,1852,1853,1802,1852,
1976-10-27,1874,1885,1840,1874,
1976-10-28,1926,1939,1900,1926,
1976-10-29,1892,1905,1870,1892,
1976-11-01,1953,1960,1925,1953,
1976-11-02,1943,1950,1934,1943,
1976-11-03,1915,1935,1914,1915,
1976-11-04,1932,1934,1893,1932,
1976-11-05,1983,1984,1951,1983,
1976-11-08,1958,2005,1958,1958,
1976-11-09,1968,2076,1955,1968,
1976-11-10,2047,2050,1999,2047,
1976-11-11,2073,2083,2060,2073,
1976-11-12,2113,2124,2072,2113,
1976-11-15,2104,2129,2087,2104,
1976-11-16,2103,2140,2103,2103,
1976-11-17,2070,2106,2070,2070,
1976-11-18,1994,2077,1994,1994,
1976-11-19,2056,2060,1960,2056,
1976-11-22,1987,2095,1985,1987,
1976-11-23,1950,2025,1944,1950,
1976-11-24,1949,1960,1915,1949,
1976-11-25,1989,1990,1950,1989,
1976-11-26,1967,1997,1963,1967,
1976-11-29,1909,1961,1903,1909,
1976-11-30,1854,1918,1854,1854,
1976-12-01,1868,1886,1842,1868,
1976-12-02,1931,1935,1895,1931,
1976-12-03,2012,2020,1962,2012,
1976-12-06,2069,2072,2023,2069,
1976-12-07,1985,2045,1985,1985,
1976-12-08,2065,2070,2000,2065,
1976-12-09,2028,2066,2010,2028,
1976-12-10,2066,2075,2051,2066,
1976-12-13,1960,2035,1960,1960,
1976-12-14,2030,2058,2020,2030,
1976-12-15,2023,2050,1975,2023,
1976-12-16,2029,2050,2020,2029,
1976-12-17,2062,2065,2042,2062,
1976-12-20,2096,2103,2070,2096,
1976-12-21,2109,2115,2097,2109,
1976-12-22,2147,2168,2145,2147,
1976-12-23,2116,2127,2104,2116,
1976-12-24,2083,2095,2080,2083,
1976-12-29,2060,2075,2055,2060,
1976-12-30,2000,2073,2000,2000,
1976-12-31,1980,2000,1973,1980,
1977-01-04,1949,1955,1895,1949,
1977-01-05,1967,1980,1958,1967,
1977-01-06,1954,1985,1950,1954,
1977-01-07,2023,2025,1970,2023,
1977-01-10,2121,2125,2054,2121,
1977-01-11,2149,2151,2091,2149,
1977-01-12,2183,2195,2130,2183,
1977-01-13,2183,2193,2145,2183,
1977-01-14,2228,2231,2170,2228,
1977-01-17,2260,2298,2242,2260,
1977-01-18,2210,2230,2195,2210,
1977-01-19,2173,2240,2173,2173,
1977-01-20,2145,2198,2143,2145,
1977-01-21,2223,2228,2175,2223,
1977-01-24,2199,2254,2193,2199,
1977-01-25,2255,2270,2175,2255,
1977-01-26,2302,2312,2245,2302,
1977-01-27,2316,2343,2301,2316,
1977-01-28,2346,2365,2290,2346,
1977-01-31,2380,2392,2350,2380,
1977-02-01,2367,2387,2353,2367,
1977-02-02,2384,2395,2333,2384,
1977-02-03,2402,2442,2397,2402,
1977-02-04,2428,2450,2407,2428,
1977-02-07,2476,2490,2418,2476,
1977-02-08,2471,2508,2468,2471,
1977-02-09,2503,2505,2440,2503,
1977-02-10,2463,2525,2460,2463,
1977-02-11,2381,2485,2375,2381,
1977-02-14,2339,2365,2305,2339,
1977-02-15,2375,2380,2348,2375,
1977-02-16,2458,2475,2400,2458,
1977-02-17,2310,2420,2305,2310,
1977-02-18,2315,2315,2240,2315,
1977-02-21,2300,2306,2275,2300,
1977-02-22,2325,2368,2295,2325,
1977-02-23,2386,2388,2320,2386,
1977-02-24,2470,2470,2410,2470,
1977-02-25,2558,2570,2508,2558,
1977-02-28,2542,2565,2485,2542,
1977-03-01,2641,2647,2570,2641,
1977-03-02,2702,2702,2565,2702,
1977-03-03,2705,2745,2700,2705,
1977-03-04,2665,2715,2640,2665,
1977-03-07,2837,2840,2770,2837,
1977-03-08,2725,2840,2710,2725,
1977-03-09,2620,2700,2615,2620,
1977-03-10,2090,2485,2090,2090,
1977-03-11,2310,2355,2150,2310,
1977-03-14,2405,2450,2365,2405,
1977-03-15,2660,2675,2565,2660,
1977-03-16,2610,2660,2600,2610,
1977-03-17,2718,2725,2679,2718,
1977-03-18,2740,2760,2660,2740,
1977-03-21,2720,2740,2695,2720,
1977-03-22,2540,2685,2540,2540,
1977-03-23,2520,2545,2500,2520,
1977-03-24,2500,2515,2460,2500,
1977-03-25,2426,2460,2405,2426,
1977-03-28,2420,2450,2400,2420,
1977-03-29,2345,2390,2340,2345,
1977-03-30,2380,2435,2380,2380,
1977-03-31,2340,2340,2340,2340,
1977-04-01,2270,2300,2250,2270,
1977-04-04,2204,2225,2185,2204,
1977-04-05,2266,2270,2165,2266,
1977-04-06,2362,2370,2324,2362,
1977-04-07,2456,2465,2345,2456,
1977-04-12,2380,2580,2370,2380,
1977-04-13,2325,2390,2300,2325,
1977-04-14,2360,2385,2310,2360,
1977-04-15,2280,2385,2265,2280,
1977-04-18,2296,2315,2225,2296,
1977-04-19,2273,2345,2245,2273,
1977-04-20,2286,2330,2222,2286,
1977-04-21,2306,2340,2280,2306,
1977-04-22,2285,2325,2266,2285,
1977-04-25,2266,2310,2250,2266,
1977-04-26,2286,2300,2250,2286,
1977-04-27,2379,2390,2260,2379,
1977-04-28,2389,2450,2345,2389,
1977-04-29,2468,2485,2393,2468,
1977-05-02,2460,2485,2440,2460,
1977-05-03,2452,2481,2441,2452,
1977-05-04,2405,2425,2400,2405,
1977-05-05,2361,2450,2361,2361,
1977-05-06,2298,2351,2295,2298,
1977-05-09,2286,2342,2245,2286,
1977-05-10,2260,2317,2260,2260,
1977-05-11,2315,2335,2250,2315,
1977-05-12,2395,2410,2360,2395,
1977-05-13,2426,2434,2380,2426,
1977-05-16,2508,2510,2430,2508,
1977-05-17,2580,2585,2525,2580,
1977-05-18,2755,2760,2565,2755,
1977-05-19,2820,2915,2785,2820,
1977-05-20,3111,3131,2880,3111,
1977-05-23,3110,3210,3075,3110,
1977-05-24,2911,3111,2911,2911,
1977-05-25,3060,3082,2950,3060,
1977-05-26,3175,3205,3140,3175,
1977-05-27,3170,3190,3120,3170,
1977-05-30,3175,3195,3155,3175,
1977-05-31,3350,3350,3350,3350,
1977-06-01,2747,2879,2746,2747,
1977-06-02,2845,2895,2790,2845,
1977-06-03,2925,2955,2900,2925,
1977-06-08,2957,3005,2925,2957,
1977-06-09,2982,3050,2937,2982,
1977-06-10,3007,3030,2945,3007,
1977-06-13,2935,3035,2860,2935,
1977-06-14,2985,3000,2855,2985,
1977-06-15,3014,3060,2980,3014,
1977-06-16,2897,2990,2860,2897,
1977-06-17,2810,2880,2805,2810,
1977-06-20,2871,2905,2775,2871,
1977-06-21,2969,2975,2830,2969,
1977-06-22,2942,3010,2910,2942,
1977-06-23,2990,3000,2955,2990,
1977-06-24,2998,3025,2980,2998,
1977-06-27,2912,2960,2900,2912,
1977-06-28,2975,2990,2910,2975,
1977-06-29,2955,2975,2935,2955,
1977-06-30,3017,3055,2980,3017,
1977-07-01,3001,3040,2990,3001,
1977-07-04,2950,2965,2940,2950,
1977-07-05,2977,2985,2950,2977,
1977-07-06,2950,3010,2940,2950,
1977-07-07,2940,2960,2920,2940,
1977-07-08,2966,2980,2940,2966,
1977-07-11,3125,3130,3000,3125,
1977-07-12,3305,3315,3200,3305,
1977-07-13,3292,3370,3290,3292,
1977-07-14,3232,3265,3190,3232,
1977-07-15,3371,3375,3240,3371,
1977-07-18,3400,3410,3375,3400,
1977-07-19,3310,3338,3300,3310,
1977-07-20,3105,3330,3105,3105,
1977-07-21,3120,3145,3050,3120,
1977-07-22,3020,3135,3020,3020,
1977-07-25,2910,3020,2880,2910,
1977-07-26,2895,2920,2880,2895,
1977-07-27,2768,2880,2765,2768,
1977-07-28,2826,2826,2690,2826,
1977-07-29,2910,2910,2910,2910,
1977-08-01,2865,2920,2865,2865,
1977-08-02,2855,2924,2845,2855,
1977-08-03,2750,2815,2735,2750,
1977-08-04,2700,2790,2695,2700,
1977-08-05,2660,2738,2650,2660,
1977-08-08,2720,2730,2630,2720,
1977-08-09,2650,2750,2650,2650,
1977-08-10,2705,2710,2615,2705,
1977-08-11,2652,2690,2635,2652,
1977-08-12,2735,2770,2660,2735,
1977-08-15,2740,2780,2730,2740,
1977-08-16,2635,2710,2625,2635,
1977-08-17,2635,2660,2621,2635,
1977-08-18,2656,2679,2645,2656,
1977-08-19,2664,2670,2654,2664,
1977-08-22,2564,2645,2560,2564,
1977-08-23,2566,2611,2560,2566,
1977-08-24,2675,2690,2570,2675,
1977-08-25,2657,2685,2650,2657,
1977-08-26,2631,2677,2625,2631,
1977-08-30,2685,2690,2610,2685,
1977-08-31,2705,2765,2700,2705,
1977-09-01,2726,2735,2685,2726,
1977-09-02,2828,2830,2735,2828,
1977-09-05,2785,2820,2780,2785,
1977-09-06,2701,2785,2700,2701,
1977-09-07,2700,2700,2655,2700,
1977-09-08,2665,2681,2650,2665,
1977-09-09,2758,2758,2695,2758,
1977-09-12,2815,2830,2780,2815,
1977-09-13,2798,2840,2790,2798,
1977-09-14,2840,2840,2790,2840,
1977-09-15,2825,2875,2825,2825,
1977-09-16,2770,2790,2765,2770,
1977-09-19,2756,2780,2755,2756,
1977-09-20,2800,2810,2790,2800,
1977-09-21,2795,2802,2780,2795,
1977-09-22,2860,2860,2790,2860,
1977-09-23,2980,3025,2868,2980,
1977-09-26,3035,3080,3020,3035,
1977-09-27,3099,3100,3030,3099,
1977-09-28,3150,3170,3030,3150,
1977-09-29,3250,3272,3200,3250,
1977-09-30,3390,3390,3200,3390,
1977-10-03,2618,2625,2470,2618,
1977-10-04,2555,2630,2550,2555,
1977-10-05,2510,2575,2492,2510,
1977-10-06,2465,2500,2450,2465,
1977-10-07,2491,2515,2465,2491,
1977-10-10,2535,2549,2510,2535,
1977-10-11,2475,2545,2460,2475,
1977-10-12,2370,2470,2360,2370,
1977-10-13,2380,2425,2375,2380,
1977-10-14,2355,2425,2350,2355,
1977-10-17,2395,2415,2315,2395,
1977-10-18,2410,2429,2385,2410,
1977-10-19,2384,2450,2370,2384,
1977-10-20,2383,2410,2370,2383,
1977-10-21,2422,2430,2385,2422,
1977-10-24,2507,2525,2430,2507,
1977-10-25,2466,2548,2463,2466,
1977-10-26,2448,2480,2426,2448,
1977-10-27,2385,2446,2380,2385,
1977-10-28,2415,2460,2400,2415,
1977-10-31,2422,2442,2375,2422,
1977-11-01,2463,2490,2405,2463,
1977-11-02,2437,2505,2435,2437,
1977-11-03,2525,2540,2485,2525,
1977-11-04,2476,2546,2476,2476,
1977-11-07,2462,2510,2462,2462,
1977-11-08,2469,2490,2465,2469,
1977-11-09,2471,2475,2450,2471,
1977-11-10,2534,2555,2485,2534,
1977-11-11,2514,2540,2510,2514,
1977-11-14,2515,2560,2464,2515,
1977-11-15,2536,2550,2500,2536,
1977-11-16,2506,2540,2500,2506,
1977-11-17,2508,2512,2480,2508,
1977-11-18,2280,2485,2275,2280,
1977-11-21,2281,2315,2270,2281,
1977-11-22,2326,2335,2295,2326,
1977-11-23,2354,2369,2330,2354,
1977-11-24,2175,2350,2170,2175,
1977-11-25,2138,2200,2110,2138,
1977-11-28,2108,2175,2090,2108,
1977-11-29,2042,2125,2010,2042,
1977-11-30,2085,2100,2010,2085,
1977-12-01,2053,2078,2015,2053,
1977-12-02,2060,2065,2050,2060,
1977-12-05,2063,2071,2040,2063,
1977-12-06,2062,2071,2055,2062,
1977-12-07,2069,2072,2055,2069,
1977-12-08,2055,2070,2050,2055,
1977-12-09,2065,2066,2057,2065,
1977-12-12,2139,2140,2057,2139,
1977-12-13,2147,2170,2142,2147,
1977-12-14,2126,2131,2050,2126,
1977-12-15,2091,2110,2080,2091,
1977-12-16,2065,2100,2060,2065,
1977-12-19,2070,2085,2070,2070,
1977-12-20,2029,2065,2025,2029,
1977-12-21,1980,2010,1980,1980,
1977-12-22,1846,1970,1846,1846,
1977-12-23,1855,1875,1850,1855,
1977-12-29,1770,1825,1770,1770,
1977-12-30,1770,1770,1770,1770,
1978-01-03,1753,1755,1727,1753,
1978-01-04,1761,1770,1740,1761,
1978-01-05,1756,1780,1750,1756,
1978-01-06,1706,1762,1705,1706,
1978-01-09,1721,1722,1692,1721,
1978-01-10,1732,1735,1712,1732,
1978-01-11,1748,1768,1735,1748,
1978-01-12,1742,1768,1735,1742,
1978-01-13,1738,1744,1730,1738,
1978-01-16,1700,1750,1698,1700,
1978-01-17,1690,1690,1674,1690,
1978-01-18,1661,1677,1645,1661,
1978-01-19,1628,1673,1621,1628,
1978-01-20,1596,1615,1595,1596,
1978-01-23,1563,1591,1559,1563,
1978-01-24,1557,1564,1523,1557,
1978-01-25,1547,1574,1537,1547,
1978-01-26,1537,1584,1535,1537,
1978-01-27,1505,1540,1500,1505,
1978-01-30,1574,1583,1508,1574,
1978-01-31,1560,1589,1550,1560,
1978-02-01,1550,1555,1522,1550,
1978-02-02,1552,1560,1535,1552,
1978-02-03,1532,1578,1528,1532,
1978-02-06,1567,1570,1525,1567,
1978-02-07,1554,1575,1542,1554,
1978-02-08,1564,1568,1540,1564,
1978-02-09,1592,1596,1552,1592,
1978-02-10,1613,1615,1582,1613,
1978-02-13,1594,1610,1580,1594,
1978-02-14,1545,1589,1542,1545,
1978-02-15,1528,1544,1513,1528,
1978-02-16,1529,1532,1513,1529,
1978-02-17,1538,1544,1530,1538,
1978-02-20,1540,1545,1525,1540,
1978-02-21,1560,1561,1538,1560,
1978-02-22,1563,1580,1554,1563,
1978-02-23,1608,1614,1550,1608,
1978-02-24,1655,1680,1615,1655,
1978-02-27,1710,1725,1680,1710,
1978-02-28,1700,1738,1662,1700,
1978-03-01,1710,1715,1655,1710,
1978-03-02,1875,1886,1730,1875,
1978-03-03,1750,1860,1748,1750,
1978-03-06,1855,1870,1755,1855,
1978-03-07,1820,1895,1805,1820,
1978-03-08,1830,1860,1810,1830,
1978-03-09,1900,1909,1820,1900,
1978-03-10,1920,1925,1890,1920,
1978-03-13,2040,2051,1930,2040,
1978-03-14,2012,2075,2005,2012,
1978-03-15,1965,1975,1918,1965,
1978-03-16,2000,2027,1990,2000,
1978-03-17,2001,2068,2001,2001,
1978-03-20,1956,2030,1955,1956,
1978-03-21,1940,1975,1915,1940,
1978-03-22,2010,2015,1970,2010,
1978-03-23,2123,2140,2054,2123,
1978-03-28,2270,2285,2225,2270,
1978-03-29,2181,2270,2125,2181,
1978-03-30,2191,2224,2090,2191,
1978-03-31,2160,2280,2160,2160,
1978-04-03,1995,2055,1980,1995,
1978-04-04,1950,2015,1941,1950,
1978-04-05,1971,1980,1910,1971,
1978-04-06,1975,2025,1934,1975,
1978-04-07,1962,1995,1920,1962,
1978-04-10,1948,1962,1925,1948,
1978-04-11,2083,2085,1950,2083,
1978-04-12,2041,2105,2035,2041,
1978-04-13,2076,2120,2034,2076,
1978-04-14,2071,2118,2060,2071,
1978-04-17,2075,2095,2070,2075,
1978-04-18,2018,2047,2010,2018,
1978-04-19,2035,2045,1978,2035,
1978-04-20,2047,2073,2020,2047,
1978-04-21,2045,2085,2030,2045,
1978-04-24,2125,2130,2055,2125,
1978-04-25,2078,2170,2076,2078,
1978-04-26,2095,2100,2079,2095,
1978-04-27,2095,2105,2072,2095,
1978-04-28,2044,2065,2030,2044,
1978-05-02,2061,2064,2020,2061,
1978-05-03,2052,2079,2050,2052,
1978-05-04,2067,2095,2050,2067,
1978-05-05,2035,2075,2035,2035,
1978-05-08,2030,2050,2015,2030,
1978-05-09,2005,2035,2005,2005,
1978-05-10,1930,2005,1925,1930,
1978-05-11,1918,1960,1915,1918,
1978-05-12,1910,1935,1905,1910,
1978-05-15,1950,1965,1902,1950,
1978-05-16,1910,1970,1905,1910,
1978-05-17,1896,1910,1870,1896,
1978-05-18,1825,1897,1825,1825,
1978-05-19,1835,1860,1825,1835,
1978-05-22,1830,1873,1830,1830,
1978-05-23,1821,1850,1820,1821,
1978-05-24,1840,1845,1820,1840,
1978-05-25,1860,1865,1838,1860,
1978-05-26,1831,1885,1830,1831,
1978-05-30,1800,1840,1800,1800,
1978-05-31,1815,1815,1755,1815,
1978-06-01,1698,1717,1686,1698,
1978-06-02,1680,1728,1678,1680,
1978-06-05,1664,1668,1640,1664,
1978-06-06,1671,1683,1651,1671,
1978-06-07,1707,1710,1655,1707,
1978-06-08,1704,1730,1691,1704,
1978-06-09,1680,1690,1675,1680,
1978-06-12,1683,1705,1670,1683,
1978-06-13,1698,1710,1687,1698,
1978-06-14,1696,1708,1690,1696,
1978-06-15,1725,1731,1699,1725,
1978-06-16,1723,1743,1714,1723,
1978-06-19,1792,1800,1700,1792,
1978-06-20,1825,1833,1784,1825,
1978-06-21,1794,1870,1780,1794,
1978-06-22,1855,1858,1795,1855,
1978-06-23,1811,1865,1799,1811,
1978-06-26,1851,1855,1800,1851,
1978-06-27,1834,1849,1818,1834,
1978-06-28,1852,1868,1826,1852,
1978-06-29,1835,1850,1835,1835,
1978-06-30,1839,1850,1820,1839,
1978-07-03,1854,1900,1840,1854,
1978-07-04,1831,1850,1831,1831,
1978-07-05,1805,1840,1800,1805,
1978-07-06,1740,1816,1738,1740,
1978-07-07,1715,1750,1700,1715,
1978-07-10,1738,1742,1713,1738,
1978-07-11,1730,1740,1728,1730,
1978-07-12,1719,1767,1716,1719,
1978-07-13,1683,1724,1681,1683,
1978-07-14,1686,1686,1670,1686,
1978-07-17,1718,1720,1683,1718,
1978-07-18,1713,1755,1712,1713,
1978-07-19,1778,1778,1728,1778,
1978-07-20,1770,1775,1770,1770,
1978-07-21,1750,1770,1745,1750,
1978-07-24,1735,1745,1725,1735,
1978-07-25,1745,1759,1731,1745,
1978-07-26,1725,1742,1725,1725,
1978-07-27,1731,1738,1727,1731,
1978-07-28,1766,1780,1740,1766,
1978-07-31,1795,1815,1770,1795,
1978-08-01,1785,1814,1777,1785,
1978-08-02,1776,1796,1774,1776,
1978-08-03,1790,1800,1776,1790,
1978-08-04,1786,1793,1779,1786,
1978-08-07,1792,1794,1785,1792,
1978-08-08,1809,1827,1795,1809,
1978-08-09,1832,1832,1815,1832,
1978-08-10,1826,1840,1825,1826,
1978-08-11,1818,1825,1812,1818,
1978-08-14,1824,1829,1820,1824,
1978-08-15,1835,1848,1827,1835,
1978-08-16,1824,1833,1812,1824,
1978-08-17,1833,1838,1822,1833,
1978-08-18,1812,1835,1807,1812,
1978-08-21,1756,1786,1750,1756,
1978-08-22,1774,1775,1762,1774,
1978-08-23,1800,1805,1780,1800,
1978-08-24,1801,1815,1789,1801,
1978-08-25,1792,1806,1788,1792,
1978-08-29,1825,1830,1770,1825,
1978-08-30,1850,1856,1825,1850,
1978-08-31,1895,1898,1865,1895,
1978-09-01,1915,1932,1898,1915,
1978-09-04,1928,1938,1917,1928,
1978-09-05,1917,1935,1907,1917,
1978-09-06,1939,1941,1896,1939,
1978-09-07,1988,1995,1955,1988,
1978-09-08,2013,2015,1995,2013,
1978-09-11,2015,2040,2010,2015,
1978-09-12,2041,2045,2012,2041,
1978-09-13,2025,2039,2020,2025,
1978-09-14,2032,2035,2025,2032,
1978-09-15,1995,2024,1993,1995,
1978-09-18,2029,2040,2008,2029,
1978-09-19,1980,2020,1980,1980,
1978-09-20,1970,1971,1945,1970,
1978-09-21,1977,1977,1955,1977,
1978-09-22,1964,1985,1952,1964,
1978-09-25,1980,1980,1965,1980,
1978-09-26,1969,1985,1962,1969,
1978-09-27,1932,1953,1932,1932,
1978-09-28,1900,1930,1900,1900,
1978-09-29,1898,1920,1891,1898,
1978-10-02,1947,1947,1933,1947,
1978-10-03,1979,1979,1955,1979,
1978-10-04,1955,1973,1953,1955,
1978-10-05,1925,1965,1920,1925,
1978-10-06,1938,1943,1925,1938,
1978-10-09,1932,1940,1932,1932,
1978-10-10,1908,1940,1905,1908,
1978-10-11,1889,1905,1867,1889,
1978-10-12,1902,1910,1880,1902,
1978-10-13,1905,1908,1895,1905,
1978-10-16,1897,1912,1895,1897,
1978-10-17,1880,1891,1877,1880,
1978-10-18,1918,1919,1880,1918,
1978-10-19,1960,1960,1934,1960,
1978-10-20,1967,1975,1935,1967,
1978-10-23,2011,2030,1995,2011,
1978-10-24,2011,2015,1980,2011,
1978-10-25,2003,2030,1995,2003,
1978-10-26,1974,2015,1970,1974,
1978-10-27,1959,1968,1950,1959,
1978-10-30,1975,1985,1955,1975,
1978-10-31,1959,1990,1940,1959,
1978-11-01,1947,1966,1934,1947,
1978-11-02,1965,1971,1955,1965,
1978-11-03,1962,1971,1953,1962,
1978-11-06,1960,1972,1955,1960,
1978-11-07,1995,1996,1958,1995,
1978-11-08,2020,2037,2005,2020,
1978-11-09,1985,2030,1985,1985,
1978-11-10,2005,2042,1990,2005,
1978-11-13,2026,2040,2010,2026,
1978-11-14,2035,2040,2005,2035,
1978-11-15,2086,2095,2050,2086,
1978-11-16,2102,2110,2087,2102,
1978-11-17,2090,2100,2083,2090,
1978-11-20,2118,2130,2100,2118,
1978-11-21,2100,2116,2093,2100,
1978-11-22,2085,2117,2075,2085,
1978-11-23,2095,2097,2075,2095,
1978-11-24,2130,2135,2119,2130,
1978-11-27,2157,2167,2140,2157,
1978-11-28,2145,2157,2142,2145,
1978-11-29,2115,2120,2085,2115,
1978-11-30,2085,2120,2080,2085,
1978-12-01,2056,2088,2047,2056,
1978-12-04,2060,2075,2055,2060,
1978-12-05,2040,2100,2040,2040,
1978-12-06,2031,2054,2031,2031,
1978-12-07,2050,2054,2036,2050,
1978-12-08,2010,2035,2008,2010,
1978-12-11,2010,2020,2010,2010,
1978-12-12,1990,2005,1986,1990,
1978-12-13,1972,2007,1972,1972,
1978-12-14,1965,1970,1960,1965,
1978-12-15,1985,2004,1978,1985,
1978-12-18,1945,1983,1944,1945,
1978-12-19,1937,1954,1934,1937,
1978-12-20,1920,1953,1920,1920,
1978-12-21,1905,1935,1905,1905,
1978-12-22,1888,1902,1888,1888,
1978-12-27,1923,1928,1912,1923,
1978-12-28,1957,1960,1920,1957,
1978-12-29,1971,2008,1967,1971,
1979-01-02,1936,1985,1932,1936,
1979-01-03,1905,1938,1904,1905,
1979-01-04,1945,1949,1910,1945,
1979-01-05,1951,1955,1940,1951,
1979-01-08,1930,1968,1925,1930,
1979-01-09,1916,1918,1895,1916,
1979-01-10,1930,1930,1912,1930,
1979-01-11,1944,1955,1928,1944,
1979-01-12,1878,1956,1875,1878,
1979-01-15,1860,1870,1842,1860,
1979-01-16,1841,1860,1828,1841,
1979-01-17,1805,1838,1800,1805,
1979-01-18,1816,1816,1775,1816,
1979-01-19,1786,1820,1783,1786,
1979-01-22,1803,1806,1782,1803,
1979-01-23,1789,1817,1789,1789,
1979-01-24,1751,1790,1746,1751,
1979-01-25,1726,1752,1721,1726,
1979-01-26,1719,1742,1705,1719,
1979-01-29,1741,1759,1708,1741,
1979-01-30,1736,1759,1721,1736,
1979-01-31,1693,1745,1682,1693,
1979-02-01,1686,1690,1664,1686,
1979-02-02,1675,1705,1673,1675,
1979-02-05,1692,1694,1660,1692,
1979-02-06,1737,1750,1687,1737,
1979-02-07,1698,1715,1680,1698,
1979-02-08,1742,1745,1716,1742,
1979-02-09,1789,1795,1760,1789,
1979-02-12,1788,1850,1786,1788,
1979-02-13,1716,1759,1710,1716,
1979-02-14,1728,1748,1707,1728,
1979-02-15,1750,1762,1732,1750,
1979-02-16,1745,1758,1738,1745,
1979-02-19,1786,1788,1740,1786,
1979-02-20,1734,1795,1728,1734,
1979-02-21,1720,1746,1715,1720,
1979-02-22,1743,1749,1723,1743,
1979-02-23,1789,1795,1750,1789,
1979-02-26,1762,1775,1746,1762,
1979-02-27,1766,1775,1755,1766,
1979-02-28,1761,1765,1742,1761,
1979-03-01,1720,1745,1720,1720,
1979-03-02,1705,1728,1704,1705,
1979-03-05,1682,1692,1669,1682,
1979-03-06,1690,1690,1664,1690,
1979-03-07,1680,1700,1676,1680,
1979-03-08,1708,1710,1683,1708,
1979-03-09,1723,1725,1711,1723,
1979-03-12,1718,1720,1700,1718,
1979-03-13,1716,1725,1714,1716,
1979-03-14,1635,1715,1635,1635,
1979-03-15,1645,1655,1630,1645,
1979-03-16,1660,1665,1641,1660,
1979-03-19,1660,1666,1647,1660,
1979-03-20,1649,1677,1647,1649,
1979-03-21,1636,1645,1636,1636,
1979-03-22,1653,1654,1636,1653,
1979-03-23,1650,1657,1648,1650,
1979-03-26,1648,1648,1640,1648,
1979-03-27,1640,1656,1640,1640,
1979-03-28,1650,1655,1648,1650,
1979-03-29,1656,1659,1653,1656,
1979-03-30,1650,1650,1650,1650,
1979-04-02,1654,1663,1649,1654,
1979-04-03,1627,1647,1626,1627,
1979-04-04,1635,1637,1614,1635,
1979-04-05,1625,1640,1624,1625,
1979-04-06,1593,1618,1592,1593,
1979-04-09,1580,1599,1577,1580,
1979-04-10,1560,1579,1555,1560,
1979-04-11,1565,1572,1556,1565,
1979-04-12,1573,1577,1563,1573,
1979-04-17,1552,1571,1534,1552,
1979-04-18,1578,1581,1547,1578,
1979-04-19,1593,1610,1585,1593,
1979-04-20,1650,1680,1579,1650,
1979-04-23,1656,1685,1635,1656,
1979-04-24,1644,1665,1635,1644,
1979-04-25,1620,1650,1615,1620,
1979-04-26,1628,1630,1615,1628,
1979-04-27,1631,1644,1624,1631,
1979-04-30,1636,1645,1627,1636,
1979-05-01,1643,1662,1642,1643,
1979-05-02,1634,1655,1633,1634,
1979-05-03,1611,1630,1600,1611,
1979-05-04,1585,1600,1583,1585,
1979-05-08,1593,1595,1569,1593,
1979-05-09,1630,1634,1600,1630,
1979-05-10,1638,1640,1630,1638,
1979-05-11,1628,1642,1625,1628,
1979-05-14,1640,1647,1638,1640,
1979-05-15,1661,1680,1658,1661,
1979-05-16,1658,1659,1651,1658,
1979-05-17,1672,1675,1661,1672,
1979-05-18,1714,1715,1685,1714,
1979-05-21,1743,1747,1730,1743,
1979-05-22,1755,1775,1755,1755,
1979-05-23,1740,1755,1740,1740,
1979-05-24,1776,1783,1758,1776,
1979-05-25,1776,1780,1770,1776,
1979-05-29,1773,1780,1767,1773,
1979-05-30,1725,1759,1725,1725,
1979-05-31,1720,1720,1720,1720,
1979-06-01,1652,1665,1651,1652,
1979-06-04,1688,1697,1660,1688,
1979-06-05,1713,1728,1705,1713,
1979-06-06,1699,1713,1697,1699,
1979-06-07,1700,1703,1690,1700,
1979-06-08,1708,1721,1708,1708,
1979-06-11,1716,1730,1708,1716,
1979-06-12,1655,1715,1651,1655,
1979-06-13,1659,1670,1650,1659,
1979-06-14,1649,1663,1628,1649,
1979-06-15,1660,1679,1650,1660,
1979-06-18,1620,1664,1620,1620,
1979-06-19,1617,1620,1590,1617,
1979-06-20,1588,1612,1583,1588,
1979-06-21,1593,1600,1571,1593,
1979-06-22,1596,1600,1586,1596,
1979-06-25,1566,1584,1560,1566,
1979-06-26,1560,1568,1545,1560,
1979-06-27,1590,1600,1568,1590,
1979-06-28,1594,1598,1578,1594,
1979-06-29,1615,1620,1594,1615,
1979-07-02,1557,1595,1556,1557,
1979-07-03,1495,1539,1492,1495,
1979-07-04,1488,1497,1480,1488,
1979-07-05,1492,1502,1478,1492,
1979-07-06,1430,1475,1430,1430,
1979-07-09,1437,1452,1435,1437,
1979-07-10,1462,1467,1450,1462,
1979-07-11,1401,1462,1400,1401,
1979-07-12,1419,1424,1410,1419,
1979-07-13,1400,1435,1399,1400,
1979-07-16,1395,1400,1390,1395,
1979-07-17,1405,1412,1382,1405,
1979-07-18,1395,1436,1395,1395,
1979-07-19,1380,1398,1377,1380,
1979-07-20,1401,1401,1394,1401,
1979-07-23,1371,1400,1371,1371,
1979-07-24,1338,1360,1338,1338,
1979-07-25,1310,1330,1310,1310,
1979-07-26,1290,1299,1290,1290,
1979-07-27,1315,1315,1300,1315,
1979-07-30,1295,1309,1290,1295,
1979-07-31,1322,1322,1322,1322,
1979-08-01,1379,1411,1375,1379,
1979-08-02,1361,1367,1347,1361,
1979-08-03,1372,1374,1348,1372,
1979-08-06,1396,1400,1377,1396,
1979-08-07,1438,1441,1400,1438,
1979-08-08,1408,1434,1405,1408,
1979-08-09,1370,1386,1361,1370,
1979-08-10,1355,1360,1335,1355,
1979-08-13,1347,1348,1330,1347,
1979-08-14,1385,1389,1366,1385,
1979-08-15,1379,1414,1379,1379,
1979-08-16,1362,1369,1347,1362,
1979-08-17,1415,1420,1379,1415,
1979-08-20,1382,1422,1378,1382,
1979-08-21,1396,1400,1370,1396,
1979-08-22,1402,1421,1390,1402,
1979-08-23,1405,1412,1390,1405,
1979-08-24,1400,1422,1398,1400,
1979-08-28,1358,1391,1358,1358,
1979-08-29,1336,1356,1325,1336,
1979-08-30,1315,1344,1315,1315,
1979-08-31,1325,1350,1324,1325,
1979-09-03,1321,1337,1320,1321,
1979-09-04,1337,1341,1321,1337,
1979-09-05,1352,1355,1340,1352,
1979-09-06,1355,1355,1344,1355,
1979-09-07,1377,1384,1355,1377,
1979-09-10,1395,1400,1385,1395,
1979-09-11,1416,1422,1405,1416,
1979-09-12,1413,1416,1401,1413,
1979-09-13,1445,1446,1423,1445,
1979-09-14,1467,1475,1462,1467,
1979-09-17,1456,1467,1450,1456,
1979-09-18,1472,1480,1472,1472,
1979-09-19,1459,1464,1459,1459,
1979-09-20,1427,1464,1426,1427,
1979-09-21,1408,1420,1403,1408,
1979-09-24,1435,1435,1420,1435,
1979-09-25,1477,1480,1441,1477,
1979-09-26,1450,1485,1450,1450,
1979-09-27,1455,1455,1435,1455,
1979-09-28,1482,1482,1482,1482,
1979-10-01,1547,1550,1512,1547,
1979-10-02,1543,1570,1530,1543,
1979-10-03,1516,1550,1510,1516,
1979-10-04,1478,1530,1476,1478,
1979-10-05,1494,1502,1470,1494,
1979-10-08,1507,1510,1486,1507,
1979-10-09,1523,1526,1498,1523,
1979-10-10,1517,1545,1517,1517,
1979-10-11,1474,1503,1470,1474,
1979-10-12,1443,1486,1442,1443,
1979-10-15,1422,1445,1421,1422,
1979-10-16,1436,1438,1407,1436,
1979-10-17,1398,1413,1390,1398,
1979-10-18,1393,1421,1391,1393,
1979-10-19,1424,1430,1409,1424,
1979-10-22,1439,1462,1430,1439,
1979-10-23,1438,1438,1425,1438,
1979-10-24,1432,1438,1425,1432,
1979-10-25,1370,1415,1355,1370,
1979-10-26,1380,1384,1355,1380,
1979-10-29,1372,1397,1372,1372,
1979-10-30,1360,1379,1341,1360,
1979-10-31,1412,1415,1368,1412,
1979-11-01,1418,1420,1397,1418,
1979-11-02,1391,1416,1391,1391,
1979-11-05,1395,1400,1376,1395,
1979-11-06,1450,1459,1396,1450,
1979-11-07,1452,1465,1434,1452,
1979-11-08,1445,1461,1445,1445,
1979-11-09,1451,1462,1440,1451,
1979-11-12,1450,1470,1444,1450,
1979-11-13,1460,1470,1451,1460,
1979-11-14,1425,1475,1423,1425,
1979-11-15,1404,1429,1400,1404,
1979-11-16,1399,1405,1380,1399,
1979-11-19,1391,1397,1380,1391,
1979-11-20,1430,1433,1404,1430,
1979-11-21,1435,1458,1434,1435,
1979-11-22,1444,1451,1440,1444,
1979-11-23,1467,1480,1450,1467,
1979-11-26,1510,1515,1484,1510,
1979-11-27,1526,1532,1510,1526,
1979-11-28,1525,1535,1515,1525,
1979-11-29,1517,1520,1495,1517,
1979-11-30,1510,1540,1510,1510,
1979-12-03,1516,1522,1501,1516,
1979-12-04,1477,1515,1477,1477,
1979-12-05,1481,1484,1464,1481,
1979-12-06,1485,1495,1482,1485,
1979-12-07,1462,1482,1462,1462,
1979-12-10,1482,1487,1470,1482,
1979-12-11,1499,1500,1485,1499,
1979-12-12,1496,1510,1496,1496,
1979-12-13,1487,1498,1487,1487,
1979-12-14,1477,1497,1477,1477,
1979-12-17,1523,1523,1490,1523,
1979-12-18,1535,1540,1525,1535,
1979-12-19,1501,1535,1501,1501,
1979-12-20,1472,1509,1471,1472,
1979-12-21,1475,1483,1470,1475,
1979-12-27,1462,1475,1462,1462,
1979-12-28,1436,1455,1432,1436,
1979-12-31,1446,1488,1445,1446,
1980-01-02,1418,1470,1415,1418,
1980-01-03,1444,1445,1425,1444,
1980-01-04,1437,1448,1424,1437,
1980-01-07,1437,1444,1429,1437,
1980-01-08,1479,1480,1447,1479,
1980-01-09,1476,1482,1463,1476,
1980-01-10,1466,1470,1462,1466,
1980-01-11,1471,1474,1447,1471,
1980-01-14,1463,1485,1460,1463,
1980-01-15,1468,1471,1453,1468,
1980-01-16,1456,1475,1453,1456,
1980-01-17,1457,1462,1442,1457,
1980-01-18,1461,1467,1457,1461,
1980-01-21,1441,1456,1441,1441,
1980-01-22,1432,1442,1432,1432,
1980-01-23,1449,1455,1437,1449,
1980-01-24,1453,1457,1448,1453,
1980-01-25,1459,1460,1448,1459,
1980-01-28,1468,1470,1459,1468,
1980-01-29,1474,1478,1465,1474,597.0
1980-01-30,1483,1490,1475,1483,757.0
1980-01-31,1468,1492,1466,1468,993.0
1980-02-01,1474,1477,1459,1474,400.0
1980-02-04,1482,1485,1465,1482,792.0
1980-02-05,1481,1496,1479,1481,672.0
1980-02-06,1480,1485,1470,1480,702.0
1980-02-07,1465,1476,1460,1465,535.0
1980-02-08,1472,1480,1466,1472,520.0
1980-02-11,1476,1478,1460,1476,379.0
1980-02-12,1468,1484,1464,1468,380.0
1980-02-13,1500,1520,1468,1500,961.0
1980-02-14,1479,1498,1470,1479,532.0
1980-02-15,1445,1477,1445,1445,381.0
1980-02-18,1451,1453,1445,1451,223.0
1980-02-19,1412,1463,1410,1412,501.0
1980-02-20,1403,1421,1390,1403,449.0
1980-02-21,1399,1407,1393,1399,440.0
1980-02-22,1362,1380,1355,1362,532.0
1980-02-25,1371,1380,1360,1371,247.0
1980-02-26,1383,1388,1370,1383,373.0
1980-02-27,1363,1370,1360,1363,733.0
1980-02-28,1359,1385,1359,1359,109.0
1980-02-29,1342,1355,1340,1342,
1980-03-03,1377,1378,1328,1377,21.0
1980-03-04,1377,1380,1370,1377,
1980-03-05,1393,1393,1370,1393,
1980-03-06,1376,1400,1376,1376,272.0
1980-03-07,1365,1370,1361,1365,113.0
1980-03-10,1372,1380,1368,1372,217.0
1980-03-11,1372,1375,1365,1372,24.0
1980-03-12,1373,1383,1373,1373,27.0
1980-03-13,1355,1370,1355,1355,45.0
1980-03-14,1365,1366,1357,1365,66.0
1980-03-17,1377,1384,1375,1377,365.0
1980-03-18,1384,1384,1368,1384,91.0
1980-03-19,1393,1395,1390,1393,82.0
1980-03-20,1397,1400,1388,1397,
1980-03-21,1405,1410,1397,1405,65.0
1980-03-24,1426,1426,1415,1426,31.0
1980-03-25,1424,1430,1419,1424,19.0
1980-03-26,1401,1415,1401,1401,12.0
1980-03-27,1391,1408,1391,1391,5.0
1980-03-28,1384,1390,1384,1384,19.0
1980-03-31,1403,1403,1403,1403,19.0
1980-04-01,1397,1411,1395,1397,390.0
1980-04-02,1388,1399,1388,1388,461.0
1980-04-03,1405,1408,1396,1405,228.0
1980-04-08,1405,1418,1404,1405,117.0
1980-04-09,1394,1410,1391,1394,355.0
1980-04-10,1376,1393,1368,1376,958.0
1980-04-11,1342,1375,1337,1342,491.0
1980-04-14,1333,1342,1328,1333,466.0
1980-04-15,1325,1337,1325,1325,346.0
1980-04-16,1320,1323,1310,1320,346.0
1980-04-17,1306,1329,1305,1306,277.0
1980-04-18,1275,1319,1270,1275,578.0
1980-04-21,1246,1266,1237,1246,687.0
1980-04-22,1254,1256,1235,1254,173.0
1980-04-23,1249,1252,1230,1249,559.0
1980-04-24,1256,1261,1245,1256,354.0
1980-04-25,1272,1292,1266,1272,295.0
1980-04-28,1243,1256,1238,1243,571.0
1980-04-29,1237,1240,1230,1237,130.0
1980-04-30,1210,1244,1205,1210,415.0
1980-05-01,1175,1198,1166,1175,343.0
1980-05-02,1175,1190,1175,1175,160.0
1980-05-06,1179,1195,1173,1179,160.0
1980-05-07,1194,1197,1170,1194,629.0
1980-05-08,1214,1225,1205,1214,95.0
1980-05-09,1205,1239,1205,1205,
1980-05-12,1209,1222,1209,1209,40.0
1980-05-13,1192,1197,1189,1192,21.0
1980-05-14,1200,1200,1178,1200,47.0
1980-05-15,1165,1190,1158,1165,72.0
1980-05-16,1168,1169,1154,1168,21.0
1980-05-19,1159,1176,1155,1159,49.0
1980-05-20,1090,1138,1090,1090,30.0
1980-05-21,1080,1092,1080,1080,42.0
1980-05-22,1080,1088,1080,1080,24.0
1980-05-23,1067,1078,1067,1067,7.0
1980-05-27,1040,1065,1040,1040,46.0
1980-05-28,1045,1070,1045,1045,16.0
1980-05-29,1080,1090,1075,1080,12.0
1980-05-30,1131,1131,1131,1131,12.0
1980-06-02,1040,1054,1026,1040,12.0
1980-06-03,1052,1065,1030,1052,12.0
1980-06-04,1071,1076,1055,1071,12.0
1980-06-05,1078,1080,1064,1078,12.0
1980-06-06,1093,1104,1080,1093,12.0
1980-06-09,1092,1135,1088,1092,12.0
1980-06-10,1105,1109,1080,1105,12.0
1980-06-11,1118,1119,1095,1118,12.0
1980-06-12,1081,1132,1080,1081,12.0
1980-06-13,1082,1096,1080,1082,12.0
1980-06-16,1100,1102,1098,1100,12.0
1980-06-17,1107,1112,1099,1107,12.0
1980-06-18,1103,1105,1095,1103,12.0
1980-06-19,1107,1115,1105,1107,12.0
1980-06-20,1102,1115,1102,1102,12.0
1980-06-23,1102,1110,1098,1102,12.0
1980-06-24,1107,1109,1101,1107,12.0
1980-06-25,1091,1106,1085,1091,12.0
1980-06-26,1060,1079,1060,1060,12.0
1980-06-27,1050,1060,1041,1050,12.0
1980-06-30,1009,1035,1006,1009,12.0
1980-07-01,1035,1040,1005,1035,12.0
1980-07-02,1047,1049,1030,1047,12.0
1980-07-03,1048,1053,1043,1048,12.0
1980-07-04,1038,1056,1038,1038,12.0
1980-07-07,1042,1050,1037,1042,12.0
1980-07-08,1053,1055,1050,1053,12.0
1980-07-09,1038,1043,1032,1038,12.0
1980-07-10,1035,1037,1031,1035,12.0
1980-07-11,1022,1032,1017,1022,12.0
1980-07-14,1050,1052,1025,1050,12.0
1980-07-15,1060,1061,1044,1060,12.0
1980-07-16,1053,1062,1053,1053,12.0
1980-07-17,1041,1055,1041,1041,12.0
1980-07-18,1038,1042,1036,1038,12.0
1980-07-21,1048,1051,1047,1048,12.0
1980-07-22,1051,1056,1048,1051,12.0
1980-07-23,1052,1052,1048,1052,12.0
1980-07-24,1040,1050,1038,1040,12.0
1980-07-25,1010,1016,1006,1010,12.0
1980-07-28,1001,1011,999,1001,12.0
1980-07-29,1018,1018,997,1018,12.0
1980-07-30,990,1022,990,990,12.0
1980-07-31,992,992,992,992,12.0
1980-08-01,980,990,980,980,12.0
1980-08-04,979,992,978,979,12.0
1980-08-05,981,981,970,981,12.0
1980-08-06,980,988,974,980,12.0
1980-08-07,984,986,969,984,12.0
1980-08-08,977,981,972,977,12.0
1980-08-11,990,997,974,990,12.0
1980-08-12,992,1000,984,992,12.0
1980-08-13,1002,1003,992,1002,12.0
1980-08-14,976,984,972,976,12.0
1980-08-15,978,981,975,978,12.0
1980-08-18,980,982,973,980,12.0
1980-08-19,960,978,960,960,12.0
1980-08-20,954,958,953,954,12.0
1980-08-21,952,960,950,952,12.0
1980-08-22,953,962,952,953,12.0
1980-08-26,952,958,952,952,12.0
1980-08-27,953,958,950,953,12.0
1980-08-28,939,950,938,939,12.0
1980-08-29,936,941,933,936,12.0
1980-09-01,935,940,933,935,12.0
1980-09-02,929,935,924,929,12.0
1980-09-03,930,935,929,930,12.0
1980-09-04,926,934,925,926,12.0
1980-09-05,935,940,930,935,12.0
1980-09-08,959,963,950,959,12.0
1980-09-09,977,980,966,977,12.0
1980-09-10,970,975,968,970,12.0
1980-09-11,965,972,962,965,12.0
1980-09-12,1000,1000,980,1000,12.0
1980-09-15,1003,1007,997,1003,12.0
1980-09-16,1001,1002,999,1001,12.0
1980-09-17,1001,1003,998,1001,12.0
1980-09-18,995,1000,995,995,12.0
1980-09-19,996,998,990,996,12.0
1980-09-22,1018,1023,1002,1018,12.0
1980-09-23,1013,1015,1013,1013,12.0
1980-09-24,986,1010,986,986,12.0
1980-09-25,994,1003,990,994,12.0
1980-09-26,964,980,961,964,12.0
1980-09-29,945,953,935,945,12.0
1980-09-30,940,940,940,940,12.0
1980-10-01,970,977,968,970,12.0
1980-10-02,967,970,963,967,12.0
1980-10-03,974,982,972,974,12.0
1980-10-06,984,987,974,984,12.0
1980-10-07,973,979,968,973,12.0
1980-10-08,962,971,961,962,12.0
1980-10-09,978,982,967,978,12.0
1980-10-10,977,985,975,977,12.0
1980-10-13,973,974,967,973,12.0
1980-10-14,981,983,977,981,12.0
1980-10-15,975,996,975,975,12.0
1980-10-16,967,976,965,967,12.0
1980-10-17,951,964,951,951,12.0
1980-10-20,958,968,957,958,12.0
1980-10-21,960,962,952,960,12.0
1980-10-22,961,967,958,961,12.0
1980-10-23,958,963,958,958,12.0
1980-10-24,950,956,950,950,12.0
1980-10-27,951,956,949,951,12.0
1980-10-28,922,953,922,922,12.0
1980-10-29,923,924,917,923,12.0
1980-10-30,917,927,916,917,12.0
1980-10-31,940,942,926,940,12.0
1980-11-03,922,949,922,922,12.0
1980-11-04,914,919,908,914,12.0
1980-11-05,893,912,890,893,12.0
1980-11-06,866,896,864,866,12.0
1980-11-07,887,888,873,887,12.0
1980-11-10,897,899,885,897,12.0
1980-11-11,883,893,881,883,12.0
1980-11-12,903,910,885,903,12.0
1980-11-13,920,941,909,920,12.0
1980-11-14,893,923,892,893,12.0
1980-11-17,901,903,890,901,12.0
1980-11-18,882,900,880,882,12.0
1980-11-19,893,895,884,893,12.0
1980-11-20,883,896,882,883,12.0
1980-11-21,888,890,878,888,12.0
1980-11-24,888,892,883,888,12.0
1980-11-25,875,883,875,875,12.0
1980-11-26,858,876,857,858,12.0
1980-11-27,856,861,855,856,12.0
1980-11-28,852,859,848,852,12.0
1980-12-01,855,857,850,855,12.0
1980-12-02,858,872,853,858,12.0
1980-12-03,872,875,869,872,12.0
1980-12-04,866,869,863,866,12.0
1980-12-05,863,868,863,863,12.0
1980-12-08,855,860,847,855,12.0
1980-12-09,845,849,845,845,12.0
1980-12-10,849,859,849,849,12.0
1980-12-11,837,850,837,837,12.0
1980-12-12,843,844,842,843,12.0
1980-12-15,862,862,850,862,12.0
1980-12-16,843,860,843,843,12.0
1980-12-17,850,852,845,850,12.0
1980-12-18,854,854,853,854,12.0
1980-12-19,858,860,856,858,12.0
1980-12-22,861,866,861,861,12.0
1980-12-23,866,867,861,866,12.0
1980-12-24,872,875,871,872,12.0
1980-12-29,865,875,865,865,12.0
1980-12-30,865,885,865,865,12.0
1980-12-31,838,865,838,838,12.0
1981-01-02,891,895,885,891,136.0
1981-01-05,887,891,878,887,852.0
1981-01-06,882,885,880,882,537.0
1981-01-07,871,884,870,871,478.0
1981-01-08,863,870,858,863,647.0
1981-01-09,868,870,861,868,321.0
1981-01-12,861,872,861,861,595.0
1981-01-13,852,862,848,852,529.0
1981-01-14,862,863,849,862,772.0
1981-01-15,869,872,865,869,500.0
1981-01-16,866,870,863,866,228.0
1981-01-19,869,872,858,869,357.0
1981-01-20,856,866,856,856,370.0
1981-01-21,854,859,852,854,268.0
1981-01-22,841,850,840,841,451.0
1981-01-23,842,847,838,842,336.0
1981-01-26,839,841,837,839,906.0
1981-01-27,835,838,832,835,281.0
1981-01-28,837,839,833,837,345.0
1981-01-29,841,843,838,841,273.0
1981-01-30,847,848,837,847,333.0
1981-02-02,853,857,843,853,399.0
1981-02-03,841,842,833,841,322.0
1981-02-04,843,845,840,843,509.0
1981-02-05,839,845,839,839,259.0
1981-02-06,842,843,832,842,376.0
1981-02-09,852,855,850,852,198.0
1981-02-10,848,857,848,848,489.0
1981-02-11,841,847,841,841,348.0
1981-02-12,829,842,829,829,295.0
1981-02-13,834,838,831,834,378.0
1981-02-16,836,842,835,836,274.0
1981-02-17,837,841,835,837,228.0
1981-02-18,844,853,840,844,363.0
1981-02-19,842,845,842,842,504.0
1981-02-20,847,854,844,847,468.0
1981-02-23,864,865,857,864,185.0
1981-02-24,878,880,868,878,592.0
1981-02-25,885,885,877,885,456.0
1981-02-26,885,891,884,885,245.0
1981-02-27,878,890,874,878,385.0
1981-03-02,865,883,865,865,470.0
1981-03-03,850,860,850,850,247.0
1981-03-04,852,862,852,852,407.0
1981-03-05,840,850,835,840,189.0
1981-03-06,840,847,834,840,179.0
1981-03-09,835,849,835,835,82.0
1981-03-10,829,840,825,829,143.0
1981-03-11,829,829,825,829,89.0
1981-03-12,859,859,835,859,184.0
1981-03-13,875,875,865,875,184.0
1981-03-16,881,890,880,881,220.0
1981-03-17,880,882,880,880,10.0
1981-03-18,880,880,880,880,10.0
1981-03-19,895,895,895,895,14.0
1981-03-20,885,885,885,885,17.0
1981-03-23,870,870,865,870,1.0
1981-03-24,860,860,860,860,1.0
1981-03-25,868,870,865,868,45.0
1981-03-26,870,870,870,870,17.0
1981-03-27,840,870,840,840,5.0
1981-03-30,856,856,856,856,5.0
1981-03-31,859,860,850,859,5.0
1981-04-01,927,930,921,927,391.0
1981-04-02,929,932,928,929,348.0
1981-04-03,938,939,934,938,340.0
1981-04-06,941,947,938,941,340.0
1981-04-07,933,942,930,933,287.0
1981-04-08,929,938,925,929,488.0
1981-04-09,935,937,930,935,99.0
1981-04-10,942,945,938,942,443.0
1981-04-13,936,942,931,936,197.0
1981-04-14,936,939,934,936,127.0
1981-04-15,952,955,940,952,162.0
1981-04-16,970,979,960,970,425.0
1981-04-21,960,960,955,960,425.0
1981-04-22,952,956,948,952,663.0
1981-04-23,953,962,952,953,274.0
1981-04-24,936,946,935,936,230.0
1981-04-27,931,933,927,931,665.0
1981-04-28,928,936,928,928,347.0
1981-04-29,917,921,910,917,499.0
1981-04-30,924,926,920,924,272.0
1981-05-01,922,923,920,922,395.0
1981-05-05,908,917,904,908,589.0
1981-05-06,911,917,910,911,634.0
1981-05-07,908,912,907,908,44.0
1981-05-08,915,916,898,915,116.0
1981-05-11,909,913,907,909,91.0
1981-05-12,897,905,895,897,132.0
1981-05-13,897,904,893,897,89.0
1981-05-14,891,896,890,891,67.0
1981-05-15,896,900,890,896,42.0
1981-05-18,887,890,887,887,32.0
1981-05-19,879,893,879,879,313.0
1981-05-20,877,882,877,877,14.0
1981-05-21,876,885,876,876,100.0
1981-05-22,873,878,873,873,19.0
1981-05-26,848,878,848,848,20.0
1981-05-27,836,841,836,836,50.0
1981-05-28,853,854,846,853,13.0
1981-05-29,860,860,848,860,13.0
1981-06-01,845,877,843,845,13.0
1981-06-02,846,850,835,846,13.0
1981-06-03,840,852,839,840,13.0
1981-06-04,841,855,834,841,13.0
1981-06-05,842,845,832,842,13.0
1981-06-08,829,833,824,829,13.0
1981-06-09,826,828,821,826,13.0
1981-06-10,823,834,823,823,13.0
1981-06-11,811,823,808,811,13.0
1981-06-12,794,810,794,794,13.0
1981-06-15,795,800,793,795,13.0
1981-06-16,791,798,784,791,13.0
1981-06-17,790,791,788,790,13.0
1981-06-18,763,786,757,763,13.0
1981-06-19,763,764,753,763,13.0
1981-06-22,762,763,755,762,13.0
1981-06-23,760,770,759,760,13.0
1981-06-24,793,795,759,793,13.0
1981-06-25,795,818,782,795,13.0
1981-06-26,846,846,820,846,13.0
1981-06-29,839,858,838,839,13.0
1981-06-30,822,835,790,822,13.0
1981-07-01,936,936,864,936,13.0
1981-07-02,920,935,920,920,13.0
1981-07-03,945,951,905,945,13.0
1981-07-06,1000,1040,978,1000,13.0
1981-07-07,1026,1026,980,1026,13.0
1981-07-08,1014,1040,1012,1014,13.0
1981-07-09,975,1005,975,975,13.0
1981-07-10,1030,1035,1010,1030,13.0
1981-07-13,1060,1095,1060,1060,13.0
1981-07-14,1060,1075,1054,1060,13.0
1981-07-15,1055,1075,1055,1055,13.0
1981-07-16,1060,1060,1058,1060,13.0
1981-07-17,1050,1062,1050,1050,13.0
1981-07-20,1000,1064,1058,1064,13.0
1981-07-21,1062,1100,1100,1100,13.0
1981-07-22,1090,1105,1105,1105,13.0
1981-07-23,1085,1100,1080,1080,13.0
1981-07-24,1115,1120,1120,1120,13.0
1981-07-27,1135,1133,1118,1118,13.0
1981-07-28,1118,1130,1120,1120,13.0
1981-07-30,1112,1120,1110,1110,13.0
1981-07-31,1150,1165,1147,1152,13.0
1981-08-03,1166,1183,1164,1180,13.0
1981-08-04,1185,1195,1177,1193,13.0
1981-08-05,1207,1215,1192,1194,13.0
1981-08-06,1204,1209,1192,1199,13.0
1981-08-07,1194,1245,1190,1229,13.0
1981-08-10,1259,1265,1243,1243,13.0
1981-08-11,1253,1260,1243,1254,13.0
1981-08-12,1242,1248,1218,1219,13.0
1981-08-13,1218,1225,1205,1205,13.0
1981-08-14,1218,1221,1209,1209,13.0
1981-08-17,1232,1240,1225,1225,13.0
1981-08-18,1219,1220,1200,1204,13.0
1981-08-19,1203,1203,1188,1188,13.0
1981-08-20,1193,1205,1192,1203,13.0
1981-08-21,1196,1203,1186,1186,13.0
1981-08-24,1199,1205,1191,1191,13.0
1981-08-25,1200,1207,1200,1203,13.0
1981-08-26,1202,1206,1196,1197,13.0
1981-08-27,1198,1203,1178,1178,13.0
1981-08-28,1194,1198,1190,1192,13.0
1981-09-01,1205,1215,1205,1212,13.0
1981-09-02,1223,1228,1210,1215,13.0
1981-09-03,1228,1230,1222,1226,13.0
1981-09-04,1222,1226,1216,1217,13.0
1981-09-07,1215,1225,1221,1221,13.0
1981-09-08,1231,1237,1230,1230,13.0
1981-09-09,1230,1234,1229,1230,13.0
1981-09-10,1230,1245,1235,1238,13.0
1981-09-11,1225,1235,1232,1232,13.0
1981-09-14,1220,1250,1240,1245,13.0
1981-09-15,1240,1250,1250,1250,13.0
1981-09-16,1230,1243,1230,1230,13.0
1981-09-17,1210,1238,1230,1230,13.0
1981-09-18,1226,1232,1232,1232,13.0
1981-09-21,1235,1252,1250,1250,13.0
1981-09-22,1240,1248,1240,1240,13.0
1981-09-23,1235,1245,1242,1242,13.0
1981-09-24,1240,1253,1246,1246,13.0
1981-09-25,1220,1250,1239,1250,13.0
1981-09-28,1290,1280,1269,1278,13.0
1981-09-29,1270,1295,1283,1290,13.0
1981-09-30,1290,1295,1290,1290,13.0
1981-10-01,1317,1319,1302,1304,13.0
1981-10-02,1310,1312,1303,1307,13.0
1981-10-05,1304,1313,1292,1292,13.0
1981-10-06,1283,1290,1274,1280,13.0
1981-10-07,1265,1270,1184,1210,13.0
1981-10-08,1148,1192,1141,1174,13.0
1981-10-09,1205,1215,1160,1204,13.0
1981-10-12,1193,1236,1195,1235,13.0
1981-10-13,1245,1256,1240,1249,13.0
1981-10-14,1264,1268,1248,1256,13.0
1981-10-15,1249,1265,1242,1248,13.0
1981-10-16,1247,1306,1245,1293,13.0
1981-10-19,1297,1304,1278,1278,13.0
1981-10-20,1279,1280,1172,1179,13.0
1981-10-21,1156,1180,1125,1159,13.0
1981-10-22,1152,1186,1142,1181,13.0
1981-10-23,1190,1198,1173,1185,13.0
1981-10-26,1169,1175,1163,1168,13.0
1981-10-27,1172,1170,1146,1161,13.0
1981-10-28,1155,1160,1145,1156,13.0
1981-10-29,1167,1183,1154,1170,13.0
1981-10-30,1174,1185,1165,1167,13.0
1981-11-02,1167,1195,1154,1190,13.0
1981-11-03,1195,1203,1181,1185,13.0
1981-11-04,1177,1191,1174,1174,13.0
1981-11-05,1165,1174,1152,1152,13.0
1981-11-06,1143,1152,1137,1150,13.0
1981-11-09,1172,1184,1167,1171,13.0
1981-11-10,1162,1164,1143,1145,13.0
1981-11-11,1123,1152,1115,1147,13.0
1981-11-12,1141,1143,1120,1126,13.0
1981-11-13,1126,1158,1126,1152,13.0
1981-11-16,1148,1152,1135,1137,13.0
1981-11-17,1137,1139,1104,1115,13.0
1981-11-18,1116,1118,1058,1060,13.0
1981-11-19,1062,1090,1052,1063,13.0
1981-11-20,1082,1090,1054,1054,13.0
1981-11-23,1050,1063,1050,1059,13.0
1981-11-24,1072,1083,1072,1078,13.0
1981-11-25,1084,1091,1080,1082,13.0
1981-11-26,1083,1092,1082,1082,13.0
1981-11-27,1080,1093,1080,1091,13.0
1981-11-30,1086,1090,1083,1085,13.0
1981-12-01,1073,1100,1073,1097,13.0
1981-12-02,1114,1122,1111,1118,13.0
1981-12-03,1133,1155,1133,1154,13.0
1981-12-04,1145,1159,1144,1159,13.0
1981-12-07,1145,1155,1145,1145,13.0
1981-12-08,1150,1154,1139,1152,13.0
1981-12-09,1145,1148,1144,1144,13.0
1981-12-10,1153,1156,1148,1151,13.0
1981-12-11,1145,1179,1145,1177,13.0
1981-12-14,1180,1189,1180,1186,13.0
1981-12-15,1170,1180,1170,1175,13.0
1981-12-16,1167,1175,1164,1164,13.0
1981-12-17,1160,1167,1157,1157,13.0
1981-12-18,1150,1163,1150,1161,13.0
1981-12-21,1150,1155,1145,1148,13.0
1981-12-22,1135,1147,1118,1121,13.0
1981-12-23,1120,1144,1120,1142,13.0
1981-12-24,1135,1145,1135,1141,13.0
1981-12-29,1130,1146,1130,1139,13.0
1981-12-30,1130,1135,1120,1120,13.0
1981-12-31,1120,1149,1126,1145,13.0
1982-01-04,1156,1169,1149,1168,935.0
1982-01-05,1184,1216,1182,1212,
1982-01-06,1199,1204,1185,1188,981.0
1982-01-07,1192,1197,1187,1193,759.0
1982-01-08,1193,1210,1191,1193,791.0
1982-01-11,1198,1205,1198,1203,544.0
1982-01-12,1208,1216,1208,1215,784.0
1982-01-13,1212,1226,1210,1223,959.0
1982-01-14,1210,1210,1189,1191,
1982-01-15,1198,1200,1191,1194,198.0
1982-01-18,1192,1210,1193,1207,983.0
1982-01-19,1218,1223,1211,1215,
1982-01-20,1217,1234,1217,1224,
1982-01-21,1223,1225,1215,1220,914.0
1982-01-22,1218,1227,1217,1218,356.0
1982-01-25,1205,1209,1196,1202,841.0
1982-01-26,1194,1208,1191,1200,703.0
1982-01-27,1204,1213,1199,1207,579.0
1982-01-28,1198,1207,1196,1206,480.0
1982-01-29,1214,1215,1178,1180,771.0
1982-02-01,1168,1172,1149,1156,771.0
1982-02-02,1154,1174,1154,1154,499.0
1982-02-03,1169,1178,1164,1173,417.0
1982-02-04,1169,1184,1168,1182,204.0
1982-02-05,1200,1224,1188,1215,
1982-02-08,1225,1228,1207,1208,825.0
1982-02-09,1208,1210,1195,1207,421.0
1982-02-10,1204,1212,1203,1210,371.0
1982-02-11,1217,1234,1210,1215,493.0
1982-02-12,1218,1220,1209,1217,117.0
1982-02-15,1224,1227,1210,1213,141.0
1982-02-16,1210,1219,1203,1203,578.0
1982-02-17,1207,1210,1199,1201,193.0
1982-02-18,1190,1201,1177,1187,188.0
1982-02-19,1182,1189,1177,1182,164.0
1982-02-22,1184,1185,1158,1162,552.0
1982-02-23,1166,1175,1163,1173,287.0
1982-02-24,1183,1204,1180,1200,772.0
1982-02-25,1195,1220,1194,1203,104.0
1982-02-26,1195,1198,1191,1194,578.0
1982-03-01,1188,1192,1170,1176,340.0
1982-03-02,1168,1172,1161,1169,405.0
1982-03-03,1170,1175,1166,1167,55.0
1982-03-04,1168,1185,1167,1182,76.0
1982-03-05,1186,1195,1185,1185,227.0
1982-03-08,1175,1197,1187,1195,220.0
1982-03-09,1190,1197,1185,1192,94.0
1982-03-10,1193,1205,1195,1202,231.0
1982-03-11,1195,1204,1190,1190,91.0
1982-03-12,1192,1190,1181,1186,91.0
1982-03-15,1187,1190,1180,1185,67.0
1982-03-16,1184,1186,1135,1135,273.0
1982-03-17,1125,1130,1094,1107,149.0
1982-03-18,1099,1103,1086,1094,125.0
1982-03-19,1092,1104,1070,1070,88.0
1982-03-22,1060,1080,1035,1037,291.0
1982-03-23,1037,1039,1025,1039,260.0
1982-03-24,1030,1032,999,1005,35.0
1982-03-25,1005,1026,1013,1025,41.0
1982-03-26,1030,1025,981,981,138.0
1982-03-29,990,1000,992,992,156.0
1982-03-30,983,985,965,965,121.0
1982-03-31,972,982,963,980,44.0
1982-04-01,988,1010,985,992,
1982-04-02,990,994,984,989,546.0
1982-04-05,989,1003,990,994,348.0
1982-04-06,996,1006,994,994,512.0
1982-04-07,986,990,950,961,
1982-04-08,954,964,942,957,821.0
1982-04-13,955,963,950,959,401.0
1982-04-14,963,982,961,972,814.0
1982-04-15,982,985,970,973,606.0
1982-04-16,967,971,943,948,912.0
1982-04-19,936,947,932,941,474.0
1982-04-20,937,949,935,945,465.0
1982-04-21,947,951,936,939,380.0
1982-04-22,929,935,913,919,621.0
1982-04-23,917,929,911,926,541.0
1982-04-26,947,996,946,978,924.0
1982-04-27,971,978,958,975,
1982-04-28,980,990,970,988,593.0
1982-04-29,961,970,950,959,351.0
1982-04-30,943,958,937,955,
1982-05-04,951,953,945,947,825.0
1982-05-05,945,970,946,951,
1982-05-06,942,948,939,941,270.0
1982-05-07,946,952,944,948,24.0
1982-05-10,960,960,955,960,221.0
1982-05-11,952,952,943,949,126.0
1982-05-12,950,956,941,941,97.0
1982-05-13,925,936,925,933,156.0
1982-05-14,925,930,925,925,94.0
1982-05-17,916,920,913,916,60.0
1982-05-18,914,917,910,910,159.0
1982-05-19,909,911,906,909,44.0
1982-05-20,915,918,909,911,49.0
1982-05-21,915,915,910,913,38.0
1982-05-24,906,909,896,896,119.0
1982-05-25,890,897,890,897,29.0
1982-05-26,905,916,905,910,64.0
1982-05-27,888,903,887,887,45.0
1982-05-28,875,880,866,872,40.0
1982-06-01,911,914,890,890,40.0
1982-06-02,912,888,880,883,40.0
1982-06-03,882,888,880,885,40.0
1982-06-04,887,898,886,886,40.0
1982-06-07,871,878,865,877,40.0
1982-06-08,877,893,871,892,40.0
1982-06-09,878,884,868,878,40.0
1982-06-10,874,881,873,878,40.0
1982-06-11,874,880,869,879,40.0
1982-06-14,870,874,863,863,40.0
1982-06-15,858,867,856,861,40.0
1982-06-16,862,865,846,846,40.0
1982-06-17,845,854,839,842,40.0
1982-06-18,852,858,851,856,40.0
1982-06-21,858,859,846,851,40.0
1982-06-22,846,859,846,854,40.0
1982-06-23,861,873,859,872,40.0
1982-06-24,871,878,858,877,40.0
1982-06-25,876,888,873,886,40.0
1982-06-28,917,922,909,915,40.0
1982-06-29,903,910,894,906,40.0
1982-06-30,912,914,897,897,40.0
1982-07-01,888,890,875,885,40.0
1982-07-02,876,890,874,885,40.0
1982-07-05,886,897,886,890,40.0
1982-07-06,893,901,895,895,40.0
1982-07-07,898,912,903,904,40.0
1982-07-08,880,892,881,882,40.0
1982-07-09,888,890,876,876,40.0
1982-07-12,880,890,883,886,40.0
1982-07-13,896,896,882,882,40.0
1982-07-14,870,875,866,866,40.0
1982-07-15,860,869,863,865,40.0
1982-07-16,850,861,847,855,40.0
1982-07-19,845,855,835,835,40.0
1982-07-20,830,841,835,835,40.0
1982-07-21,843,855,844,854,40.0
1982-07-22,832,858,850,855,40.0
1982-07-23,845,875,848,873,40.0
1982-07-26,870,878,865,865,40.0
1982-07-27,850,859,845,845,40.0
1982-07-28,842,851,846,846,40.0
1982-07-29,840,850,837,840,40.0
1982-07-30,861,874,860,874,40.0
1982-08-02,881,892,878,885,40.0
1982-08-03,876,886,875,880,40.0
1982-08-04,883,885,875,878,40.0
1982-08-05,882,887,877,885,40.0
1982-08-06,887,894,881,881,40.0
1982-08-09,870,880,868,879,40.0
1982-08-10,877,882,873,873,40.0
1982-08-11,872,875,865,867,40.0
1982-08-12,862,867,861,865,40.0
1982-08-13,869,870,865,868,40.0
1982-08-16,870,878,873,876,40.0
1982-08-17,877,886,877,885,40.0
1982-08-18,879,890,875,887,40.0
1982-08-19,887,890,880,885,40.0
1982-08-20,896,903,896,902,40.0
1982-08-23,912,912,902,905,40.0
1982-08-24,898,906,898,905,40.0
1982-08-25,900,900,893,897,40.0
1982-08-26,901,907,897,897,40.0
1982-08-27,890,891,888,889,40.0
1982-08-31,893,894,890,893,40.0
1982-09-01,893,907,893,905,40.0
1982-09-02,903,910,903,903,40.0
1982-09-03,910,942,910,939,40.0
1982-09-06,941,955,940,941,40.0
1982-09-07,943,960,946,952,40.0
1982-09-08,965,968,959,961,40.0
1982-09-09,950,952,948,948,40.0
1982-09-10,942,946,938,942,40.0
1982-09-13,945,955,947,953,40.0
1982-09-14,963,986,965,984,40.0
1982-09-15,960,1007,980,999,40.0
1982-09-16,995,998,993,993,40.0
1982-09-17,991,993,986,987,40.0
1982-09-20,980,992,979,990,40.0
1982-09-21,980,980,969,969,40.0
1982-09-22,955,960,951,958,40.0
1982-09-23,951,966,953,953,40.0
1982-09-24,955,962,952,952,40.0
1982-09-27,950,965,959,962,40.0
1982-09-28,950,971,958,969,40.0
1982-09-29,965,990,978,988,40.0
1982-09-30,987,989,980,980,40.0
1982-10-01,994,998,991,995,40.0
1982-10-04,1008,1016,1009,1014,40.0
1982-10-05,1009,1010,1000,1000,40.0
1982-10-06,1007,1012,1002,1002,40.0
1982-10-07,989,993,986,989,40.0
1982-10-08,944,1000,984,985,40.0
1982-10-11,988,991,987,988,40.0
1982-10-12,1002,1008,998,1002,40.0
1982-10-13,1003,1006,996,1001,40.0
1982-10-14,1006,1008,1000,1002,40.0
1982-10-15,994,997,988,989,40.0
1982-10-18,984,988,980,981,40.0
1982-10-19,968,970,943,944,40.0
1982-10-20,940,953,935,943,40.0
1982-10-21,954,960,946,949,40.0
1982-10-22,953,965,951,962,40.0
1982-10-25,964,970,958,958,40.0
1982-10-26,955,960,954,958,40.0
1982-10-27,959,965,959,963,40.0
1982-10-28,962,964,940,943,40.0
1982-10-29,944,946,935,941,40.0
1982-11-01,939,940,931,934,40.0
1982-11-02,935,942,937,941,40.0
1982-11-03,940,948,931,933,40.0
1982-11-04,933,936,926,929,40.0
1982-11-05,933,939,933,938,40.0
1982-11-08,944,952,941,952,40.0
1982-11-09,958,966,956,956,40.0
1982-11-10,949,956,940,954,40.0
1982-11-11,951,953,947,949,40.0
1982-11-12,939,945,935,938,40.0
1982-11-15,937,940,928,939,40.0
1982-11-16,936,945,933,942,40.0
1982-11-17,954,967,950,961,40.0
1982-11-18,957,964,953,960,40.0
1982-11-19,960,995,958,992,40.0
1982-11-22,1008,1017,997,999,40.0
1982-11-23,991,998,975,977,40.0
1982-11-24,987,1000,986,997,40.0
1982-11-25,995,1005,991,1000,40.0
1982-11-26,1004,1008,993,994,40.0
1982-11-29,990,993,984,993,40.0
1982-11-30,995,1002,990,997,40.0
1982-12-01,1000,1004,999,999,40.0
1982-12-02,1010,1019,1006,1019,40.0
1982-12-03,1010,1011,1002,1004,40.0
1982-12-06,1015,1017,1010,1011,40.0
1982-12-07,1013,1020,1010,1017,40.0
1982-12-08,1013,1014,1010,1012,40.0
1982-12-09,1014,1019,1002,1010,40.0
1982-12-10,1015,1019,1014,1016,40.0
1982-12-13,1006,1018,1011,1011,40.0
1982-12-14,1015,1042,1018,1037,40.0
1982-12-15,1036,1040,1032,1032,40.0
1982-12-16,1034,1038,1025,1027,40.0
1982-12-17,1025,1040,1026,1035,40.0
1982-12-20,1040,1044,1040,1041,40.0
1982-12-21,1047,1061,1046,1056,40.0
1982-12-22,1070,1110,1071,1105,40.0
1982-12-23,1109,1120,1104,1115,40.0
1982-12-24,1100,1135,1113,1135,40.0
1982-12-29,1142,1160,1145,1151,40.0
1982-12-30,1145,1155,1100,1120,40.0
1982-12-31,1108,1109,1096,1096,40.0
1983-01-04,1112,1114,1096,1096,
1983-01-05,1100,1110,1082,1108,
1983-01-06,1116,1138,1113,1133,
1983-01-07,1149,1159,1146,1156,
1983-01-10,1149,1157,1140,1150,
1983-01-11,1159,1165,1143,1151,950.0
1983-01-12,1150,1158,1142,1158,
1983-01-13,1177,1189,1170,1179,
1983-01-14,1172,1190,1172,1185,
1983-01-17,1213,1219,1198,1209,
1983-01-18,1205,1219,1194,1206,
1983-01-19,1214,1216,1189,1213,127.0
1983-01-20,1193,1203,1190,1197,
1983-01-21,1189,1191,1177,1188,735.0
1983-01-24,1194,1198,1163,1176,
1983-01-25,1180,1222,1175,1221,
1983-01-26,1236,1240,1226,1228,962.0
1983-01-27,1232,1248,1225,1237,
1983-01-28,1255,1275,1240,1266,
1983-01-31,1295,1305,1288,1289,875.0
1983-02-01,1290,1303,1278,1296,508.0
1983-02-02,1301,1306,1287,1296,580.0
1983-02-03,1280,1287,1271,1285,
1983-02-04,1352,1353,1300,1352,
1983-02-07,1358,1365,1351,1353,889.0
1983-02-08,1328,1349,1324,1336,880.0
1983-02-09,1343,1368,1338,1342,698.0
1983-02-10,1312,1317,1295,1296,629.0
1983-02-11,1346,1351,1320,1321,325.0
1983-02-14,1285,1312,1289,1308,635.0
1983-02-15,1292,1295,1270,1283,486.0
1983-02-16,1271,1312,1271,1306,223.0
1983-02-17,1319,1323,1290,1291,202.0
1983-02-18,1294,1305,1284,1302,316.0
1983-02-21,1297,1305,1296,1296,231.0
1983-02-22,1308,1312,1288,1288,415.0
1983-02-23,1267,1268,1245,1253,546.0
1983-02-24,1264,1279,1263,1270,340.0
1983-02-25,1272,1280,1257,1261,
1983-02-28,1221,1225,1200,1214,
1983-03-01,1273,1291,1270,1289,342.0
1983-03-02,1290,1306,1283,1286,73.0
1983-03-03,1281,1290,1277,1286,261.0
1983-03-04,1291,1299,1284,1291,93.0
1983-03-07,1295,1315,1292,1314,182.0
1983-03-08,1328,1330,1320,1324,61.0
1983-03-09,1326,1327,1321,1325,24.0
1983-03-10,1319,1340,1319,1319,11.0
1983-03-11,1307,1315,1299,1299,68.0
1983-03-14,1300,1305,1298,1304,98.0
1983-03-15,1314,1318,1295,1295,63.0
1983-03-16,1243,1270,1240,1257,14.0
1983-03-17,1242,1256,1241,1242,10.0
1983-03-18,1230,1251,1230,1235,42.0
1983-03-21,1232,1244,1230,1230,12.0
1983-03-22,1240,1253,1242,1242,40.0
1983-03-23,1255,1259,1248,1252,17.0
1983-03-24,1256,1265,1248,1248,88.0
1983-03-25,1237,1366,1340,1366,41.0
1983-03-28,1258,1260,1244,1244,66.0
1983-03-29,1242,1270,1248,1268,30.0
1983-03-30,1275,1288,1275,1285,30.0
1983-03-31,1260,1276,1260,1260,30.0
1983-04-05,1274,1285,1263,1264,
1983-04-06,1231,1243,1226,1231,835.0
1983-04-07,1225,1240,1225,1238,884.0
1983-04-08,1230,1238,1216,1218,
1983-04-11,1198,1205,1183,1196,454.0
1983-04-12,1195,1205,1188,1188,586.0
1983-04-13,1180,1206,1180,1204,630.0
1983-04-14,1215,1225,1204,1209,350.0
1983-04-15,1207,1221,1205,1214,694.0
1983-04-18,1228,1243,1227,1241,519.0
1983-04-19,1250,1255,1240,1243,410.0
1983-04-20,1236,1255,1233,1249,692.0
1983-04-21,1257,1260,1239,1239,576.0
1983-04-22,1241,1257,1238,1256,743.0
1983-04-25,1273,1288,1271,1285,
1983-04-26,1284,1295,1284,1286,446.0
1983-04-27,1278,1288,1270,1282,344.0
1983-04-28,1273,1268,1266,1267,483.0
1983-04-29,1262,1303,1262,1302,483.0
1983-05-03,1305,1313,1298,1298,398.0
1983-05-04,1284,1288,1260,1266,234.0
1983-05-05,1272,1293,1272,1285,349.0
1983-05-06,1270,1287,1274,1274,131.0
1983-05-09,1264,1274,1244,1244,131.0
1983-05-10,1230,1242,1229,1240,46.0
1983-05-11,1253,1259,1250,1252,57.0
1983-05-12,1255,1261,1248,1260,40.0
1983-05-13,1270,1280,1269,1269,104.0
1983-05-16,1284,1306,1285,1306,104.0
1983-05-17,1314,1335,1320,1331,121.0
1983-05-18,1330,1335,1325,1330,28.0
1983-05-19,1364,1380,1364,1375,30.0
1983-05-20,1360,1376,1373,1373,9.0
1983-05-23,1395,1400,1386,1386,11.0
1983-05-24,1390,1382,1370,1370,19.0
1983-05-25,1360,1375,1355,1355,29.0
1983-05-26,1340,1422,1380,1407,32.0
1983-05-27,1400,1434,1407,1407,32.0
1983-05-31,1415,1420,1415,1415,32.0
1983-06-01,1402,1415,1373,1373,32.0
1983-06-02,1385,1424,1360,1398,32.0
1983-06-03,1407,1420,1407,1413,32.0
1983-06-06,1401,1403,1393,1395,32.0
1983-06-07,1393,1425,1380,1420,32.0
1983-06-08,1438,1468,1425,1467,32.0
1983-06-09,1505,1519,1487,1504,32.0
1983-06-10,1508,1512,1487,1503,32.0
1983-06-13,1507,1545,1494,1541,32.0
1983-06-14,1548,1554,1537,1538,32.0
1983-06-15,1549,1551,1530,1549,32.0
1983-06-16,1561,1577,1547,1549,32.0
1983-06-17,1529,1565,1514,1525,32.0
1983-06-20,1541,1580,1540,1565,32.0
1983-06-21,1575,1590,1550,1552,32.0
1983-06-22,1600,1617,1575,1603,32.0
1983-06-23,1626,1629,1603,1606,32.0
1983-06-24,1618,1631,1583,1590,32.0
1983-06-27,1580,1613,1560,1562,32.0
1983-06-28,1563,1580,1553,1574,32.0
1983-06-29,1552,1555,1507,1515,32.0
1983-06-30,1537,1541,1522,1527,32.0
1983-07-01,1500,1515,1490,1510,32.0
1983-07-04,1515,1550,1525,1545,32.0
1983-07-05,1540,1550,1525,1525,32.0
1983-07-06,1478,1490,1455,1486,32.0
1983-07-07,1480,1495,1487,1488,32.0
1983-07-08,1503,1506,1474,1474,32.0
1983-07-11,1424,1440,1428,1440,32.0
1983-07-12,1423,1440,1424,1440,32.0
1983-07-13,1390,1421,1415,1415,32.0
1983-07-14,1432,1460,1437,1458,32.0
1983-07-15,1450,1480,1447,1480,32.0
1983-07-18,1494,1505,1478,1501,32.0
1983-07-19,1520,1525,1511,1525,32.0
1983-07-20,1517,1534,1515,1530,32.0
1983-07-21,1535,1535,1525,1525,32.0
1983-07-22,1570,1650,1588,1650,32.0
1983-07-25,1641,1685,1650,1679,32.0
1983-07-26,1670,1681,1663,1663,32.0
1983-07-27,1652,1657,1647,1657,32.0
1983-07-28,1600,1650,1615,1640,32.0
1983-07-29,1605,1620,1600,1600,32.0
1983-08-01,1641,1655,1634,1640,32.0
1983-08-02,1688,1710,1680,1693,32.0
1983-08-03,1673,1705,1659,1694,32.0
1983-08-04,1676,1695,1655,1655,32.0
1983-08-05,1613,1635,1580,1591,32.0
1983-08-08,1608,1613,1585,1602,32.0
1983-08-09,1567,1587,1561,1583,32.0
1983-08-10,1612,1638,1555,1634,32.0
1983-08-11,1641,1655,1570,1590,32.0
1983-08-12,1610,1620,1584,1586,32.0
1983-08-15,1578,1589,1580,1583,32.0
1983-08-16,1602,1608,1596,1606,32.0
1983-08-17,1583,1591,1550,1550,32.0
1983-08-18,1526,1535,1506,1506,32.0
1983-08-19,1521,1534,1485,1486,32.0
1983-08-22,1498,1507,1490,1497,32.0
1983-08-23,1485,1495,1482,1482,32.0
1983-08-24,1462,1466,1440,1446,32.0
1983-08-25,1468,1484,1451,1475,32.0
1983-08-26,1488,1491,1466,1476,32.0
1983-08-30,1473,1484,1468,1477,32.0
1983-08-31,1495,1497,1478,1482,32.0
1983-09-01,1466,1468,1424,1424,32.0
1983-09-02,1486,1425,1380,1397,32.0
1983-09-05,1410,1416,1366,1366,32.0
1983-09-06,1370,1395,1364,1392,32.0
1983-09-07,1395,1413,1399,1413,32.0
1983-09-08,1390,1414,1394,1410,32.0
1983-09-09,1395,1390,1360,1362,32.0
1983-09-12,1320,1340,1320,1325,32.0
1983-09-13,1335,1355,1325,1325,32.0
1983-09-14,1366,1386,1360,1377,32.0
1983-09-15,1399,1440,1400,1440,32.0
1983-09-16,1490,1494,1468,1468,32.0
1983-09-19,1480,1462,1450,1450,32.0
1983-09-20,1452,1490,1450,1490,32.0
1983-09-21,1477,1490,1475,1480,32.0
1983-09-22,1520,1531,1500,1500,32.0
1983-09-23,1470,1500,1450,1450,32.0
1983-09-26,1400,1462,1445,1455,32.0
1983-09-27,1470,1477,1440,1440,32.0
1983-09-28,1455,1435,1425,1435,32.0
1983-09-29,1460,1480,1450,1450,32.0
1983-09-30,1470,1489,1475,1475,32.0
1983-10-03,1505,1507,1474,1480,32.0
1983-10-04,1461,1480,1458,1474,32.0
1983-10-05,1485,1490,1468,1485,32.0
1983-10-06,1494,1499,1478,1483,32.0
1983-10-07,1490,1506,1486,1502,32.0
1983-10-10,1473,1480,1456,1461,32.0
1983-10-11,1458,1480,1453,1460,32.0
1983-10-12,1468,1475,1430,1439,32.0
1983-10-13,1446,1461,1442,1456,32.0
1983-10-14,1445,1450,1436,1446,32.0
1983-10-17,1432,1438,1413,1415,32.0
1983-10-18,1426,1434,1415,1427,32.0
1983-10-19,1417,1425,1408,1408,32.0
1983-10-20,1415,1432,1411,1423,32.0
1983-10-21,1422,1425,1418,1420,32.0
1983-10-24,1435,1439,1413,1415,32.0
1983-10-25,1414,1420,1411,1414,32.0
1983-10-26,1427,1429,1413,1419,32.0
1983-10-27,1417,1418,1408,1412,32.0
1983-10-28,1418,1423,1414,1419,32.0
1983-10-31,1417,1435,1415,1434,32.0
1983-11-01,1440,1446,1417,1418,32.0
1983-11-02,1418,1433,1415,1428,32.0
1983-11-03,1444,1453,1440,1449,32.0
1983-11-04,1461,1471,1459,1464,32.0
1983-11-07,1458,1466,1453,1453,32.0
1983-11-08,1456,1478,1448,1475,32.0
1983-11-09,1496,1540,1490,1536,32.0
1983-11-10,1531,1545,1510,1525,32.0
1983-11-11,1537,1540,1519,1538,32.0
1983-11-14,1534,1540,1518,1518,32.0
1983-11-15,1520,1556,1519,1550,32.0
1983-11-16,1561,1568,1546,1551,32.0
1983-11-17,1536,1555,1530,1533,32.0
1983-11-18,1545,1555,1543,1550,32.0
1983-11-21,1551,1575,1548,1563,32.0
1983-11-22,1584,1590,1575,1575,32.0
1983-11-23,1575,1602,1570,1594,32.0
1983-11-24,1609,1615,1606,1610,32.0
1983-11-25,1622,1630,1614,1614,32.0
1983-11-28,1634,1640,1610,1624,32.0
1983-11-29,1608,1635,1606,1632,32.0
1983-11-30,1650,1655,1622,1627,32.0
1983-12-01,1611,1618,1591,1600,32.0
1983-12-02,1612,1628,1610,1625,32.0
1983-12-05,1662,1679,1650,1673,32.0
1983-12-06,1685,1720,1688,1706,32.0
1983-12-07,1721,1751,1717,1748,32.0
1983-12-08,1750,1785,1752,1775,32.0
1983-12-09,1803,1818,1781,1806,32.0
1983-12-12,1845,1859,1815,1815,32.0
1983-12-13,1810,1832,1807,1830,32.0
1983-12-14,1847,1851,1810,1810,32.0
1983-12-15,1866,1870,1845,1846,32.0
1983-12-16,1845,1908,1847,1903,32.0
1983-12-19,1925,1934,1907,1915,32.0
1983-12-20,1865,1888,1867,1867,32.0
1983-12-21,1855,1886,1862,1880,32.0
1983-12-22,1920,1938,1914,1916,32.0
1983-12-23,1925,1940,1925,1930,32.0
1983-12-28,1935,1970,1950,1950,32.0
1983-12-29,1930,1963,1925,1945,32.0
1983-12-30,1975,1980,1970,1972,32.0
1984-01-03,2063,2084,2040,2063,
1984-01-04,2024,2039,1948,1958,
1984-01-05,1972,1985,1934,1976,
1984-01-06,2024,2040,1945,1957,
1984-01-09,1904,1920,1875,1877,
1984-01-10,1894,1900,1860,1866,
1984-01-11,1877,1895,1876,1885,
1984-01-12,1917,1933,1901,1926,
1984-01-13,1846,1858,1808,1835,731.0
1984-01-16,1846,1852,1812,1819,
1984-01-17,1805,1835,1779,1832,
1984-01-18,1862,1885,1812,1816,
1984-01-19,1850,1896,1818,1883,
1984-01-20,1937,1953,1920,1948,
1984-01-23,2031,2052,1975,1985,
1984-01-24,2021,2040,1977,1987,
1984-01-25,1977,2020,1964,2002,
1984-01-26,2028,2035,1976,1981,
1984-01-27,2003,2037,1997,2002,
1984-01-30,2009,2030,1986,1989,214.0
1984-01-31,1959,1967,1873,1883,
1984-02-01,1886,1900,1862,1882,
1984-02-02,1851,1937,1841,1915,
1984-02-03,1918,1940,1862,1875,
1984-02-06,1870,1885,1835,1842,
1984-02-07,1852,1860,1825,1839,
1984-02-08,1832,1875,1826,1869,873.0
1984-02-09,1878,1895,1845,1848,130.0
1984-02-10,1847,1885,1844,1880,791.0
1984-02-13,1908,1920,1890,1898,130.0
1984-02-14,1877,1888,1830,1838,
1984-02-15,1846,1847,1806,1832,
1984-02-16,1812,1822,1750,1756,
1984-02-17,1737,1750,1715,1718,
1984-02-20,1738,1747,1715,1740,450.0
1984-02-21,1750,1752,1693,1693,584.0
1984-02-22,1674,1689,1659,1663,913.0
1984-02-23,1685,1699,1652,1697,544.0
1984-02-24,1698,1713,1657,1670,249.0
1984-02-27,1654,1670,1650,1668,
1984-02-28,1667,1668,1640,1642,647.0
1984-02-29,1609,1618,1598,1611,
1984-03-01,1638,1720,1639,1716,
1984-03-02,1721,1765,1712,1716,398.0
1984-03-05,1700,1730,1692,1695,266.0
1984-03-06,1700,1700,1670,1678,492.0
1984-03-07,1625,1664,1630,1664,275.0
1984-03-08,1675,1685,1655,1663,81.0
1984-03-09,1680,1705,1680,1700,115.0
1984-03-12,1708,1715,1695,1695,65.0
1984-03-13,1700,1726,1701,1726,363.0
1984-03-14,1760,1762,1754,1754,71.0
1984-03-15,1760,1772,1755,1772,75.0
1984-03-16,1785,1790,1770,1770,191.0
1984-03-19,1750,1795,1760,1785,47.0
1984-03-20,1812,1820,1810,1820,56.0
1984-03-21,1825,1829,1800,1800,81.0
1984-03-22,1774,1786,1772,1786,37.0
1984-03-23,1798,1802,1780,1795,80.0
1984-03-26,1804,1810,1789,1805,75.0
1984-03-27,1770,1798,1781,1781,41.0
1984-03-28,1765,1800,1774,1790,71.0
1984-03-29,1815,1820,1806,1809,20.0
1984-03-30,1800,1808,1793,1793,20.0
1984-04-02,1841,1855,1836,1845,
1984-04-03,1831,1840,1824,1827,
1984-04-04,1805,1809,1720,1732,
1984-04-05,1738,1760,1717,1745,
1984-04-06,1758,1766,1748,1758,
1984-04-09,1756,1770,1755,1765,519.0
1984-04-10,1770,1785,1761,1762,885.0
1984-04-11,1749,1761,1735,1741,892.0
1984-04-12,1761,1780,1755,1768,963.0
1984-04-13,1788,1798,1778,1789,877.0
1984-04-16,1780,1791,1775,1786,690.0
1984-04-17,1792,1795,1787,1790,808.0
1984-04-18,1781,1810,1775,1806,
1984-04-19,1838,1844,1825,1830,608.0
1984-04-24,1870,1884,1855,1882,995.0
1984-04-25,1888,1910,1882,1888,881.0
1984-04-26,1900,1904,1886,1892,466.0
1984-04-27,1881,1893,1876,1881,672.0
1984-04-30,1895,1902,1876,1876,
1984-05-01,1875,1898,1875,1888,50.0
1984-05-02,1935,1929,1900,1928,538.0
1984-05-03,1918,1942,1920,1920,230.0
1984-05-04,1923,1938,1918,1925,173.0
1984-05-08,1915,1926,1895,1903,204.0
1984-05-09,1910,1929,1911,1928,136.0
1984-05-10,1910,1952,1918,1930,153.0
1984-05-11,1972,1975,1967,1970,45.0
1984-05-14,1980,1989,1900,1900,109.0
1984-05-15,1920,1935,1905,1933,117.0
1984-05-16,1952,1977,1953,1965,130.0
1984-05-17,1980,1992,1970,1975,87.0
1984-05-18,1990,2004,1995,2001,14.0
1984-05-21,2060,2070,2058,2065,32.0
1984-05-22,2050,2053,2035,2043,68.0
1984-05-23,2069,2070,2045,2045,16.0
1984-05-24,2040,2076,2049,2050,59.0
1984-05-25,2050,2085,2060,2080,59.0
1984-05-29,2095,2110,2070,2070,107.0
1984-05-30,2065,2110,2057,2095,46.0
1984-05-31,2110,2123,2099,2120,46.0
1984-06-01,2061,2078,2042,2055,46.0
1984-06-04,2063,2068,2022,2030,46.0
1984-06-05,2002,2015,1977,1990,46.0
1984-06-06,2005,2010,1980,2007,46.0
1984-06-07,2009,2020,1982,1982,46.0
1984-06-08,1983,2020,1981,2002,46.0
1984-06-11,1958,1971,1950,1964,46.0
1984-06-12,1971,1984,1950,1972,46.0
1984-06-13,1988,1999,1984,1993,46.0
1984-06-14,1994,2010,1983,1990,46.0
1984-06-15,2000,2009,1988,1988,46.0
1984-06-18,1995,2013,1990,1992,46.0
1984-06-19,2045,2064,2021,2023,46.0
1984-06-20,2013,2020,1953,1963,46.0
1984-06-21,1925,1965,1920,1920,46.0
1984-06-22,1896,1915,1826,1834,46.0
1984-06-25,1836,1844,1825,1840,46.0
1984-06-26,1871,1875,1848,1870,46.0
1984-06-27,1865,1890,1874,1879,46.0
1984-06-28,1875,1895,1784,1792,46.0
1984-06-29,1790,1836,1788,1826,46.0
1984-07-02,1836,1839,1777,1783,46.0
1984-07-03,1780,1798,1756,1756,46.0
1984-07-04,1745,1760,1750,1758,46.0
1984-07-05,1762,1767,1752,1767,46.0
1984-07-06,1750,1785,1760,1782,46.0
1984-07-09,1782,1772,1756,1768,46.0
1984-07-10,1800,1832,1798,1832,46.0
1984-07-11,1851,1854,1820,1820,46.0
1984-07-12,1800,1835,1810,1810,46.0
1984-07-13,1830,1831,1800,1800,46.0
1984-07-16,1764,1780,1740,1740,46.0
1984-07-17,1734,1773,1734,1773,46.0
1984-07-18,1774,1772,1755,1755,46.0
1984-07-19,1749,1770,1747,1760,46.0
1984-07-20,1740,1765,1750,1763,46.0
1984-07-23,1791,1805,1785,1795,46.0
1984-07-24,1825,1845,1810,1810,46.0
1984-07-25,1810,1823,1804,1810,46.0
1984-07-26,1796,1822,1800,1805,46.0
1984-07-27,1785,1802,1765,1770,46.0
1984-07-30,1755,1760,1743,1743,46.0
1984-07-31,1729,1732,1729,1732,46.0
1984-08-01,1741,1763,1730,1742,46.0
1984-08-02,1735,1802,1730,1791,46.0
1984-08-03,1798,1825,1790,1815,46.0
1984-08-06,1828,1838,1810,1836,46.0
1984-08-07,1847,1886,1845,1872,46.0
1984-08-08,1867,1887,1845,1868,46.0
1984-08-09,1865,1875,1860,1873,46.0
1984-08-10,1844,1860,1840,1849,46.0
1984-08-13,1848,1848,1834,1836,46.0
1984-08-14,1865,1890,1860,1876,46.0
1984-08-15,1870,1879,1860,1861,46.0
1984-08-16,1857,1863,1844,1858,46.0
1984-08-17,1850,1872,1846,1850,46.0
1984-08-20,1820,1858,1820,1847,46.0
1984-08-21,1844,1895,1840,1892,46.0
1984-08-22,1911,1928,1893,1928,46.0
1984-08-23,1963,1975,1920,1949,46.0
1984-08-24,1940,1980,1937,1960,46.0
1984-08-28,1995,2028,1975,2020,46.0
1984-08-29,2000,2010,1980,2007,46.0
1984-08-30,2007,2058,2005,2053,46.0
1984-08-31,2080,2105,2080,2085,46.0
1984-09-03,2088,2100,2075,2088,46.0
1984-09-04,2096,2100,2072,2085,46.0
1984-09-05,2090,2155,2088,2148,46.0
1984-09-06,2145,2183,2140,2140,46.0
1984-09-07,2140,2162,2140,2148,46.0
1984-09-10,2170,2195,2118,2121,46.0
1984-09-11,2140,2144,2093,2102,46.0
1984-09-12,2123,2124,2110,2110,46.0
1984-09-13,2130,2145,2110,2140,46.0
1984-09-14,2160,2215,2150,2214,46.0
1984-09-17,2258,2271,2215,2216,46.0
1984-09-18,2230,2240,2185,2205,46.0
1984-09-19,2210,2240,2205,2236,46.0
1984-09-20,2255,2272,2245,2262,46.0
1984-09-21,2305,2310,2277,2277,46.0
1984-09-24,2285,2295,2260,2290,46.0
1984-09-25,2310,2310,2275,2276,46.0
1984-09-26,2260,2265,2228,2230,46.0
1984-09-27,2230,2304,2248,2295,46.0
1984-09-28,2292,2315,2000,2100,46.0
1984-10-01,1851,1862,1838,1850,46.0
1984-10-02,1854,1875,1840,1856,46.0
1984-10-03,1863,1877,1857,1858,46.0
1984-10-04,1869,1875,1835,1852,46.0
1984-10-05,1853,1865,1842,1858,46.0
1984-10-08,1874,1892,1860,1890,46.0
1984-10-09,1898,1905,1888,1890,46.0
1984-10-10,1899,1918,1893,1913,46.0
1984-10-11,1923,1932,1909,1910,46.0
1984-10-12,1894,1905,1879,1899,46.0
1984-10-15,1901,1906,1867,1870,46.0
1984-10-16,1876,1895,1866,1887,46.0
1984-10-17,1884,1940,1880,1929,46.0
1984-10-18,1938,1955,1928,1933,46.0
1984-10-19,1945,1953,1940,1950,46.0
1984-10-22,1953,1967,1948,1959,46.0
1984-10-23,1958,1975,1943,1946,46.0
1984-10-24,1937,1940,1908,1915,46.0
1984-10-25,1915,1940,1906,1933,46.0
1984-10-26,1937,1965,1934,1951,46.0
1984-10-29,1958,1965,1938,1939,46.0
1984-10-30,1938,1957,1932,1950,46.0
1984-10-31,1938,1950,1931,1942,46.0
1984-11-01,1949,1975,1943,1968,46.0
1984-11-02,1945,1953,1911,1912,46.0
1984-11-05,1921,1929,1905,1918,46.0
1984-11-06,1918,1922,1891,1891,46.0
1984-11-07,1889,1890,1875,1877,46.0
1984-11-08,1887,1898,1882,1892,46.0
1984-11-09,1901,1912,1880,1883,46.0
1984-11-12,1887,1904,1882,1902,46.0
1984-11-13,1920,1932,1909,1921,46.0
1984-11-14,1920,1930,1911,1923,46.0
1984-11-15,1920,1940,1904,1936,46.0
1984-11-16,1938,1953,1936,1942,46.0
1984-11-19,1941,1944,1903,1908,46.0
1984-11-20,1899,1903,1886,1899,46.0
1984-11-21,1883,1892,1860,1870,46.0
1984-11-22,1863,1890,1860,1878,46.0
1984-11-23,1883,1921,1880,1884,46.0
1984-11-26,1889,1905,1889,1895,46.0
1984-11-27,1897,1910,1883,1892,46.0
1984-11-28,1889,1893,1873,1880,46.0
1984-11-29,1880,1885,1876,1877,46.0
1984-11-30,1862,2000,1844,1861,46.0
1984-12-03,1880,1895,1875,1888,46.0
1984-12-04,1887,1903,1885,1899,46.0
1984-12-05,1906,1931,1897,1905,46.0
1984-12-06,1890,1903,1869,1876,46.0
1984-12-07,1880,1904,1885,1897,46.0
1984-12-10,1905,1909,1867,1869,46.0
1984-12-11,1876,1890,1860,1884,46.0
1984-12-12,1882,1885,1870,1877,46.0
1984-12-13,1877,1880,1860,1861,46.0
1984-12-14,1875,1874,1837,1838,46.0
1984-12-17,1829,1840,1825,1826,46.0
1984-12-18,1837,1844,1833,1838,46.0
1984-12-19,1838,1849,1810,1820,46.0
1984-12-20,1825,1842,1820,1840,46.0
1984-12-21,1839,1848,1836,1838,46.0
1984-12-27,1837,1840,1827,1829,46.0
1984-12-28,1840,1832,1825,1830,46.0
1984-12-31,1840,1850,1835,1850,46.0
1985-01-02,1883,1886,1871,1873,835.0
1985-01-03,1871,1876,1865,1871,527.0
1985-01-04,1868,1880,1865,1875,732.0
1985-01-07,1880,1899,1878,1895,
1985-01-08,1910,1935,1900,1932,
1985-01-09,1934,1952,1932,1947,
1985-01-10,1964,1972,1950,1964,
1985-01-11,1976,2020,1964,2012,
1985-01-14,2042,2073,2029,2066,
1985-01-15,2043,2065,2034,2036,
1985-01-16,2027,2055,2022,2053,
1985-01-17,2042,2095,2035,2067,
1985-01-18,2071,2087,2061,2073,902.0
1985-01-21,2069,2103,2060,2086,
1985-01-22,2087,2105,2071,2073,
1985-01-23,2056,2098,2050,2082,
1985-01-24,2075,2090,2068,2078,
1985-01-25,2072,2085,2068,2085,
1985-01-28,2145,2183,2120,2172,
1985-01-29,2156,2200,2150,2191,
1985-01-30,2223,2232,2173,2178,
1985-01-31,2193,2210,2171,2183,936.0
1985-02-01,2190,2200,2168,2187,
1985-02-04,2201,2255,2202,2250,
1985-02-05,2260,2266,2208,2223,
1985-02-06,2211,2243,2195,2225,936.0
1985-02-07,2220,2234,2200,2213,882.0
1985-02-08,2220,2236,2211,2235,679.0
1985-02-11,2251,2257,2158,2162,
1985-02-12,2165,2176,2142,2165,840.0
1985-02-13,2199,2204,2169,2199,555.0
1985-02-14,2203,2210,2140,2140,791.0
1985-02-15,2123,2130,2112,2115,912.0
1985-02-18,2120,2134,2115,2127,461.0
1985-02-19,2130,2130,2102,2118,
1985-02-20,2114,2170,2116,2168,377.0
1985-02-21,2173,2206,2165,2184,
1985-02-22,2188,2209,2180,2182,766.0
1985-02-25,2183,2222,2181,2222,772.0
1985-02-26,2236,2245,2229,2229,952.0
1985-02-27,2200,2212,2164,2192,
1985-02-28,2190,2198,2184,2194,547.0
1985-03-01,2191,2210,2190,2204,785.0
1985-03-04,2193,2206,2191,2192,293.0
1985-03-05,2196,2197,2147,2155,660.0
1985-03-06,2128,2135,2100,2100,589.0
1985-03-07,2105,2118,2100,2107,314.0
1985-03-08,2130,2139,2110,2112,188.0
1985-03-11,2132,2148,2130,2144,500.0
1985-03-12,2148,2160,2110,2110,368.0
1985-03-13,2105,2130,2095,2105,184.0
1985-03-14,2130,2140,2089,2101,259.0
1985-03-15,2085,2101,2082,2097,204.0
1985-03-18,2083,2092,2077,2088,143.0
1985-03-19,2086,2101,2081,2096,189.0
1985-03-20,2120,2130,2103,2111,154.0
1985-03-21,2115,2125,2042,2048,114.0
1985-03-22,2050,2060,2035,2040,71.0
1985-03-25,2075,2080,2045,2046,145.0
1985-03-26,2026,2030,2011,2014,741.0
1985-03-27,2000,2005,1992,1993,152.0
1985-03-28,2004,2035,1985,2004,103.0
1985-03-29,2005,2005,1990,2005,103.0
1985-04-01,2012,2026,2002,2011,
1985-04-02,1989,2000,1984,1986,107.0
1985-04-03,1978,1989,1953,1954,
1985-04-04,1965,1969,1948,1958,768.0
1985-04-09,1964,1984,1964,1973,449.0
1985-04-10,1975,1975,1956,1962,344.0
1985-04-11,1938,1947,1933,1938,684.0
1985-04-12,1945,1966,1930,1947,895.0
1985-04-15,1952,1963,1936,1936,533.0
1985-04-16,1931,1934,1920,1920,536.0
1985-04-17,1908,1920,1902,1906,489.0
1985-04-18,1927,1940,1906,1907,587.0
1985-04-19,1900,1925,1900,1908,527.0
1985-04-22,1901,1908,1896,1899,644.0
1985-04-23,1891,1895,1858,1860,
1985-04-24,1863,1871,1845,1864,651.0
1985-04-25,1875,1895,1872,1890,770.0
1985-04-26,1902,1907,1885,1887,317.0
1985-04-29,1865,1887,1864,1887,616.0
1985-04-30,1846,1859,1790,1790,
1985-05-01,1794,1801,1766,1784,
1985-05-02,1798,1804,1778,1797,510.0
1985-05-03,1800,1802,1791,1798,236.0
1985-05-07,1800,1824,1807,1810,248.0
1985-05-08,1811,1813,1800,1804,212.0
1985-05-09,1795,1803,1786,1797,190.0
1985-05-10,1801,1832,1800,1829,153.0
1985-05-13,1820,1834,1820,1820,81.0
1985-05-14,1815,1818,1810,1813,109.0
1985-05-15,1809,1810,1795,1796,191.0
1985-05-16,1770,1784,1760,1760,212.0
1985-05-17,1758,1765,1755,1760,82.0
1985-05-20,1740,1748,1741,1744,17.0
1985-05-21,1740,1750,1735,1735,21.0
1985-05-22,1750,1765,1752,1756,18.0
1985-05-23,1760,1767,1760,1760,7.0
1985-05-24,1750,1770,1753,1767,11.0
1985-05-28,1770,1776,1773,1775,27.0
1985-05-29,1770,1777,1755,1755,41.0
1985-05-30,1740,1738,1715,1715,41.0
1985-05-31,1700,1717,1717,1717,41.0
1985-06-03,1741,1743,1727,1727,41.0
1985-06-04,1735,1753,1726,1746,41.0
1985-06-05,1750,1768,1747,1766,41.0
1985-06-06,1762,1795,1759,1773,41.0
1985-06-07,1772,1785,1771,1774,41.0
1985-06-10,1775,1785,1779,1783,41.0
1985-06-11,1791,1804,1785,1800,41.0
1985-06-12,1798,1832,1798,1822,41.0
1985-06-13,1792,1800,1773,1773,41.0
1985-06-14,1778,1788,1772,1787,41.0
1985-06-17,1790,1792,1778,1785,41.0
1985-06-18,1775,1788,1770,1771,41.0
1985-06-19,1762,1776,1760,1767,41.0
1985-06-20,1778,1786,1775,1781,41.0
1985-06-21,1785,1789,1741,1750,41.0
1985-06-24,1737,1741,1730,1733,41.0
1985-06-25,1735,1737,1720,1720,41.0
1985-06-26,1718,1727,1715,1724,41.0
1985-06-27,1737,1750,1725,1737,41.0
1985-06-28,1740,1760,1725,1726,41.0
1985-07-01,1725,1740,1723,1735,41.0
1985-07-02,1765,1768,1757,1758,41.0
1985-07-03,1760,1811,1757,1790,41.0
1985-07-04,1809,1820,1805,1805,41.0
1985-07-05,1808,1821,1810,1813,41.0
1985-07-08,1830,1832,1808,1814,41.0
1985-07-09,1803,1812,1789,1797,41.0
1985-07-10,1790,1795,1763,1770,41.0
1985-07-11,1773,1780,1761,1761,41.0
1985-07-12,1760,1767,1740,1740,41.0
1985-07-15,1715,1720,1697,1697,41.0
1985-07-16,1700,1705,1698,1700,41.0
1985-07-17,1701,1715,1694,1706,41.0
1985-07-18,1699,1722,1702,1702,41.0
1985-07-19,1703,1715,1698,1702,41.0
1985-07-22,1710,1734,1720,1720,41.0
1985-07-23,1761,1750,1715,1745,41.0
1985-07-24,1761,1765,1754,1754,41.0
1985-07-25,1757,1762,1745,1750,41.0
1985-07-26,1760,1795,1765,1785,41.0
1985-07-29,1780,1800,1734,1734,41.0
1985-07-30,1710,1740,1693,1693,41.0
1985-07-31,1688,1710,1660,1660,41.0
1985-08-01,1663,1675,1658,1663,41.0
1985-08-02,1677,1684,1670,1682,41.0
1985-08-05,1670,1698,1668,1696,41.0
1985-08-06,1706,1724,1702,1718,41.0
1985-08-07,1722,1728,1705,1715,41.0
1985-08-08,1714,1737,1707,1734,41.0
1985-08-09,1738,1745,1725,1743,41.0
1985-08-12,1733,1738,1729,1730,41.0
1985-08-13,1720,1722,1708,1708,41.0
1985-08-14,1708,1720,1707,1714,41.0
1985-08-15,1712,1718,1708,1710,41.0
1985-08-16,1697,1707,1691,1697,41.0
1985-08-19,1692,1701,1692,1699,41.0
1985-08-20,1705,1719,1705,1710,41.0
1985-08-21,1715,1719,1709,1714,41.0
1985-08-22,1730,1735,1722,1730,41.0
1985-08-23,1724,1732,1718,1732,41.0
1985-08-27,1735,1754,1732,1752,41.0
1985-08-28,1756,1758,1743,1752,41.0
1985-08-29,1742,1753,1712,1713,41.0
1985-08-30,1712,1716,1705,1707,41.0
1985-09-02,1709,1712,1695,1702,41.0
1985-09-03,1705,1716,1705,1712,41.0
1985-09-04,1712,1730,1710,1729,41.0
1985-09-05,1735,1752,1731,1746,41.0
1985-09-06,1752,1761,1745,1752,41.0
1985-09-09,1750,1759,1735,1735,41.0
1985-09-10,1735,1735,1714,1714,41.0
1985-09-11,1715,1728,1720,1726,41.0
1985-09-12,1728,1743,1733,1738,41.0
1985-09-13,1734,1737,1714,1727,41.0
1985-09-16,1740,1743,1735,1735,41.0
1985-09-17,1735,1745,1740,1740,41.0
1985-09-18,1745,1765,1745,1761,41.0
1985-09-19,1756,1765,1756,1756,41.0
1985-09-20,1765,1780,1765,1775,41.0
1985-09-23,1752,1755,1745,1748,41.0
1985-09-24,1737,1750,1737,1737,41.0
1985-09-25,1737,1747,1737,1737,41.0
1985-09-26,1737,1750,1713,1713,41.0
1985-09-27,1730,1740,1710,1710,41.0
1985-09-30,1735,1737,1737,1737,41.0
1985-10-01,1785,1796,1787,1787,41.0
1985-10-02,1783,1794,1780,1782,41.0
1985-10-03,1782,1795,1780,1781,41.0
1985-10-04,1783,1784,1775,1775,41.0
1985-10-07,1777,1784,1776,1781,41.0
1985-10-08,1778,1781,1776,1776,41.0
1985-10-09,1777,1779,1775,1776,41.0
1985-10-10,1776,1779,1728,1730,41.0
1985-10-11,1733,1740,1729,1736,41.0
1985-10-14,1734,1740,1735,1736,41.0
1985-10-15,1735,1736,1707,1710,41.0
1985-10-16,1712,1719,1700,1703,41.0
1985-10-17,1705,1717,1700,1715,41.0
1985-10-18,1714,1720,1705,1705,41.0
1985-10-21,1705,1710,1693,1694,41.0
1985-10-22,1689,1706,1686,1705,41.0
1985-10-23,1709,1711,1698,1698,41.0
1985-10-24,1694,1706,1690,1705,41.0
1985-10-25,1703,1713,1702,1702,41.0
1985-10-28,1698,1704,1683,1686,41.0
1985-10-29,1658,1675,1652,1654,41.0
1985-10-30,1650,1661,1645,1658,41.0
1985-10-31,1658,1661,1635,1638,41.0
1985-11-01,1650,1660,1647,1659,41.0
1985-11-04,1658,1663,1655,1659,41.0
1985-11-05,1655,1656,1628,1635,41.0
1985-11-06,1615,1622,1596,1607,41.0
1985-11-07,1613,1631,1610,1631,41.0
1985-11-08,1640,1675,1629,1666,41.0
1985-11-11,1657,1662,1642,1645,41.0
1985-11-12,1643,1652,1632,1632,41.0
1985-11-13,1625,1633,1615,1631,41.0
1985-11-14,1612,1619,1610,1617,41.0
1985-11-15,1636,1652,1615,1646,41.0
1985-11-18,1643,1655,1645,1646,41.0
1985-11-19,1624,1632,1620,1623,41.0
1985-11-20,1620,1635,1620,1633,41.0
1985-11-21,1638,1664,1623,1658,41.0
1985-11-22,1675,1680,1657,1658,41.0
1985-11-25,1655,1662,1652,1662,41.0
1985-11-26,1650,1653,1637,1637,41.0
1985-11-27,1635,1643,1626,1626,41.0
1985-11-28,1617,1628,1615,1627,41.0
1985-11-29,1618,1620,1606,1613,41.0
1985-12-02,1618,1625,1613,1621,41.0
1985-12-03,1622,1632,1619,1619,41.0
1985-12-04,1618,1620,1615,1617,41.0
1985-12-05,1623,1627,1618,1622,41.0
1985-12-06,1618,1640,1620,1637,41.0
1985-12-09,1660,1681,1655,1680,41.0
1985-12-10,1687,1694,1680,1690,41.0
1985-12-11,1675,1705,1675,1705,41.0
1985-12-12,1686,1712,1690,1701,41.0
1985-12-13,1695,1707,1683,1683,41.0
1985-12-16,1682,1687,1684,1684,41.0
1985-12-17,1682,1705,1685,1700,41.0
1985-12-18,1692,1712,1691,1695,41.0
1985-12-19,1692,1705,1689,1700,41.0
1985-12-20,1697,1728,1697,1728,41.0
1985-12-23,1735,1746,1735,1744,41.0
1985-12-24,1734,1745,1734,1736,41.0
1985-12-27,1750,1739,1729,1729,41.0
1985-12-30,1725,1725,1710,1710,41.0
1985-12-31,1700,1732,1710,1732,41.0
1986-01-02,1772,1795,1770,1791,939.0
1986-01-03,1790,1792,1766,1771,
1986-01-06,1775,1778,1736,1740,831.0
1986-01-07,1726,1747,1726,1726,
1986-01-08,1726,1728,1705,1710,
1986-01-09,1710,1731,1709,1728,
1986-01-10,1719,1728,1701,1703,
1986-01-13,1712,1722,1713,1714,633.0
1986-01-14,1715,1721,1705,1717,
1986-01-15,1721,1725,1693,1705,870.0
1986-01-16,1698,1707,1693,1703,464.0
1986-01-17,1705,1715,1705,1712,354.0
1986-01-20,1722,1725,1715,1719,521.0
1986-01-21,1718,1723,1710,1717,686.0
1986-01-22,1717,1743,1713,1743,871.0
1986-01-23,1739,1753,1734,1747,516.0
1986-01-24,1751,1763,1748,1758,559.0
1986-01-27,1756,1762,1750,1752,751.0
1986-01-28,1746,1754,1738,1748,
1986-01-29,1741,1754,1738,1743,771.0
1986-01-30,1740,1744,1725,1733,
1986-01-31,1736,1741,1733,1739,795.0
1986-02-03,1749,1753,1746,1752,263.0
1986-02-04,1742,1747,1708,1709,823.0
1986-02-05,1712,1716,1693,1694,553.0
1986-02-06,1698,1710,1680,1689,780.0
1986-02-07,1682,1688,1662,1668,855.0
1986-02-10,1662,1668,1658,1664,482.0
1986-02-11,1669,1672,1652,1653,427.0
1986-02-12,1654,1659,1633,1645,
1986-02-13,1649,1653,1635,1639,649.0
1986-02-14,1637,1640,1625,1631,711.0
1986-02-17,1643,1645,1638,1639,503.0
1986-02-18,1640,1643,1637,1638,582.0
1986-02-19,1650,1657,1610,1614,525.0
1986-02-20,1605,1611,1588,1595,
1986-02-21,1591,1599,1586,1591,934.0
1986-02-24,1598,1605,1594,1594,363.0
1986-02-25,1582,1590,1570,1571,
1986-02-26,1571,1575,1550,1550,
1986-02-27,1527,1555,1514,1548,687.0
1986-02-28,1530,1558,1520,1545,266.0
1986-03-03,1560,1569,1560,1561,205.0
1986-03-04,1555,1564,1520,1523,363.0
1986-03-05,1497,1512,1490,1492,385.0
1986-03-06,1560,1506,1480,1505,210.0
1986-03-07,1504,1515,1504,1514,210.0
1986-03-10,1526,1526,1500,1503,170.0
1986-03-11,1520,1551,1514,1550,324.0
1986-03-12,1520,1530,1505,1510,69.0
1986-03-13,1530,1564,1530,1549,160.0
1986-03-14,1553,1555,1542,1542,112.0
1986-03-17,1535,1550,1535,1538,127.0
1986-03-18,1540,1550,1535,1535,328.0
1986-03-19,1534,1536,1515,1521,118.0
1986-03-20,1515,1522,1507,1507,106.0
1986-03-21,1460,1485,1412,1412,292.0
1986-03-24,1424,1425,1402,1405,197.0
1986-03-25,1411,1423,1409,1420,273.0
1986-03-26,1417,1419,1395,1411,178.0
1986-03-27,1423,1426,1400,1400,178.0
1986-04-01,1398,1400,1383,1390,944.0
1986-04-02,1388,1406,1386,1398,596.0
1986-04-03,1404,1405,1390,1394,770.0
1986-04-04,1384,1398,1364,1395,
1986-04-07,1383,1390,1365,1365,
1986-04-08,1363,1386,1363,1383,
1986-04-09,1397,1409,1370,1396,919.0
1986-04-10,1393,1405,1387,1396,665.0
1986-04-11,1388,1395,1361,1380,822.0
1986-04-14,1375,1386,1373,1382,328.0
1986-04-15,1361,1382,1358,1379,882.0
1986-04-16,1369,1405,1370,1388,698.0
1986-04-17,1410,1442,1391,1437,815.0
1986-04-18,1436,1452,1425,1436,779.0
1986-04-21,1436,1442,1429,1437,666.0
1986-04-22,1457,1465,1450,1456,253.0
1986-04-23,1462,1468,1432,1435,581.0
1986-04-24,1420,1427,1365,1375,393.0
1986-04-25,1355,1356,1335,1349,331.0
1986-04-28,1330,1340,1315,1331,251.0
1986-04-29,1308,1316,1300,1301,122.0
1986-04-30,1306,1317,1295,1298,698.0
1986-05-01,1298,1305,1289,1302,829.0
1986-05-02,1315,1327,1309,1321,195.0
1986-05-06,1308,1310,1276,1276,150.0
1986-05-07,1250,1268,1252,1259,75.0
1986-05-08,1256,1264,1255,1255,181.0
1986-05-09,1260,1280,1265,1265,16.0
1986-05-12,1260,1301,1260,1295,250.0
1986-05-13,1282,1307,1279,1279,69.0
1986-05-14,1267,1270,1260,1260,21.0
1986-05-15,1262,1275,1259,1270,48.0
1986-05-16,1281,1288,1279,1288,18.0
1986-05-19,1290,1300,1280,1280,8.0
1986-05-20,1265,1285,1265,1277,38.0
1986-05-21,1294,1300,1290,1295,11.0
1986-05-22,1280,1295,1290,1295,42.0
1986-05-23,1280,1316,1295,1305,42.0
1986-05-27,1314,1325,1311,1311,29.0
1986-05-28,1310,1319,1297,1311,46.0
1986-05-29,1304,1312,1300,1300,49.0
1986-05-30,1303,1302,1291,1292,49.0
1986-06-02,1320,1323,1308,1319,49.0
1986-06-03,1302,1307,1298,1302,49.0
1986-06-04,1325,1334,1298,1319,49.0
1986-06-05,1323,1330,1321,1322,49.0
1986-06-06,1360,1363,1340,1346,49.0
1986-06-09,1338,1345,1335,1338,49.0
1986-06-10,1323,1330,1316,1317,49.0
1986-06-11,1308,1312,1303,1309,49.0
1986-06-12,1296,1310,1294,1303,49.0
1986-06-13,1310,1316,1298,1301,49.0
1986-06-16,1296,1301,1294,1299,49.0
1986-06-17,1283,1290,1269,1279,49.0
1986-06-18,1282,1285,1259,1261,49.0
1986-06-19,1257,1266,1254,1258,49.0
1986-06-20,1258,1260,1254,1258,49.0
1986-06-23,1258,1262,1241,1253,49.0
1986-06-24,1250,1258,1248,1248,49.0
1986-06-25,1247,1253,1243,1246,49.0
1986-06-26,1248,1252,1246,1251,49.0
1986-06-27,1251,1253,1236,1243,49.0
1986-06-30,1240,1255,1236,1255,49.0
1986-07-01,1261,1275,1250,1258,49.0
1986-07-02,1256,1260,1255,1256,49.0
1986-07-03,1251,1260,1252,1256,49.0
1986-07-04,1260,1265,1260,1261,49.0
1986-07-07,1268,1290,1268,1287,49.0
1986-07-08,1296,1296,1279,1282,49.0
1986-07-09,1285,1289,1277,1280,49.0
1986-07-10,1305,1335,1311,1335,49.0
1986-07-11,1321,1332,1314,1315,49.0
1986-07-14,1325,1350,1322,1349,49.0
1986-07-15,1368,1373,1360,1360,49.0
1986-07-16,1355,1360,1327,1330,49.0
1986-07-17,1334,1338,1335,1338,49.0
1986-07-18,1345,1360,1350,1360,49.0
1986-07-21,1408,1413,1407,1408,49.0
1986-07-22,1404,1406,1390,1398,49.0
1986-07-23,1387,1395,1390,1395,49.0
1986-07-24,1388,1403,1395,1403,49.0
1986-07-25,1405,1415,1407,1415,49.0
1986-07-28,1405,1430,1410,1430,49.0
1986-07-29,1425,1444,1431,1435,49.0
1986-07-30,1432,1438,1425,1425,49.0
1986-07-31,1410,1414,1399,1399,49.0
1986-08-01,1420,1424,1409,1415,49.0
1986-08-04,1423,1434,1410,1413,49.0
1986-08-05,1406,1410,1395,1400,49.0
1986-08-06,1396,1404,1393,1402,49.0
1986-08-07,1411,1418,1407,1413,49.0
1986-08-08,1409,1415,1392,1397,49.0
1986-08-11,1396,1404,1382,1384,49.0
1986-08-12,1388,1391,1377,1383,49.0
1986-08-13,1386,1391,1380,1381,49.0
1986-08-14,1379,1392,1377,1390,49.0
1986-08-15,1385,1388,1380,1383,49.0
1986-08-18,1389,1390,1380,1384,49.0
1986-08-19,1381,1385,1375,1377,49.0
1986-08-20,1371,1376,1368,1368,49.0
1986-08-21,1378,1394,1378,1390,49.0
1986-08-22,1400,1406,1385,1404,49.0
1986-08-26,1418,1438,1416,1435,49.0
1986-08-27,1442,1456,1443,1448,49.0
1986-08-28,1447,1464,1447,1452,49.0
1986-08-29,1458,1494,1456,1485,49.0
1986-09-01,1495,1502,1493,1494,49.0
1986-09-02,1490,1505,1486,1497,49.0
1986-09-03,1509,1528,1504,1513,49.0
1986-09-04,1517,1525,1491,1491,49.0
1986-09-05,1502,1502,1480,1500,49.0
1986-09-08,1505,1510,1502,1502,49.0
1986-09-09,1499,1505,1487,1490,49.0
1986-09-10,1495,1496,1482,1482,49.0
1986-09-11,1480,1485,1477,1483,49.0
1986-09-12,1542,1560,1530,1555,49.0
1986-09-15,1550,1550,1543,1543,49.0
1986-09-16,1520,1540,1533,1533,49.0
1986-09-17,1550,1555,1550,1550,49.0
1986-09-18,1515,1540,1513,1522,49.0
1986-09-19,1510,1538,1521,1537,49.0
1986-09-22,1540,1545,1490,1493,49.0
1986-09-23,1472,1486,1470,1470,49.0
1986-09-24,1460,1466,1460,1460,49.0
1986-09-25,1500,1480,1465,1480,49.0
1986-09-26,1476,1480,1470,1470,49.0
1986-09-29,1470,1487,1472,1487,49.0
1986-09-30,1476,1477,1427,1427,49.0
1986-10-01,1495,1504,1491,1495,49.0
1986-10-02,1486,1514,1481,1514,49.0
1986-10-03,1530,1541,1524,1539,49.0
1986-10-06,1536,1537,1524,1528,49.0
1986-10-07,1520,1523,1502,1507,49.0
1986-10-08,1508,1520,1505,1516,49.0
1986-10-09,1516,1514,1497,1499,49.0
1986-10-10,1488,1504,1486,1495,49.0
1986-10-13,1490,1503,1490,1497,49.0
1986-10-14,1494,1502,1492,1497,49.0
1986-10-15,1498,1509,1498,1507,49.0
1986-10-16,1512,1517,1509,1515,49.0
1986-10-17,1514,1520,1511,1512,49.0
1986-10-20,1513,1518,1509,1517,49.0
1986-10-21,1506,1507,1488,1489,49.0
1986-10-22,1491,1492,1482,1492,49.0
1986-10-23,1497,1506,1495,1504,49.0
1986-10-24,1503,1513,1502,1513,49.0
1986-10-27,1513,1518,1510,1516,49.0
1986-10-28,1509,1512,1495,1509,49.0
1986-10-29,1510,1524,1505,1517,49.0
1986-10-30,1516,1521,1511,1518,49.0
1986-10-31,1508,1509,1485,1489,49.0
1986-11-03,1487,1491,1483,1486,49.0
1986-11-04,1486,1486,1478,1479,49.0
1986-11-05,1477,1491,1475,1487,49.0
1986-11-06,1491,1498,1486,1489,49.0
1986-11-07,1483,1488,1472,1477,49.0
1986-11-10,1468,1470,1460,1462,49.0
1986-11-11,1458,1465,1454,1462,49.0
1986-11-12,1482,1492,1478,1490,49.0
1986-11-13,1490,1493,1482,1485,49.0
1986-11-14,1481,1496,1480,1496,49.0
1986-11-17,1498,1499,1493,1494,49.0
1986-11-18,1487,1490,1480,1480,49.0
1986-11-19,1478,1480,1467,1468,49.0
1986-11-20,1468,1480,1466,1472,49.0
1986-11-21,1462,1465,1445,1454,49.0
1986-11-24,1450,1452,1436,1436,49.0
1986-11-25,1443,1445,1427,1427,49.0
1986-11-26,1425,1431,1420,1421,49.0
1986-11-27,1421,1425,1420,1423,49.0
1986-11-28,1419,1421,1413,1414,49.0
1986-12-01,1412,1414,1385,1385,49.0
1986-12-02,1387,1398,1383,1394,49.0
1986-12-03,1393,1404,1390,1403,49.0
1986-12-04,1414,1419,1399,1400,49.0
1986-12-05,1395,1400,1390,1399,49.0
1986-12-08,1395,1401,1387,1395,49.0
1986-12-09,1387,1392,1380,1387,49.0
1986-12-10,1382,1395,1382,1394,49.0
1986-12-11,1397,1408,1393,1408,49.0
1986-12-12,1404,1405,1397,1402,49.0
1986-12-15,1395,1400,1395,1400,49.0
1986-12-16,1398,1404,1396,1403,49.0
1986-12-17,1404,1409,1403,1409,49.0
1986-12-18,1405,1413,1401,1411,49.0
1986-12-19,1396,1407,1396,1403,49.0
1986-12-22,1400,1402,1400,1400,49.0
1986-12-23,1402,1405,1398,1400,49.0
1986-12-24,1399,1399,1394,1397,49.0
1986-12-29,1391,1396,1388,1392,49.0
1986-12-30,1392,1392,1379,1382,49.0
1986-12-31,1390,1396,1386,1386,49.0
1987-01-05,1426,1429,1416,1416,49.0
1987-01-06,1410,1410,1394,1395,49.0
1987-01-07,1387,1395,1383,1394,49.0
1987-01-08,1391,1395,1385,1389,49.0
1987-01-09,1386,1387,1376,1383,49.0
1987-01-12,1377,1381,1371,1372,49.0
1987-01-13,1372,1386,1370,1380,49.0
1987-01-14,1385,1387,1378,1383,49.0
1987-01-15,1386,1386,1375,1376,49.0
1987-01-16,1376,1378,1371,1371,49.0
1987-01-19,1371,1390,1364,1386,49.0
1987-01-20,1385,1403,1385,1390,49.0
1987-01-21,1385,1388,1375,1376,49.0
1987-01-22,1366,1370,1359,1362,49.0
1987-01-23,1340,1350,1313,1317,49.0
1987-01-26,1309,1331,1304,1311,49.0
1987-01-27,1314,1317,1312,1316,49.0
1987-01-28,1315,1322,1313,1319,49.0
1987-01-29,1320,1333,1319,1326,49.0
1987-01-30,1324,1326,1313,1320,49.0
1987-02-02,1319,1323,1308,1312,49.0
1987-02-03,1323,1323,1312,1319,49.0
1987-02-04,1318,1320,1313,1318,49.0
1987-02-05,1317,1323,1315,1321,49.0
1987-02-06,1320,1330,1319,1327,49.0
1987-02-09,1350,1361,1332,1360,49.0
1987-02-10,1353,1355,1341,1343,49.0
1987-02-11,1335,1339,1320,1323,49.0
1987-02-12,1321,1324,1313,1313,49.0
1987-02-13,1312,1317,1310,1312,49.0
1987-02-16,1307,1312,1307,1307,49.0
1987-02-17,1310,1319,1309,1310,49.0
1987-02-18,1307,1311,1295,1296,49.0
1987-02-19,1294,1300,1291,1298,49.0
1987-02-20,1305,1318,1302,1315,49.0
1987-02-23,1312,1316,1307,1308,49.0
1987-02-24,1301,1300,1290,1292,49.0
1987-02-25,1294,1300,1292,1294,49.0
1987-02-26,1301,1303,1296,1296,49.0
1987-02-27,1298,1301,1293,1294,49.0
1987-03-02,1293,1297,1290,1290,49.0
1987-03-03,1279,1288,1277,1278,49.0
1987-03-04,1271,1271,1265,1268,49.0
1987-03-05,1273,1275,1268,1270,49.0
1987-03-06,1275,1275,1268,1270,49.0
1987-03-09,1279,1292,1278,1286,49.0
1987-03-10,1280,1290,1280,1289,49.0
1987-03-11,1285,1288,1282,1282,49.0
1987-03-12,1281,1281,1274,1274,49.0
1987-03-13,1274,1274,1265,1267,49.0
1987-03-16,1268,1276,1268,1275,49.0
1987-03-17,1280,1288,1280,1283,49.0
1987-03-18,1280,1285,1271,1271,49.0
1987-03-19,1271,1281,1271,1281,49.0
1987-03-20,1277,1277,1272,1272,49.0
1987-03-23,1270,1270,1250,1250,49.0
1987-03-24,1252,1260,1252,1260,49.0
1987-03-25,1263,1275,1260,1269,49.0
1987-03-26,1273,1275,1264,1270,49.0
1987-03-27,1253,1272,1253,1272,49.0
1987-03-30,1275,1278,1274,1275,49.0
1987-03-31,1255,1275,1255,1275,49.0
1987-04-01,1302,1307,1301,1304,49.0
1987-04-02,1310,1313,1304,1304,49.0
1987-04-03,1303,1306,1296,1296,49.0
1987-04-06,1298,1298,1287,1290,49.0
1987-04-07,1293,1296,1287,1290,49.0
1987-04-08,1292,1292,1282,1283,49.0
1987-04-09,1280,1290,1280,1286,49.0
1987-04-10,1283,1292,1283,1288,49.0
1987-04-13,1291,1294,1288,1291,49.0
1987-04-14,1288,1295,1288,1295,49.0
1987-04-15,1297,1298,1291,1294,49.0
1987-04-16,1299,1302,1296,1302,49.0
1987-04-21,1300,1307,1297,1298,49.0
1987-04-22,1295,1299,1292,1293,49.0
1987-04-23,1286,1290,1283,1290,49.0
1987-04-24,1287,1289,1285,1287,49.0
1987-04-27,1282,1286,1275,1275,49.0
1987-04-28,1272,1274,1269,1269,49.0
1987-04-29,1271,1272,1256,1258,49.0
1987-04-30,1251,1259,1250,1255,49.0
1987-05-01,1254,1258,1253,1255,49.0
1987-05-05,1257,1260,1248,1255,49.0
1987-05-06,1251,1253,1247,1250,49.0
1987-05-07,1249,1260,1248,1260,49.0
1987-05-08,1258,1260,1255,1259,49.0
1987-05-11,1256,1268,1256,1268,49.0
1987-05-12,1266,1275,1261,1271,49.0
1987-05-13,1273,1275,1267,1267,49.0
1987-05-14,1260,1265,1256,1260,49.0
1987-05-15,1255,1262,1250,1250,49.0
1987-05-18,1255,1261,1255,1255,49.0
1987-05-19,1252,1255,1248,1248,49.0
1987-05-20,1240,1246,1238,1240,49.0
1987-05-21,1240,1243,1240,1243,49.0
1987-05-22,1230,1235,1220,1235,49.0
1987-05-26,1238,1246,1238,1245,49.0
1987-05-27,1235,1248,1237,1237,49.0
1987-05-28,1237,1240,1230,1234,49.0
1987-05-29,1233,1243,1236,1236,49.0
1987-06-01,1264,1271,1263,1268,49.0
1987-06-02,1262,1263,1253,1257,49.0
1987-06-03,1255,1257,1246,1246,49.0
1987-06-04,1238,1250,1223,1234,49.0
1987-06-05,1227,1236,1223,1230,49.0
1987-06-08,1238,1253,1234,1249,49.0
1987-06-09,1249,1253,1229,1233,49.0
1987-06-10,1230,1254,1230,1253,49.0
1987-06-11,1245,1251,1244,1248,49.0
1987-06-12,1251,1255,1240,1242,49.0
1987-06-15,1232,1245,1231,1245,49.0
1987-06-16,1256,1275,1253,1275,49.0
1987-06-17,1276,1285,1273,1285,49.0
1987-06-18,1280,1281,1276,1276,49.0
1987-06-19,1276,1286,1272,1280,49.0
1987-06-22,1287,1305,1283,1305,49.0
1987-06-23,1310,1333,1309,1319,49.0
1987-06-24,1310,1320,1307,1320,49.0
1987-06-25,1342,1350,1335,1335,49.0
1987-06-26,1332,1345,1333,1343,49.0
1987-06-29,1347,1362,1346,1360,49.0
1987-06-30,1351,1355,1335,1341,49.0
1987-07-01,1335,1349,1330,1330,49.0
1987-07-02,1336,1356,1334,1350,49.0
1987-07-03,1353,1360,1353,1353,49.0
1987-07-06,1350,1366,1351,1365,49.0
1987-07-07,1363,1370,1356,1365,49.0
1987-07-08,1350,1370,1345,1345,49.0
1987-07-09,1345,1354,1345,1346,49.0
1987-07-10,1355,1375,1360,1375,49.0
1987-07-13,1385,1410,1400,1400,49.0
1987-07-14,1380,1406,1385,1401,49.0
1987-07-15,1380,1398,1385,1385,49.0
1987-07-16,1384,1407,1389,1407,49.0
1987-07-17,1380,1390,1373,1390,49.0
1987-07-20,1398,1398,1394,1398,49.0
1987-07-21,1384,1377,1363,1371,49.0
1987-07-22,1361,1374,1363,1374,49.0
1987-07-23,1365,1366,1360,1365,49.0
1987-07-24,1368,1375,1366,1375,49.0
1987-07-27,1360,1375,1370,1370,49.0
1987-07-28,1343,1350,1324,1324,49.0
1987-07-29,1315,1321,1314,1316,49.0
1987-07-30,1325,1327,1323,1323,49.0
1987-07-31,1331,1335,1327,1335,49.0
1987-08-03,1303,1305,1288,1292,49.0
1987-08-04,1291,1294,1278,1290,49.0
1987-08-05,1288,1288,1272,1283,49.0
1987-08-06,1289,1292,1280,1281,49.0
1987-08-07,1273,1276,1265,1268,49.0
1987-08-10,1273,1275,1265,1272,49.0
1987-08-11,1267,1280,1264,1280,49.0
1987-08-12,1284,1290,1279,1279,49.0
1987-08-13,1277,1277,1265,1266,49.0
1987-08-14,1253,1260,1247,1255,49.0
1987-08-17,1253,1260,1250,1258,49.0
1987-08-18,1259,1266,1257,1260,49.0
1987-08-19,1257,1258,1239,1246,49.0
1987-08-20,1244,1245,1235,1242,49.0
1987-08-21,1238,1241,1236,1240,49.0
1987-08-24,1236,1253,1236,1249,49.0
1987-08-25,1255,1264,1252,1258,49.0
1987-08-26,1262,1280,1258,1279,49.0
1987-08-27,1279,1284,1269,1269,49.0
1987-08-28,1265,1269,1256,1256,49.0
1987-09-01,1249,1250,1224,1225,49.0
1987-09-02,1218,1221,1210,1213,49.0
1987-09-03,1219,1221,1210,1210,49.0
1987-09-04,1210,1220,1205,1207,49.0
1987-09-07,1205,1208,1203,1206,49.0
1987-09-08,1200,1200,1188,1194,49.0
1987-09-09,1182,1188,1165,1166,49.0
1987-09-10,1165,1174,1165,1170,49.0
1987-09-11,1155,1167,1154,1167,49.0
1987-09-14,1150,1170,1150,1169,49.0
1987-09-15,1190,1200,1190,1192,49.0
1987-09-16,1174,1183,1174,1183,49.0
1987-09-17,1195,1205,1195,1200,49.0
1987-09-18,1196,1198,1190,1196,49.0
1987-09-21,1190,1200,1190,1200,49.0
1987-09-22,1200,1207,1199,1199,49.0
1987-09-23,1200,1205,1199,1200,49.0
1987-09-24,1195,1205,1195,1200,49.0
1987-09-25,1198,1198,1198,1198,49.0
1987-09-28,1191,1198,1191,1191,49.0
1987-09-29,1185,1186,1175,1175,49.0
1987-09-30,1150,1160,1150,1157,49.0
1987-10-01,1183,1196,1170,1194,49.0
1987-10-02,1195,1208,1188,1198,49.0
1987-10-05,1200,1203,1194,1200,49.0
1987-10-06,1193,1195,1175,1181,49.0
1987-10-07,1177,1181,1165,1181,49.0
1987-10-08,1184,1199,1183,1193,49.0
1987-10-09,1190,1193,1182,1183,49.0
1987-10-12,1181,1184,1172,1179,49.0
1987-10-13,1167,1172,1156,1166,49.0
1987-10-14,1162,1167,1155,1164,49.0
1987-10-15,1151,1154,1142,1144,49.0
1987-10-19,1138,1149,1132,1141,49.0
1987-10-20,1148,1167,1143,1166,49.0
1987-10-21,1173,1185,1170,1178,49.0
1987-10-22,1172,1175,1158,1162,49.0
1987-10-23,1158,1164,1155,1156,49.0
1987-10-26,1153,1159,1149,1156,49.0
1987-10-27,1150,1154,1148,1149,49.0
1987-10-28,1143,1145,1138,1141,49.0
1987-10-29,1139,1148,1138,1148,49.0
1987-10-30,1143,1146,1133,1133,49.0
1987-11-02,1126,1132,1116,1120,49.0
1987-11-03,1123,1127,1107,1113,49.0
1987-11-04,1113,1117,1104,1106,49.0
1987-11-05,1090,1096,1084,1086,49.0
1987-11-06,1089,1101,1088,1091,49.0
1987-11-09,1095,1099,1091,1091,49.0
1987-11-10,1098,1104,1095,1101,49.0
1987-11-11,1117,1128,1115,1125,49.0
1987-11-12,1122,1126,1120,1122,49.0
1987-11-13,1113,1116,1097,1098,49.0
1987-11-16,1089,1092,1086,1090,49.0
1987-11-17,1080,1083,1074,1074,49.0
1987-11-18,1080,1092,1074,1087,49.0
1987-11-19,1084,1086,1082,1082,49.0
1987-11-20,1081,1086,1075,1081,431.0
1987-11-23,1082,1100,1082,1098,
1987-11-24,1109,1123,1107,1119,
1987-11-25,1116,1118,1091,1093,618.0
1987-11-26,1092,1096,1085,1091,407.0
1987-11-27,1089,1094,1082,1088,
1987-11-30,1080,1081,1062,1064,
1987-12-01,1070,1071,1060,1061,865.0
1987-12-02,1064,1065,1051,1058,612.0
1987-12-03,1040,1064,1035,1063,565.0
1987-12-04,1064,1098,1055,1095,298.0
1987-12-07,1017,1030,1010,1017,671.0
1987-12-08,1017,1022,1005,1006,81.0
1987-12-09,999,1003,993,1001,168.0
1987-12-10,1004,1022,1003,1018,239.0
1987-12-11,1024,1033,1022,1025,101.0
1987-12-14,1026,1027,1016,1020,129.0
1987-12-15,1023,1024,1012,1015,80.0
1987-12-16,1021,1026,1019,1026,56.0
1987-12-17,1022,1026,1022,1024,77.0
1987-12-18,1036,1040,1032,1036,54.0
1987-12-21,1042,1045,1038,1042,58.0
1987-12-22,1059,1068,1050,1061,69.0
1987-12-23,1070,1080,1045,1045,144.0
1987-12-24,1035,1057,1035,1041,148.0
1987-12-29,1025,1025,1010,1021,20.0
1987-12-30,1023,1034,1019,1034,20.0
1987-12-31,1055,1061,1047,1049,477.0
1988-01-04,1051,1072,1050,1067,
1988-01-05,1093,1124,1071,1116,
1988-01-06,1125,1135,1116,1133,
1988-01-07,1126,1126,1114,1116,
1988-01-08,1124,1140,1115,1137,
1988-01-11,1129,1138,1125,1129,
1988-01-12,1125,1131,1120,1123,
1988-01-13,1123,1128,1115,1119,
1988-01-14,1128,1132,1110,1118,
1988-01-15,1122,1158,1107,1141,
1988-01-18,1161,1170,1155,1159,
1988-01-19,1161,1165,1154,1159,
1988-01-20,1154,1156,1144,1154,
1988-01-21,1147,1154,1147,1152,946.0
1988-01-22,1159,1164,1146,1151,
1988-01-25,1146,1155,1135,1137,
1988-01-26,1136,1138,1125,1127,
1988-01-27,1116,1121,1088,1089,
1988-01-28,1088,1094,1076,1079,
1988-01-29,1083,1092,1073,1079,
1988-02-01,1078,1085,1065,1073,924.0
1988-02-02,1075,1084,1070,1077,
1988-02-03,1076,1082,1066,1073,
1988-02-04,1064,1068,1044,1052,
1988-02-05,1058,1070,1057,1062,
1988-02-08,1069,1074,1065,1067,943.0
1988-02-09,1069,1069,1052,1054,
1988-02-10,1054,1060,1045,1045,
1988-02-11,1051,1057,1045,1054,
1988-02-12,1062,1067,1057,1058,656.0
1988-02-15,1053,1053,1044,1047,740.0
1988-02-16,1052,1055,1037,1038,
1988-02-17,1038,1043,1035,1042,
1988-02-18,1046,1048,1029,1040,
1988-02-19,1046,1046,1033,1043,869.0
1988-02-22,1043,1047,1039,1044,569.0
1988-02-23,1042,1042,1011,1014,
1988-02-24,1007,1010,993,994,
1988-02-25,1003,1007,997,1006,
1988-02-26,1007,1014,981,982,
1988-02-29,982,982,966,969,
1988-03-01,974,979,966,977,917.0
1988-03-02,984,985,968,970,224.0
1988-03-03,964,971,958,966,260.0
1988-03-04,966,977,961,976,497.0
1988-03-07,967,967,945,949,279.0
1988-03-08,948,949,932,949,179.0
1988-03-09,941,941,926,940,114.0
1988-03-10,922,935,918,932,346.0
1988-03-11,935,941,928,933,40.0
1988-03-14,911,914,905,906,180.0
1988-03-15,889,915,888,915,251.0
1988-03-16,919,924,889,892,143.0
1988-03-17,885,903,884,903,57.0
1988-03-18,905,905,898,898,38.0
1988-03-21,904,908,902,908,65.0
1988-03-22,908,908,903,903,6.0
1988-03-23,912,916,906,915,13.0
1988-03-24,924,931,923,931,25.0
1988-03-25,937,940,936,940,7.0
1988-03-28,913,913,913,913,0.0
1988-03-29,895,898,895,898,1.0
1988-03-30,902,903,892,900,1.0
1988-03-31,982,992,982,982,1.0
1988-04-05,891,900,882,886,
1988-04-06,876,886,873,886,819.0
1988-04-07,892,894,873,877,794.0
1988-04-08,871,880,865,876,976.0
1988-04-11,883,889,882,884,497.0
1988-04-12,887,887,870,883,751.0
1988-04-13,882,900,880,893,923.0
1988-04-14,890,900,885,889,499.0
1988-04-15,881,896,879,885,848.0
1988-04-18,876,881,873,878,771.0
1988-04-19,879,893,875,884,781.0
1988-04-20,894,900,889,894,
1988-04-21,896,898,882,884,317.0
1988-04-22,879,880,874,878,385.0
1988-04-25,887,895,885,894,758.0
1988-04-26,900,906,899,903,756.0
1988-04-27,901,903,889,892,
1988-04-28,889,906,886,906,
1988-04-29,912,914,903,913,
1988-05-03,902,905,900,903,549.0
1988-05-04,906,918,905,914,834.0
1988-05-05,909,916,905,907,330.0
1988-05-06,904,910,903,909,90.0
1988-05-09,914,916,912,915,167.0
1988-05-10,914,914,910,910,42.0
1988-05-11,909,910,896,898,192.0
1988-05-12,893,895,881,884,98.0
1988-05-13,877,886,877,884,96.0
1988-05-16,890,890,887,888,79.0
1988-05-17,893,907,889,907,86.0
1988-05-18,912,914,910,910,66.0
1988-05-19,928,937,923,937,54.0
1988-05-20,938,938,932,935,75.0
1988-05-23,934,938,927,927,54.0
1988-05-24,930,930,919,929,102.0
1988-05-25,948,960,948,953,19.0
1988-05-26,938,940,914,916,35.0
1988-05-27,899,910,898,908,35.0
1988-05-31,1009,1015,1009,1013,35.0
1988-06-01,941,947,932,934,
1988-06-02,937,939,924,927,
1988-06-03,933,940,930,938,965.0
1988-06-06,936,936,929,932,778.0
1988-06-07,930,931,922,924,752.0
1988-06-08,920,923,913,917,
1988-06-09,908,913,901,908,
1988-06-10,912,915,904,906,693.0
1988-06-13,897,902,894,901,769.0
1988-06-14,910,915,904,913,568.0
1988-06-15,910,919,910,919,268.0
1988-06-16,918,918,894,895,537.0
1988-06-17,891,895,885,890,654.0
1988-06-20,897,905,879,879,419.0
1988-06-21,876,882,875,880,652.0
1988-06-22,892,895,888,892,621.0
1988-06-23,898,910,896,906,939.0
1988-06-24,911,943,910,940,
1988-06-27,933,933,923,926,823.0
1988-06-28,919,933,918,933,
1988-06-29,942,943,929,929,
1988-06-30,936,951,932,951,391.0
1988-07-01,966,974,927,930,385.0
1988-07-04,944,944,934,941,51.0
1988-07-05,935,948,932,943,624.0
1988-07-06,944,949,941,949,145.0
1988-07-07,958,977,958,969,246.0
1988-07-08,978,988,975,981,80.0
1988-07-11,987,1000,986,990,58.0
1988-07-12,1001,1020,999,1017,145.0
1988-07-13,1020,1034,1018,1023,37.0
1988-07-14,1015,1020,991,992,17.0
1988-07-15,990,992,980,980,70.0
1988-07-18,974,974,974,974,0.0
1988-07-19,964,964,950,955,72.0
1988-07-20,949,960,948,960,19.0
1988-07-21,963,965,954,954,9.0
1988-07-22,938,950,929,929,89.0
1988-07-25,923,923,923,923,0.0
1988-07-26,937,941,906,906,27.0
1988-07-27,910,918,905,918,34.0
1988-07-28,936,947,936,940,20.0
1988-07-29,940,940,930,935,20.0
1988-08-01,938,941,930,934,723.0
1988-08-02,946,949,933,938,845.0
1988-08-03,941,950,938,948,676.0
1988-08-04,949,964,945,954,
1988-08-05,962,980,957,979,
1988-08-08,991,1003,975,984,
1988-08-09,987,988,970,975,534.0
1988-08-10,967,972,951,952,
1988-08-11,944,945,903,904,
1988-08-12,920,922,895,898,
1988-08-15,909,912,878,879,
1988-08-16,882,893,875,887,
1988-08-17,891,896,887,893,499.0
1988-08-18,889,900,889,898,348.0
1988-08-19,902,903,865,880,374.0
1988-08-22,879,890,870,889,220.0
1988-08-23,887,899,882,899,605.0
1988-08-24,901,909,895,902,969.0
1988-08-25,898,898,880,886,294.0
1988-08-26,875,875,858,873,
1988-08-30,869,908,868,900,
1988-08-31,913,919,899,902,728.0
1988-09-01,863,876,850,863,
1988-09-02,872,874,848,864,264.0
1988-09-05,865,883,864,873,65.0
1988-09-06,870,872,860,872,185.0
1988-09-07,854,858,839,841,214.0
1988-09-08,844,860,840,856,86.0
1988-09-09,853,853,840,845,165.0
1988-09-12,852,862,852,856,118.0
1988-09-13,861,865,848,863,143.0
1988-09-14,867,872,859,862,54.0
1988-09-15,860,860,846,847,129.0
1988-09-16,830,835,822,823,163.0
1988-09-19,810,833,810,833,52.0
1988-09-20,828,842,826,842,194.0
1988-09-21,845,847,840,844,109.0
1988-09-22,851,856,835,838,86.0
1988-09-23,828,828,790,792,43.0
1988-09-26,790,798,775,777,60.0
1988-09-27,780,783,771,771,65.0
1988-09-28,740,740,735,735,1.0
1988-09-29,720,740,720,740,75.0
1988-09-30,728,730,690,710,75.0
1988-10-03,722,724,702,723,
1988-10-04,725,736,720,734,
1988-10-05,736,764,735,764,
1988-10-06,774,788,760,768,
1988-10-07,782,795,770,795,
1988-10-10,804,811,795,807,
1988-10-11,799,800,757,764,
1988-10-12,759,770,744,769,
1988-10-13,774,796,755,759,
1988-10-14,751,763,749,754,
1988-10-17,769,779,764,775,
1988-10-18,776,801,765,797,
1988-10-19,810,821,796,797,
1988-10-20,807,824,792,802,
1988-10-21,804,813,795,806,823.0
1988-10-24,824,835,815,825,
1988-10-25,830,835,806,813,
1988-10-26,799,804,779,794,
1988-10-27,787,792,774,780,958.0
1988-10-28,769,778,760,775,656.0
1988-10-31,790,797,785,790,
1988-11-01,786,811,783,798,
1988-11-02,807,810,800,804,
1988-11-03,809,815,798,801,
1988-11-04,796,840,787,840,
1988-11-07,843,863,840,851,
1988-11-08,847,858,841,853,
1988-11-09,861,868,851,863,
1988-11-10,852,860,832,843,838.0
1988-11-11,857,870,847,856,
1988-11-14,860,860,844,845,806.0
1988-11-15,849,849,829,830,
1988-11-16,825,850,816,841,
1988-11-17,854,857,837,837,896.0
1988-11-18,830,846,828,832,529.0
1988-11-21,845,853,838,851,852.0
1988-11-22,866,880,861,863,
1988-11-23,865,874,861,865,697.0
1988-11-24,871,890,869,885,
1988-11-25,881,884,868,868,
1988-11-28,874,875,860,862,857.0
1988-11-29,855,863,847,854,
1988-11-30,852,853,828,846,
1988-12-01,843,845,834,837,970.0
1988-12-02,833,838,825,825,930.0
1988-12-05,831,844,829,844,446.0
1988-12-06,851,854,839,839,467.0
1988-12-07,829,834,826,832,378.0
1988-12-08,837,837,819,832,394.0
1988-12-09,818,824,805,805,343.0
1988-12-12,805,805,792,795,272.0
1988-12-13,805,808,797,798,295.0
1988-12-14,795,800,785,788,464.0
1988-12-15,797,803,790,793,358.0
1988-12-16,795,800,791,796,522.0
1988-12-19,810,817,809,817,448.0
1988-12-20,824,831,824,828,300.0
1988-12-21,857,862,855,861,245.0
1988-12-22,860,866,857,865,401.0
1988-12-23,855,867,853,862,297.0
1988-12-28,861,862,853,853,333.0
1988-12-29,861,862,858,860,81.0
1988-12-30,862,864,857,857,81.0
1989-01-03,903,915,888,890,
1989-01-04,885,895,880,882,
1989-01-05,877,881,852,857,
1989-01-06,846,851,844,851,
1989-01-09,847,855,846,849,
1989-01-10,853,853,825,827,
1989-01-11,815,820,810,815,
1989-01-12,806,810,780,793,
1989-01-13,808,812,795,799,
1989-01-16,799,803,795,802,656.0
1989-01-17,787,799,784,792,
1989-01-18,795,795,781,791,
1989-01-19,807,815,799,812,
1989-01-20,813,860,805,857,
1989-01-23,855,865,846,854,
1989-01-24,849,870,846,866,
1989-01-25,860,862,842,848,
1989-01-26,842,850,834,849,682.0
1989-01-27,854,869,850,862,
1989-01-30,860,865,840,842,
1989-01-31,837,840,824,827,
1989-02-01,824,836,820,835,
1989-02-02,842,853,834,840,957.0
1989-02-03,847,850,840,843,798.0
1989-02-06,846,856,830,836,
1989-02-07,838,846,830,843,934.0
1989-02-08,847,859,840,848,
1989-02-09,853,859,845,855,
1989-02-10,863,864,851,860,
1989-02-13,852,858,850,858,
1989-02-14,853,862,852,860,
1989-02-15,870,880,867,879,
1989-02-16,875,883,852,852,
1989-02-17,857,857,845,848,771.0
1989-02-20,851,857,848,851,695.0
1989-02-21,853,854,844,848,568.0
1989-02-22,842,846,835,841,
1989-02-23,849,850,837,842,
1989-02-24,848,855,843,855,
1989-02-27,852,854,845,847,
1989-02-28,840,845,831,832,
1989-03-01,835,836,829,833,
1989-03-02,825,826,819,822,421.0
1989-03-03,827,837,825,829,401.0
1989-03-06,836,840,836,837,348.0
1989-03-07,831,833,822,825,430.0
1989-03-08,833,853,830,850,535.0
1989-03-09,847,852,843,843,290.0
1989-03-10,836,837,830,834,261.0
1989-03-13,829,834,827,830,312.0
1989-03-14,835,839,834,835,184.0
1989-03-15,837,838,831,837,175.0
1989-03-16,840,854,840,849,365.0
1989-03-17,854,854,843,843,62.0
1989-03-20,836,839,827,832,292.0
1989-03-21,809,812,797,805,302.0
1989-03-22,808,810,804,808,131.0
1989-03-23,810,810,792,794,467.0
1989-03-28,790,804,788,803,373.0
1989-03-29,805,813,805,811,529.0
1989-03-30,815,820,814,819,647.0
1989-03-31,820,827,820,826,
1989-04-03,833,836,826,826,
1989-04-04,820,820,814,817,835.0
1989-04-05,807,809,787,789,
1989-04-06,780,785,766,771,
1989-04-07,775,781,765,767,
1989-04-10,774,776,766,776,461.0
1989-04-11,779,785,779,784,
1989-04-12,784,784,755,760,
1989-04-13,755,765,750,761,600.0
1989-04-14,759,759,735,746,
1989-04-17,745,753,744,750,
1989-04-18,750,756,750,754,
1989-04-19,747,750,741,750,858.0
1989-04-20,746,751,743,745,792.0
1989-04-21,754,754,744,747,516.0
1989-04-24,735,739,733,738,959.0
1989-04-25,732,744,730,744,
1989-04-26,746,746,724,726,
1989-04-27,724,726,719,722,
1989-04-28,718,727,718,724,
1989-05-02,726,730,718,726,
1989-05-03,729,729,725,726,440.0
1989-05-04,725,725,695,698,497.0
1989-05-05,700,706,690,706,326.0
1989-05-08,695,695,690,694,666.0
1989-05-09,697,701,695,697,236.0
1989-05-10,697,697,689,690,376.0
1989-05-11,695,701,691,696,150.0
1989-05-12,698,698,685,698,449.0
1989-05-15,705,712,705,710,468.0
1989-05-16,710,710,684,686,663.0
1989-05-17,686,695,682,691,183.0
1989-05-18,696,700,684,697,383.0
1989-05-19,698,720,698,719,322.0
1989-05-22,741,750,741,742,274.0
1989-05-23,742,751,740,751,120.0
1989-05-24,758,765,758,765,221.0
1989-05-25,785,808,785,808,118.0
1989-05-26,810,815,789,789,31.0
1989-05-30,766,770,760,765,31.0
1989-05-31,774,777,765,773,
1989-06-01,769,780,768,774,
1989-06-02,779,792,772,788,893.0
1989-06-05,785,793,772,772,682.0
1989-06-06,774,796,773,795,472.0
1989-06-07,795,812,762,770,761.0
1989-06-08,775,845,775,809,
1989-06-09,815,830,811,817,529.0
1989-06-12,822,824,810,815,570.0
1989-06-13,822,837,819,836,
1989-06-14,835,845,821,821,683.0
1989-06-15,820,833,815,819,433.0
1989-06-16,819,822,807,813,970.0
1989-06-19,798,805,797,803,484.0
1989-06-20,792,803,792,801,356.0
1989-06-21,813,816,807,807,740.0
1989-06-22,807,817,804,816,495.0
1989-06-23,818,825,816,817,544.0
1989-06-26,824,835,824,833,804.0
1989-06-27,832,833,824,830,405.0
1989-06-28,833,838,832,832,
1989-06-29,825,828,821,822,
1989-06-30,816,822,812,822,
1989-07-03,822,833,822,833,
1989-07-04,824,824,817,820,177.0
1989-07-05,820,822,811,811,778.0
1989-07-06,810,814,805,806,255.0
1989-07-07,808,816,803,816,428.0
1989-07-10,820,822,814,815,219.0
1989-07-11,812,814,810,811,125.0
1989-07-12,812,812,803,809,270.0
1989-07-13,803,817,803,817,253.0
1989-07-14,830,840,830,838,131.0
1989-07-17,859,871,859,871,227.0
1989-07-18,875,875,870,870,59.0
1989-07-19,869,869,857,863,73.0
1989-07-20,859,865,854,861,43.0
1989-07-21,864,864,859,859,27.0
1989-07-24,852,856,848,856,50.0
1989-07-25,850,858,848,857,75.0
1989-07-26,862,862,855,855,24.0
1989-07-27,845,845,834,834,18.0
1989-07-28,832,845,832,845,18.0
1989-07-31,847,848,842,844,571.0
1989-08-01,841,842,835,838,
1989-08-02,833,895,833,888,
1989-08-03,890,890,874,875,
1989-08-04,895,915,887,890,
1989-08-07,895,900,870,877,
1989-08-08,873,876,870,871,
1989-08-09,870,872,861,869,
1989-08-10,870,873,862,868,636.0
1989-08-11,873,879,868,869,538.0
1989-08-14,865,870,860,866,410.0
1989-08-15,865,866,854,855,639.0
1989-08-16,855,855,842,846,
1989-08-17,841,845,837,837,664.0
1989-08-18,832,832,805,807,
1989-08-21,800,800,767,771,
1989-08-22,770,774,751,773,
1989-08-23,780,781,776,777,459.0
1989-08-24,765,766,750,758,829.0
1989-08-25,759,762,737,745,844.0
1989-08-29,745,751,743,747,816.0
1989-08-30,749,764,749,764,
1989-08-31,769,783,769,782,
1989-09-01,782,792,780,785,553.0
1989-09-04,784,784,734,762,466.0
1989-09-05,770,771,759,760,170.0
1989-09-06,738,754,738,751,57.0
1989-09-07,750,755,743,752,74.0
1989-09-08,745,754,740,751,820.0
1989-09-11,765,770,761,769,129.0
1989-09-12,768,774,768,769,66.0
1989-09-13,778,780,759,759,174.0
1989-09-14,758,772,753,767,279.0
1989-09-15,776,778,755,758,283.0
1989-09-18,730,735,725,725,109.0
1989-09-19,722,730,720,730,137.0
1989-09-20,730,730,723,730,68.0
1989-09-21,730,754,730,750,25.0
1989-09-22,740,740,732,735,12.0
1989-09-25,740,740,734,734,31.0
1989-09-26,725,744,725,733,29.0
1989-09-27,745,750,739,750,36.0
1989-09-28,745,745,735,735,110.0
1989-09-29,699,699,687,693,110.0
1989-10-02,720,725,699,706,
1989-10-03,709,734,705,727,
1989-10-04,715,736,704,725,
1989-10-05,727,735,726,732,
1989-10-06,738,757,738,753,
1989-10-09,752,759,747,754,
1989-10-10,750,760,750,753,
1989-10-11,747,750,729,746,
1989-10-12,740,746,736,744,
1989-10-13,730,744,730,741,
1989-10-16,730,744,726,726,
1989-10-17,728,742,727,742,807.0
1989-10-18,744,748,739,739,
1989-10-19,739,742,729,732,
1989-10-20,729,738,729,738,
1989-10-23,730,750,730,743,
1989-10-24,749,750,743,745,283.0
1989-10-25,735,741,725,727,
1989-10-26,726,727,698,707,
1989-10-27,705,710,704,710,160.0
1989-10-30,715,720,707,720,
1989-10-31,711,728,711,727,646.0
1989-11-01,715,725,711,714,418.0
1989-11-02,720,720,710,714,411.0
1989-11-03,715,728,714,722,
1989-11-06,720,721,716,717,273.0
1989-11-07,718,724,715,723,
1989-11-08,720,730,720,728,327.0
1989-11-09,731,741,730,741,
1989-11-10,740,752,740,750,882.0
1989-11-13,752,757,749,750,
1989-11-14,750,750,720,721,845.0
1989-11-15,715,724,704,708,687.0
1989-11-16,710,710,703,705,624.0
1989-11-17,702,703,679,685,880.0
1989-11-20,690,697,690,692,252.0
1989-11-21,682,688,682,688,622.0
1989-11-22,695,695,685,688,465.0
1989-11-23,681,683,674,674,476.0
1989-11-24,675,675,667,668,208.0
1989-11-27,660,662,650,660,
1989-11-28,660,662,650,651,220.0
1989-11-29,650,652,644,645,529.0
1989-11-30,645,653,644,653,584.0
1989-12-01,654,654,641,641,366.0
1989-12-04,635,652,635,652,197.0
1989-12-05,650,667,649,660,901.0
1989-12-06,665,671,665,667,99.0
1989-12-07,655,668,655,660,240.0
1989-12-08,659,664,659,662,52.0
1989-12-11,670,670,660,668,61.0
1989-12-12,670,676,670,676,84.0
1989-12-13,680,685,678,678,639.0
1989-12-14,670,670,639,639,155.0
1989-12-15,645,649,639,639,63.0
1989-12-18,640,648,636,645,75.0
1989-12-19,645,645,642,645,34.0
1989-12-20,648,648,642,645,44.0
1989-12-21,642,646,640,640,143.0
1989-12-22,640,641,631,635,106.0
1989-12-27,630,637,630,637,74.0
1989-12-28,635,640,634,640,374.0
1989-12-29,635,638,605,627,175.0
1990-01-02,629,633,627,631,
1990-01-03,631,633,623,623,
1990-01-04,620,622,617,622,
1990-01-05,622,628,622,627,989.0
1990-01-08,628,628,623,625,
1990-01-09,622,625,621,624,850.0
1990-01-10,628,632,625,631,
1990-01-11,633,644,632,642,
1990-01-12,645,649,634,641,
1990-01-15,638,643,636,636,
1990-01-16,635,635,627,628,
1990-01-17,627,633,624,630,
1990-01-18,634,640,626,627,
1990-01-19,625,628,621,622,
1990-01-22,623,627,618,625,840.0
1990-01-23,623,632,623,629,
1990-01-24,631,636,628,630,
1990-01-25,627,633,627,631,874.0
1990-01-26,634,637,631,634,973.0
1990-01-29,633,637,627,629,924.0
1990-01-30,623,632,623,629,
1990-01-31,627,632,625,628,593.0
1990-02-01,629,629,625,625,715.0
1990-02-02,621,628,621,621,
1990-02-05,620,623,618,619,
1990-02-06,620,623,618,619,
1990-02-07,619,620,608,611,
1990-02-08,612,613,603,613,
1990-02-09,615,618,613,617,998.0
1990-02-12,625,625,620,622,
1990-02-13,627,627,620,620,
1990-02-14,622,624,620,621,
1990-02-15,622,625,615,625,
1990-02-16,623,627,620,627,
1990-02-19,624,626,622,622,
1990-02-20,622,625,621,621,
1990-02-21,623,630,618,628,
1990-02-22,634,638,632,635,
1990-02-23,638,640,636,637,
1990-02-26,641,643,639,640,
1990-02-27,639,639,629,633,
1990-02-28,638,665,638,655,
1990-03-01,657,671,657,662,898.0
1990-03-02,666,700,666,697,597.0
1990-03-05,697,697,692,694,319.0
1990-03-06,697,700,692,694,
1990-03-07,701,701,694,696,236.0
1990-03-08,691,698,691,696,819.0
1990-03-09,710,714,706,708,229.0
1990-03-12,705,706,700,706,554.0
1990-03-13,730,730,707,730,452.0
1990-03-14,732,736,722,727,136.0
1990-03-15,718,723,704,709,133.0
1990-03-16,708,715,704,704,154.0
1990-03-19,704,705,686,686,263.0
1990-03-20,685,692,682,684,122.0
1990-03-21,690,700,690,699,6.0
1990-03-22,699,714,699,714,53.0
1990-03-23,720,736,720,736,118.0
1990-03-26,744,744,737,739,103.0
1990-03-27,732,737,728,735,39.0
1990-03-28,745,760,742,756,83.0
1990-03-29,758,765,751,765,86.0
1990-03-30,780,780,773,773,92.0
1990-04-02,784,784,771,780,
1990-04-03,778,807,774,798,
1990-04-04,797,819,792,810,
1990-04-05,811,850,808,834,
1990-04-06,825,847,822,830,
1990-04-09,845,855,827,827,
1990-04-10,824,828,815,827,964.0
1990-04-11,868,892,865,873,
1990-04-12,862,879,857,876,
1990-04-17,870,870,848,849,
1990-04-18,830,852,820,851,
1990-04-19,845,870,845,866,
1990-04-20,870,887,870,880,
1990-04-23,880,880,863,867,787.0
1990-04-24,869,869,833,841,
1990-04-25,831,841,821,824,
1990-04-26,824,845,824,840,
1990-04-27,832,835,825,828,
1990-04-30,828,848,828,837,
1990-05-01,845,855,845,854,500.0
1990-05-02,865,865,841,842,281.0
1990-05-03,847,853,843,847,235.0
1990-05-04,848,853,845,852,158.0
1990-05-08,849,849,815,815,736.0
1990-05-09,812,823,799,823,398.0
1990-05-10,840,851,840,841,302.0
1990-05-11,850,853,836,836,174.0
1990-05-14,873,882,872,881,106.0
1990-05-15,887,893,882,892,162.0
1990-05-16,940,948,927,927,157.0
1990-05-17,914,927,910,913,92.0
1990-05-18,913,938,909,938,143.0
1990-05-21,942,944,924,924,19.0
1990-05-22,914,925,911,925,31.0
1990-05-23,942,943,911,914,22.0
1990-05-24,935,944,935,944,11.0
1990-05-25,952,955,944,944,82.0
1990-05-29,941,950,930,930,59.0
1990-05-30,914,925,914,924,32.0
1990-05-31,895,919,895,919,13.0
1990-06-01,923,931,878,884,
1990-06-04,880,880,839,839,
1990-06-05,850,857,814,855,
1990-06-06,875,875,843,855,
1990-06-07,841,852,825,851,
1990-06-08,845,852,804,805,
1990-06-11,795,802,773,780,
1990-06-12,770,795,763,785,
1990-06-13,790,805,790,800,
1990-06-14,790,791,774,776,873.0
1990-06-15,775,790,758,787,
1990-06-18,790,791,780,781,564.0
1990-06-19,784,786,769,773,806.0
1990-06-20,760,788,754,778,748.0
1990-06-21,775,786,762,764,762.0
1990-06-22,745,753,734,734,525.0
1990-06-25,728,734,718,732,
1990-06-26,735,752,735,747,694.0
1990-06-27,755,772,755,771,
1990-06-28,765,767,750,750,791.0
1990-06-29,755,759,748,748,
1990-07-02,750,776,749,764,
1990-07-03,780,785,774,777,359.0
1990-07-04,780,786,778,782,392.0
1990-07-05,780,780,765,765,71.0
1990-07-06,763,772,759,771,170.0
1990-07-09,773,775,770,770,76.0
1990-07-10,767,767,738,738,53.0
1990-07-11,732,733,710,719,123.0
1990-07-12,728,728,724,724,16.0
1990-07-13,745,746,740,741,192.0
1990-07-16,733,743,733,733,31.0
1990-07-17,754,754,719,719,14.0
1990-07-18,732,732,730,730,2.0
1990-07-19,727,727,727,727,0.0
1990-07-20,737,737,736,736,3.0
1990-07-23,746,746,743,744,7.0
1990-07-24,752,752,730,732,36.0
1990-07-25,743,753,743,753,20.0
1990-07-26,754,754,754,754,0.0
1990-07-27,759,759,685,685,5.0
1990-07-30,749,749,740,740,2.0
1990-07-31,740,751,740,751,2.0
1990-08-01,745,749,730,732,
1990-08-02,735,738,724,730,
1990-08-03,720,721,696,697,
1990-08-06,693,702,679,679,
1990-08-07,669,683,664,675,
1990-08-08,678,686,672,676,416.0
1990-08-09,670,671,653,671,
1990-08-10,671,682,670,673,
1990-08-13,675,679,642,643,
1990-08-14,641,649,620,623,
1990-08-15,620,634,619,632,
1990-08-16,635,647,634,639,
1990-08-17,635,640,626,634,462.0
1990-08-20,633,645,625,645,
1990-08-21,650,660,648,659,613.0
1990-08-22,654,654,644,651,745.0
1990-08-23,655,657,650,652,528.0
1990-08-24,656,730,656,727,
1990-08-28,728,728,691,691,
1990-08-29,680,690,671,680,583.0
1990-08-30,678,695,670,693,
1990-08-31,705,739,705,730,
1990-09-03,725,725,714,720,203.0
1990-09-04,711,730,711,726,497.0
1990-09-05,732,740,715,722,387.0
1990-09-06,725,735,709,729,285.0
1990-09-07,735,735,691,691,427.0
1990-09-10,685,703,685,703,70.0
1990-09-11,704,710,704,710,64.0
1990-09-12,695,718,695,718,150.0
1990-09-13,725,728,721,728,40.0
1990-09-14,730,737,716,716,34.0
1990-09-17,720,723,717,723,84.0
1990-09-18,719,724,707,708,26.0
1990-09-19,705,705,695,700,15.0
1990-09-20,704,704,702,702,5.0
1990-09-21,707,713,707,710,31.0
1990-09-24,715,728,715,721,10.0
1990-09-25,727,727,715,723,45.0
1990-09-26,738,738,727,727,280.0
1990-09-27,725,727,719,723,18.0
1990-09-28,727,732,725,732,7.0
1990-10-01,741,747,739,739,721.0
1990-10-02,732,733,721,725,
1990-10-03,730,730,714,727,
1990-10-04,720,729,717,727,
1990-10-05,726,726,710,710,
1990-10-08,700,703,693,700,
1990-10-09,699,700,678,683,
1990-10-10,678,684,668,674,
1990-10-11,678,680,668,679,
1990-10-12,674,683,671,679,
1990-10-15,684,684,665,665,
1990-10-16,661,672,655,656,
1990-10-17,652,662,646,662,
1990-10-18,660,670,652,653,
1990-10-19,650,661,638,660,
1990-10-22,666,675,659,660,
1990-10-23,665,673,662,668,
1990-10-24,670,686,669,682,
1990-10-25,685,692,685,691,
1990-10-26,685,686,679,682,962.0
1990-10-29,681,681,666,668,852.0
1990-10-30,660,663,648,648,
1990-10-31,640,641,629,636,
1990-11-01,647,660,646,655,
1990-11-02,650,662,649,662,661.0
1990-11-05,648,655,643,647,539.0
1990-11-06,637,646,635,644,776.0
1990-11-07,642,650,642,645,553.0
1990-11-08,646,654,645,652,604.0
1990-11-09,651,662,651,652,912.0
1990-11-12,645,654,645,651,762.0
1990-11-13,653,658,652,656,714.0
1990-11-14,655,662,653,658,
1990-11-15,661,672,659,671,
1990-11-16,676,692,675,692,
1990-11-19,715,717,696,699,
1990-11-20,694,710,694,700,
1990-11-21,706,715,700,707,
1990-11-22,705,708,701,701,
1990-11-23,700,701,694,699,465.0
1990-11-26,697,701,693,699,
1990-11-27,699,705,686,686,
1990-11-28,680,682,673,679,
1990-11-29,680,680,672,676,
1990-11-30,678,697,675,682,
1990-12-03,677,678,667,668,
1990-12-04,662,662,656,660,
1990-12-05,656,657,643,652,316.0
1990-12-06,652,655,647,654,167.0
1990-12-07,659,661,633,636,168.0
1990-12-10,632,645,632,643,619.0
1990-12-11,643,643,640,640,152.0
1990-12-12,642,643,637,641,86.0
1990-12-13,636,640,636,638,80.0
1990-12-14,638,638,633,636,29.0
1990-12-17,633,633,631,631,1.0
1990-12-18,618,621,610,610,57.0
1990-12-19,605,605,602,602,11.0
1990-12-20,609,612,607,607,21.0
1990-12-21,624,628,622,628,118.0
1990-12-27,625,625,618,618,165.0
1990-12-28,605,630,580,605,165.0
1990-12-31,598,598,598,598,91.0
1991-01-02,648,652,641,646,
1991-01-03,647,656,646,648,
1991-01-04,645,650,645,649,
1991-01-07,653,654,648,651,
1991-01-08,653,656,650,650,
1991-01-09,648,649,641,646,
1991-01-10,647,663,647,660,
1991-01-11,668,682,663,679,
1991-01-14,682,684,675,680,
1991-01-15,683,683,673,678,
1991-01-16,675,677,662,663,
1991-01-17,655,658,652,655,
1991-01-18,661,664,652,659,
1991-01-21,654,655,646,655,623.0
1991-01-22,651,660,650,658,
1991-01-23,659,663,652,653,854.0
1991-01-24,643,646,633,636,
1991-01-25,632,637,629,633,
1991-01-28,629,634,626,632,
1991-01-29,630,635,630,632,535.0
1991-01-30,628,628,610,617,
1991-01-31,614,618,612,617,
1991-02-01,617,620,604,610,
1991-02-04,607,617,607,615,
1991-02-05,613,615,599,615,
1991-02-06,598,603,595,602,928.0
1991-02-07,602,602,591,598,
1991-02-08,600,602,591,599,257.0
1991-02-11,592,596,588,591,882.0
1991-02-12,591,602,591,601,
1991-02-13,595,605,595,599,924.0
1991-02-14,605,612,602,610,
1991-02-15,614,625,611,625,
1991-02-18,618,621,615,620,
1991-02-19,620,620,612,619,873.0
1991-02-20,612,617,611,616,911.0
1991-02-21,610,615,610,612,440.0
1991-02-22,605,605,596,597,796.0
1991-02-25,598,598,591,594,
1991-02-26,590,600,588,598,
1991-02-27,600,605,598,605,
1991-02-28,600,608,592,605,
1991-03-01,607,612,600,600,497.0
1991-03-04,600,607,596,607,265.0
1991-03-05,609,623,609,618,330.0
1991-03-06,645,659,641,656,305.0
1991-03-07,652,659,649,659,184.0
1991-03-08,655,660,650,654,312.0
1991-03-11,655,657,643,643,91.0
1991-03-12,663,663,636,639,92.0
1991-03-13,644,652,643,648,166.0
1991-03-14,653,653,644,648,86.0
1991-03-15,665,673,665,673,81.0
1991-03-18,668,670,665,668,81.0
1991-03-19,670,672,664,666,42.0
1991-03-20,664,665,658,664,88.0
1991-03-21,655,655,654,654,6.0
1991-03-22,649,652,649,652,2.0
1991-03-25,642,644,642,644,100.0
1991-03-26,650,650,648,649,4.0
1991-03-27,650,659,647,647,253.0
1991-03-28,660,680,655,680,91.0
1991-04-03,681,689,664,666,
1991-04-04,662,665,659,663,
1991-04-05,662,671,659,660,
1991-04-08,660,660,640,641,
1991-04-09,650,650,640,650,
1991-04-10,652,652,645,648,
1991-04-11,644,650,639,647,906.0
1991-04-12,647,659,646,654,
1991-04-15,651,653,647,648,427.0
1991-04-16,642,651,641,651,
1991-04-17,646,654,645,650,
1991-04-18,648,652,640,642,923.0
1991-04-19,644,646,637,641,790.0
1991-04-22,638,644,635,644,
1991-04-23,645,649,642,645,
1991-04-24,644,646,635,638,
1991-04-25,642,642,625,625,
1991-04-26,625,625,614,615,
1991-04-29,608,613,599,610,
1991-04-30,603,609,602,607,
1991-05-01,605,605,601,602,929.0
1991-05-02,602,614,601,611,238.0
1991-05-03,613,620,613,615,76.0
1991-05-07,609,617,608,611,534.0
1991-05-08,609,609,602,602,64.0
1991-05-09,601,601,599,599,64.0
1991-05-10,597,600,596,598,37.0
1991-05-13,590,590,581,582,143.0
1991-05-14,583,589,582,586,167.0
1991-05-15,589,589,578,578,6.0
1991-05-16,584,584,574,574,53.0
1991-05-17,582,586,582,586,29.0
1991-05-20,594,599,594,597,40.0
1991-05-21,594,594,579,579,63.0
1991-05-22,569,573,569,573,13.0
1991-05-23,580,580,580,580,4.0
1991-05-24,580,589,580,589,1.0
1991-05-28,581,581,571,579,17.0
1991-05-29,570,580,560,570,17.0
1991-05-30,593,593,583,589,3.0
1991-05-31,604,629,600,629,65.0
1991-06-03,632,634,624,624,
1991-06-04,622,627,614,626,
1991-06-05,627,633,627,633,
1991-06-06,634,637,628,629,
1991-06-07,622,622,609,613,
1991-06-10,610,626,610,613,
1991-06-11,626,627,610,610,
1991-06-12,610,617,607,612,
1991-06-13,610,610,602,606,
1991-06-14,610,610,603,604,954.0
1991-06-17,604,605,597,601,592.0
1991-06-18,610,615,599,615,
1991-06-19,614,618,606,608,891.0
1991-06-20,606,615,606,613,
1991-06-21,611,611,604,604,639.0
1991-06-24,608,608,578,578,
1991-06-25,580,584,574,576,
1991-06-26,578,583,572,583,
1991-06-27,574,578,570,576,
1991-06-28,574,574,558,560,
1991-07-01,559,575,559,575,551.0
1991-07-02,574,585,574,585,190.0
1991-07-03,581,584,580,583,51.0
1991-07-04,575,584,575,580,359.0
1991-07-05,582,582,577,578,43.0
1991-07-08,578,579,576,577,94.0
1991-07-09,570,570,567,569,71.0
1991-07-10,571,577,571,571,617.0
1991-07-11,573,577,569,577,8.0
1991-07-12,580,586,580,586,48.0
1991-07-15,589,593,589,593,20.0
1991-07-16,596,596,579,579,23.0
1991-07-17,584,584,582,582,41.0
1991-07-18,585,588,582,585,41.0
1991-07-19,589,596,589,596,60.0
1991-07-22,595,597,588,588,18.0
1991-07-23,596,597,596,596,12.0
1991-07-24,594,594,587,587,32.0
1991-07-25,590,595,584,590,32.0
1991-07-26,596,612,592,612,7.0
1991-07-29,621,631,621,629,18.0
1991-07-30,623,625,623,625,3.0
1991-07-31,614,614,614,614,15.0
1991-08-01,649,660,647,654,
1991-08-02,658,682,658,677,
1991-08-05,675,690,666,668,
1991-08-06,667,667,660,665,941.0
1991-08-07,668,673,662,662,
1991-08-08,660,661,648,649,795.0
1991-08-09,648,658,648,658,419.0
1991-08-12,664,669,657,663,719.0
1991-08-13,653,653,640,642,
1991-08-14,649,659,649,658,
1991-08-15,658,675,658,667,
1991-08-16,666,670,660,669,702.0
1991-08-19,650,652,626,628,
1991-08-20,629,637,626,628,654.0
1991-08-21,630,639,630,633,515.0
1991-08-22,640,646,639,642,924.0
1991-08-23,647,650,642,642,893.0
1991-08-27,650,654,647,651,
1991-08-28,647,648,640,643,
1991-08-29,637,642,636,637,
1991-08-30,640,659,640,656,
1991-09-02,655,667,655,661,479.0
1991-09-03,665,684,665,682,265.0
1991-09-04,700,716,697,714,135.0
1991-09-05,715,715,711,712,72.0
1991-09-06,735,735,711,711,77.0
1991-09-09,718,719,703,708,227.0
1991-09-10,705,712,705,711,37.0
1991-09-11,712,713,705,705,17.0
1991-09-12,709,716,709,715,166.0
1991-09-13,715,719,706,706,92.0
1991-09-16,700,701,695,697,22.0
1991-09-17,697,714,697,710,16.0
1991-09-18,729,729,724,721,71.0
1991-09-19,714,720,714,719,20.0
1991-09-20,720,720,720,734,1.0
1991-09-23,715,715,715,715,1.0
1991-09-24,717,717,706,705,35.0
1991-09-25,719,722,719,720,27.0
1991-09-26,725,730,725,728,6.0
1991-09-27,721,722,715,718,19.0
1991-09-30,705,707,705,746,6.0
1991-10-01,745,751,743,745,
1991-10-02,745,752,734,747,
1991-10-03,745,756,745,755,
1991-10-04,785,788,775,783,
1991-10-07,776,789,773,789,
1991-10-08,787,790,778,787,
1991-10-09,790,793,780,784,
1991-10-10,785,788,776,783,
1991-10-11,783,790,778,785,912.0
1991-10-14,781,783,771,772,
1991-10-15,767,767,749,754,
1991-10-16,751,761,750,759,
1991-10-17,763,771,762,766,
1991-10-18,763,769,755,759,
1991-10-21,755,755,740,743,
1991-10-22,745,746,738,744,
1991-10-23,746,753,738,753,
1991-10-24,751,755,750,750,786.0
1991-10-25,748,748,744,746,
1991-10-28,747,748,740,748,734.0
1991-10-29,748,749,725,726,
1991-10-30,726,739,708,739,
1991-10-31,735,741,733,739,750.0
1991-11-01,745,753,742,750,
1991-11-04,742,743,727,734,979.0
1991-11-05,731,744,731,740,725.0
1991-11-06,739,747,739,744,696.0
1991-11-07,752,764,751,758,
1991-11-08,745,749,734,736,
1991-11-11,731,738,727,732,
1991-11-12,733,737,733,735,971.0
1991-11-13,737,738,733,737,
1991-11-14,736,749,736,745,
1991-11-15,745,749,739,741,561.0
1991-11-18,733,737,725,726,793.0
1991-11-19,727,734,726,734,
1991-11-20,738,738,733,735,
1991-11-21,735,735,726,729,
1991-11-22,725,729,719,721,
1991-11-25,717,719,708,713,970.0
1991-11-26,711,714,703,714,
1991-11-27,712,720,712,721,
1991-11-28,720,722,717,722,
1991-11-29,720,720,716,718,
1991-12-02,716,716,711,714,752.0
1991-12-03,710,719,710,718,289.0
1991-12-04,723,731,723,735,74.0
1991-12-05,732,741,732,741,271.0
1991-12-06,745,745,732,733,167.0
1991-12-09,733,735,729,729,47.0
1991-12-10,729,731,729,728,49.0
1991-12-11,735,738,725,724,52.0
1991-12-12,724,732,724,747,21.0
1991-12-13,748,748,748,747,5.0
1991-12-16,748,748,748,753,6.0
1991-12-17,762,762,750,745,20.0
1991-12-18,750,750,744,746,19.0
1991-12-19,746,747,745,747,52.0
1991-12-20,741,741,739,733,14.0
1991-12-23,730,730,728,732,7.0
1991-12-24,741,741,741,741,0.0
1991-12-27,741,741,729,731,7.0
1991-12-30,739,739,739,732,1.0
1991-12-31,723,723,723,745,5.0
1992-01-02,742,742,723,733,
1992-01-03,738,738,727,732,
1992-01-06,727,727,718,721,
1992-01-07,718,721,706,709,
1992-01-08,702,716,702,712,
1992-01-09,705,713,705,713,
1992-01-10,715,733,715,733,
1992-01-13,732,737,726,729,
1992-01-14,726,728,723,727,
1992-01-15,727,734,723,732,
1992-01-16,731,749,728,747,
1992-01-17,745,753,742,745,
1992-01-20,743,748,739,743,991.0
1992-01-21,741,741,731,733,
1992-01-22,738,738,729,730,
1992-01-23,728,731,722,731,
1992-01-24,730,734,727,734,
1992-01-27,736,738,726,729,
1992-01-28,722,727,718,720,
1992-01-29,720,724,719,724,860.0
1992-01-30,725,732,723,732,
1992-01-31,734,736,725,726,
1992-02-03,715,715,706,706,
1992-02-04,702,702,692,695,
1992-02-05,690,698,685,688,
1992-02-06,689,698,680,684,
1992-02-07,684,685,677,678,
1992-02-10,673,675,669,670,
1992-02-11,675,688,672,688,
1992-02-12,688,688,676,674,
1992-02-13,667,674,655,664,
1992-02-14,665,670,659,669,
1992-02-17,666,671,661,662,449.0
1992-02-18,664,680,660,667,
1992-02-19,664,675,662,671,
1992-02-20,671,676,670,671,
1992-02-21,669,672,662,665,
1992-02-24,664,667,657,662,
1992-02-25,662,667,661,664,
1992-02-26,665,674,661,673,
1992-02-27,676,680,673,674,
1992-02-28,684,677,660,662,
1992-03-02,666,666,656,660,
1992-03-03,659,670,659,669,131.0
1992-03-04,663,663,653,656,23.0
1992-03-05,650,650,645,651,72.0
1992-03-06,652,655,650,653,27.0
1992-03-09,650,653,645,644,110.0
1992-03-10,645,645,640,641,61.0
1992-03-11,649,650,647,647,111.0
1992-03-12,649,653,649,647,8.0
1992-03-13,652,655,650,652,15.0
1992-03-16,641,641,641,641,0.0
1992-03-17,652,653,651,652,62.0
1992-03-18,647,648,647,648,2.0
1992-03-19,646,650,644,648,9.0
1992-03-20,670,670,670,669,2.0
1992-03-23,660,660,660,662,3.0
1992-03-24,667,667,667,667,0.0
1992-03-25,668,668,667,657,8.0
1992-03-26,641,641,641,641,0.0
1992-03-27,624,624,624,615,44.0
1992-03-30,619,619,612,607,20.0
1992-03-31,599,599,599,599,16.0
1992-04-01,630,632,615,618,
1992-04-02,615,628,610,627,
1992-04-03,623,626,620,622,925.0
1992-04-06,621,622,609,615,996.0
1992-04-07,612,614,608,613,
1992-04-08,609,609,603,609,
1992-04-09,612,622,612,615,
1992-04-10,618,624,604,606,
1992-04-13,607,613,607,610,
1992-04-14,607,616,601,611,643.0
1992-04-15,615,624,610,613,
1992-04-16,600,600,587,588,
1992-04-21,593,593,589,591,
1992-04-22,593,593,574,575,
1992-04-23,570,591,569,583,
1992-04-24,583,585,573,581,
1992-04-27,570,575,563,572,
1992-04-28,572,575,557,569,
1992-04-29,560,561,551,555,
1992-04-30,555,557,548,552,
1992-05-01,554,562,553,561,840.0
1992-05-05,565,565,555,560,202.0
1992-05-06,557,557,547,549,83.0
1992-05-07,542,543,536,539,151.0
1992-05-08,535,539,532,537,133.0
1992-05-11,542,542,534,538,490.0
1992-05-12,538,542,537,539,248.0
1992-05-13,540,545,540,544,37.0
1992-05-14,548,548,545,540,142.0
1992-05-15,545,552,543,556,89.0
1992-05-18,550,550,549,555,58.0
1992-05-19,547,553,547,556,125.0
1992-05-20,552,552,550,550,287.0
1992-05-21,547,547,537,538,168.0
1992-05-22,535,537,534,539,802.0
1992-05-26,540,540,535,535,405.0
1992-05-27,525,530,525,526,202.0
1992-05-28,523,527,523,527,22.0
1992-05-29,525,525,520,541,265.0
1992-06-01,538,550,536,547,
1992-06-02,547,549,543,544,
1992-06-03,542,548,540,546,
1992-06-04,543,548,542,546,972.0
1992-06-05,543,547,539,541,
1992-06-08,540,540,536,538,220.0
1992-06-09,537,539,525,528,981.0
1992-06-10,527,527,515,518,
1992-06-11,513,516,509,513,
1992-06-12,515,525,515,525,959.0
1992-06-15,524,525,517,519,
1992-06-16,517,520,511,520,
1992-06-17,517,518,507,516,
1992-06-18,517,517,512,514,704.0
1992-06-19,513,520,513,516,408.0
1992-06-22,518,519,509,512,404.0
1992-06-23,508,508,503,505,944.0
1992-06-24,502,502,493,498,
1992-06-25,494,506,493,506,
1992-06-26,513,520,506,515,
1992-06-29,525,544,523,540,
1992-06-30,537,545,534,540,
1992-07-01,544,561,544,564,301.0
1992-07-02,556,557,551,560,84.0
1992-07-03,548,567,548,570,97.0
1992-07-06,580,581,578,581,115.0
1992-07-07,580,580,568,569,309.0
1992-07-08,583,593,583,588,27.0
1992-07-09,600,600,595,587,81.0
1992-07-10,585,598,585,590,24.0
1992-07-13,600,609,600,603,57.0
1992-07-14,590,590,578,572,6.0
1992-07-15,581,587,581,575,21.0
1992-07-16,585,585,585,568,18.0
1992-07-17,560,560,560,553,1.0
1992-07-20,552,552,552,548,12.0
1992-07-21,550,561,545,559,14.0
1992-07-22,563,563,562,572,28.0
1992-07-23,580,586,580,585,7.0
1992-07-24,585,585,585,570,8.0
1992-07-27,595,595,590,579,67.0
1992-07-28,580,580,580,575,62.0
1992-07-29,580,580,580,575,8.0
1992-07-30,580,580,580,552,16.0
1992-07-31,580,606,580,580,301.0
1992-08-03,604,614,599,614,763.0
1992-08-04,638,643,628,642,
1992-08-05,639,639,633,636,914.0
1992-08-06,636,637,628,632,447.0
1992-08-07,630,635,626,635,
1992-08-10,636,638,634,636,466.0
1992-08-11,629,630,612,613,
1992-08-12,605,612,583,597,
1992-08-13,603,622,603,616,
1992-08-14,618,620,607,613,336.0
1992-08-17,604,610,598,599,798.0
1992-08-18,598,610,589,607,
1992-08-19,620,625,615,620,
1992-08-20,620,620,609,610,716.0
1992-08-21,605,611,600,610,507.0
1992-08-24,606,609,601,603,413.0
1992-08-25,604,612,604,613,
1992-08-26,614,618,612,616,
1992-08-27,613,613,598,602,
1992-08-28,592,599,592,595,
1992-09-01,600,600,576,578,322.0
1992-09-02,575,586,575,584,324.0
1992-09-03,592,603,592,610,82.0
1992-09-04,607,607,597,604,121.0
1992-09-07,599,599,592,594,211.0
1992-09-08,590,593,589,592,181.0
1992-09-09,592,600,592,601,76.0
1992-09-10,604,605,593,594,189.0
1992-09-11,598,598,589,589,163.0
1992-09-14,590,590,581,591,31.0
1992-09-15,592,592,592,587,7.0
1992-09-16,587,605,587,623,60.0
1992-09-17,620,621,615,620,36.0
1992-09-18,616,616,613,613,61.0
1992-09-21,620,632,620,637,61.0
1992-09-22,640,641,640,642,8.0
1992-09-23,642,642,637,644,55.0
1992-09-24,637,637,629,630,201.0
1992-09-25,624,628,624,618,157.0
1992-09-28,610,633,590,619,24.0
1992-09-29,635,635,635,633,10.0
1992-09-30,620,620,620,620,129.0
1992-10-01,658,668,657,665,
1992-10-02,665,672,659,667,
1992-10-05,670,687,670,684,
1992-10-06,689,695,685,686,
1992-10-07,679,689,676,689,
1992-10-08,690,691,673,675,
1992-10-09,667,674,660,661,
1992-10-12,659,664,655,656,
1992-10-13,660,668,651,652,
1992-10-14,645,648,632,634,
1992-10-15,640,667,640,650,
1992-10-16,651,659,648,654,698.0
1992-10-19,661,664,652,658,
1992-10-20,656,663,648,663,
1992-10-21,670,682,669,681,
1992-10-22,674,685,669,682,
1992-10-23,676,692,676,682,
1992-10-26,681,694,681,693,
1992-10-27,698,708,691,703,
1992-10-28,702,702,686,693,
1992-10-29,688,689,683,684,337.0
1992-10-30,685,686,675,684,625.0
1992-11-02,683,701,675,701,845.0
1992-11-03,705,705,695,698,973.0
1992-11-04,694,694,684,690,
1992-11-05,690,716,688,715,
1992-11-06,720,729,717,723,
1992-11-09,725,728,714,718,
1992-11-10,717,735,715,728,
1992-11-11,727,733,722,724,812.0
1992-11-12,721,721,714,720,
1992-11-13,721,731,708,731,
1992-11-16,729,737,726,727,
1992-11-17,727,727,721,722,930.0
1992-11-18,715,720,713,720,
1992-11-19,720,727,720,725,719.0
1992-11-20,725,726,718,720,672.0
1992-11-23,715,719,713,714,926.0
1992-11-24,716,719,711,711,652.0
1992-11-25,708,712,703,711,
1992-11-26,706,712,706,711,
1992-11-27,713,714,706,710,556.0
1992-11-30,711,711,694,696,
1992-12-01,707,709,699,706,553.0
1992-12-02,701,701,698,703,254.0
1992-12-03,707,707,695,697,169.0
1992-12-04,691,693,690,694,92.0
1992-12-07,688,691,686,686,27.0
1992-12-08,680,680,659,660,94.0
1992-12-09,654,654,651,652,75.0
1992-12-10,664,664,648,654,60.0
1992-12-11,662,662,659,658,71.0
1992-12-14,653,653,648,650,29.0
1992-12-15,648,650,647,647,26.0
1992-12-16,657,657,645,651,86.0
1992-12-17,653,653,640,642,15.0
1992-12-18,635,635,633,645,75.0
1992-12-21,640,645,640,644,6.0
1992-12-22,645,655,645,657,56.0
1992-12-23,668,668,668,684,1.0
1992-12-24,673,680,670,677,52.0
1992-12-29,686,689,684,689,73.0
1992-12-30,680,690,680,676,29.0
1992-12-31,695,695,685,693,0.0
1993-01-04,695,705,694,703,
1993-01-05,698,698,685,688,
1993-01-06,688,689,682,683,
1993-01-07,685,692,685,688,
1993-01-08,692,695,688,689,
1993-01-11,686,691,683,687,
1993-01-12,685,694,683,694,
1993-01-13,699,706,697,706,
1993-01-14,708,715,702,714,
1993-01-15,711,716,708,713,
1993-01-18,713,713,702,705,
1993-01-19,705,728,705,723,
1993-01-20,721,727,720,721,
1993-01-21,723,732,722,730,
1993-01-22,729,734,718,732,
1993-01-25,730,734,716,717,
1993-01-26,704,711,701,702,
1993-01-27,698,713,698,708,
1993-01-28,706,712,698,703,
1993-01-29,701,711,699,703,
1993-02-01,709,725,706,725,
1993-02-02,725,727,721,726,
1993-02-03,727,727,713,714,
1993-02-04,712,712,692,696,
1993-02-05,695,700,684,697,
1993-02-08,696,704,695,702,
1993-02-09,709,713,701,712,867.0
1993-02-10,714,724,713,721,
1993-02-11,718,725,715,719,
1993-02-12,717,732,717,725,
1993-02-15,725,733,725,731,586.0
1993-02-16,728,730,724,725,
1993-02-17,722,727,713,722,
1993-02-18,723,730,717,718,
1993-02-19,718,724,712,724,886.0
1993-02-22,722,731,721,729,
1993-02-23,736,747,733,743,
1993-02-24,737,747,736,747,
1993-02-25,747,749,739,745,
1993-02-26,740,745,729,730,
1993-03-01,732,740,731,738,439.0
1993-03-02,736,737,731,734,149.0
1993-03-03,732,734,713,716,159.0
1993-03-04,715,715,696,697,217.0
1993-03-05,691,699,685,696,295.0
1993-03-08,700,707,700,706,107.0
1993-03-09,699,704,691,697,179.0
1993-03-10,705,690,680,681,104.0
1993-03-11,681,687,670,669,86.0
1993-03-12,676,681,676,677,77.0
1993-03-15,677,694,677,688,51.0
1993-03-16,691,691,691,688,34.0
1993-03-17,692,695,689,691,39.0
1993-03-18,690,690,675,685,103.0
1993-03-19,691,691,690,683,12.0
1993-03-22,675,680,675,674,107.0
1993-03-23,671,675,668,673,105.0
1993-03-24,678,678,678,676,40.0
1993-03-25,680,684,680,688,32.0
1993-03-26,688,688,686,676,17.0
1993-03-29,680,682,680,680,27.0
1993-03-30,677,680,675,674,76.0
1993-03-31,680,684,680,684,80.0
1993-04-01,691,692,683,687,
1993-04-02,684,684,676,678,
1993-04-05,681,682,675,678,
1993-04-06,680,689,679,687,938.0
1993-04-07,681,687,678,685,498.0
1993-04-08,685,692,681,690,
1993-04-13,696,697,692,696,
1993-04-14,699,700,693,694,
1993-04-15,693,693,686,693,
1993-04-16,690,697,690,693,
1993-04-19,687,687,671,675,
1993-04-20,672,675,667,672,
1993-04-21,671,672,664,670,
1993-04-22,671,677,671,674,
1993-04-23,670,674,666,668,
1993-04-26,669,669,662,665,
1993-04-27,672,674,669,674,879.0
1993-04-28,675,677,669,673,
1993-04-29,670,670,661,665,
1993-04-30,661,664,658,660,
1993-05-04,658,665,658,661,
1993-05-05,660,668,658,670,334.0
1993-05-06,667,668,662,665,233.0
1993-05-07,664,666,660,667,50.0
1993-05-10,660,663,658,662,91.0
1993-05-11,660,660,659,657,11.0
1993-05-12,655,655,652,651,40.0
1993-05-13,650,650,648,653,146.0
1993-05-14,658,663,652,653,121.0
1993-05-17,655,655,645,644,114.0
1993-05-18,640,649,639,647,22.0
1993-05-19,645,645,645,647,12.0
1993-05-20,647,647,646,647,14.0
1993-05-21,645,645,644,643,26.0
1993-05-24,639,645,639,643,27.0
1993-05-25,640,640,635,637,79.0
1993-05-26,642,642,642,643,79.0
1993-05-27,640,642,638,638,56.0
1993-05-28,643,643,643,643,0.0
1993-06-01,660,666,659,665,406.0
1993-06-02,659,664,659,664,
1993-06-03,661,669,661,662,
1993-06-04,661,665,657,664,
1993-06-07,661,664,661,663,912.0
1993-06-08,660,664,660,664,
1993-06-09,661,664,660,663,
1993-06-10,663,680,663,680,
1993-06-11,678,678,668,669,874.0
1993-06-14,666,666,660,662,528.0
1993-06-15,656,665,656,664,645.0
1993-06-16,667,680,667,680,
1993-06-17,680,690,675,687,
1993-06-18,687,706,684,706,
1993-06-21,708,721,704,717,
1993-06-22,718,736,708,733,
1993-06-23,730,745,730,743,
1993-06-24,735,735,724,726,557.0
1993-06-25,724,727,719,726,338.0
1993-06-28,723,725,711,712,358.0
1993-06-29,711,714,705,709,589.0
1993-06-30,710,736,710,719,
1993-07-01,724,730,724,725,489.0
1993-07-02,730,738,720,739,
1993-07-05,741,741,731,739,91.0
1993-07-06,738,746,736,739,320.0
1993-07-07,733,736,729,737,497.0
1993-07-08,739,740,736,740,291.0
1993-07-09,736,755,736,754,276.0
1993-07-12,745,746,740,743,110.0
1993-07-13,739,749,736,734,113.0
1993-07-14,739,750,739,748,73.0
1993-07-15,760,775,754,766,34.0
1993-07-16,758,761,746,760,234.0
1993-07-19,757,761,751,755,25.0
1993-07-20,759,759,750,752,39.0
1993-07-21,748,748,744,752,17.0
1993-07-22,750,756,750,748,5.0
1993-07-23,744,751,736,751,127.0
1993-07-26,746,753,745,743,14.0
1993-07-27,740,749,736,738,22.0
1993-07-28,741,742,738,739,115.0
1993-07-29,739,738,734,735,68.0
1993-07-30,740,744,728,748,165.0
1993-08-02,748,760,744,758,883.0
1993-08-03,757,761,756,760,
1993-08-04,760,765,752,753,
1993-08-05,749,750,743,746,
1993-08-06,746,749,734,735,
1993-08-09,738,741,715,718,
1993-08-10,719,728,719,720,
1993-08-11,724,740,723,737,868.0
1993-08-12,737,744,737,742,848.0
1993-08-13,740,745,736,743,550.0
1993-08-16,755,766,752,765,
1993-08-17,765,767,752,756,
1993-08-18,760,760,751,760,629.0
1993-08-19,766,768,758,763,533.0
1993-08-20,766,766,755,759,655.0
1993-08-23,762,769,762,765,
1993-08-24,775,791,775,787,
1993-08-25,779,780,767,771,
1993-08-26,785,790,780,780,874.0
1993-08-27,781,802,773,801,
1993-08-31,800,805,792,797,
1993-09-01,797,800,793,796,180.0
1993-09-02,789,793,787,791,245.0
1993-09-03,790,798,788,793,610.0
1993-09-06,790,790,778,784,
1993-09-07,785,788,782,796,324.0
1993-09-08,808,826,808,826,339.0
1993-09-09,820,835,815,827,160.0
1993-09-10,820,835,822,825,45.0
1993-09-13,823,825,817,840,28.0
1993-09-14,849,849,841,845,43.0
1993-09-15,831,831,831,831,
1993-09-16,841,862,841,870,9.0
1993-09-17,870,877,861,875,88.0
1993-09-20,872,887,872,883,75.0
1993-09-21,880,880,863,870,71.0
1993-09-22,880,900,880,894,59.0
1993-09-23,887,887,887,892,2.0
1993-09-24,890,890,890,888,39.0
1993-09-27,893,893,880,870,118.0
1993-09-28,875,875,875,875,117.0
1993-09-29,890,900,890,885,205.0
1993-09-30,917,922,903,916,
1993-10-01,928,940,928,937,
1993-10-04,960,965,945,948,
1993-10-05,947,955,940,947,
1993-10-06,944,946,932,933,
1993-10-07,913,913,877,879,
1993-10-08,886,899,880,884,
1993-10-11,888,907,887,905,
1993-10-12,911,931,903,909,
1993-10-13,907,925,902,916,
1993-10-14,913,917,899,905,
1993-10-15,900,923,892,914,
1993-10-18,914,927,910,916,683.0
1993-10-19,919,925,912,925,
1993-10-20,922,940,919,941,
1993-10-21,945,960,936,942,
1993-10-22,940,957,934,938,
1993-10-25,933,943,933,942,534.0
1993-10-26,944,952,936,937,
1993-10-27,937,939,926,930,739.0
1993-10-28,941,949,940,944,762.0
1993-10-29,941,945,937,941,281.0
1993-11-01,927,929,923,930,457.0
1993-11-02,930,930,920,922,972.0
1993-11-03,920,925,910,913,
1993-11-04,906,908,887,891,
1993-11-05,890,905,887,900,
1993-11-08,902,902,894,896,629.0
1993-11-09,899,911,898,910,708.0
1993-11-10,909,924,909,923,
1993-11-11,925,933,921,931,
1993-11-12,932,934,928,930,759.0
1993-11-15,927,950,920,950,
1993-11-16,965,981,940,967,
1993-11-17,966,981,964,981,
1993-11-18,982,982,968,976,655.0
1993-11-19,972,998,972,997,
1993-11-22,1008,1011,987,993,995.0
1993-11-23,981,981,962,968,291.0
1993-11-24,960,975,958,973,
1993-11-25,982,1000,980,995,639.0
1993-11-26,1002,1005,999,1004,655.0
1993-11-29,995,997,988,990,
1993-11-30,992,992,974,980,
1993-12-01,978,1000,977,991,386.0
1993-12-02,999,1000,985,994,161.0
1993-12-03,980,1000,980,999,65.0
1993-12-06,990,997,985,986,146.0
1993-12-07,985,992,981,978,90.0
1993-12-08,988,990,985,989,93.0
1993-12-09,990,994,988,980,120.0
1993-12-10,980,985,973,957,8.0
1993-12-13,982,984,966,966,66.0
1993-12-14,957,969,957,962,40.0
1993-12-15,953,953,953,953,0.0
1993-12-16,950,950,935,925,10.0
1993-12-17,925,925,913,900,157.0
1993-12-20,868,860,860,850,18.0
1993-12-21,840,870,835,855,352.0
1993-12-22,856,871,854,856,342.0
1993-12-23,855,855,855,878,2.0
1993-12-24,875,885,875,875,15.0
1993-12-29,855,855,855,859,25.0
1993-12-30,860,860,860,860,0.0
1993-12-31,909,910,901,910,
1994-01-04,920,925,911,923,
1994-01-05,917,917,885,886,
1994-01-06,889,901,885,896,
1994-01-07,894,894,874,888,
1994-01-10,893,904,881,902,
1994-01-11,901,901,879,880,
1994-01-12,868,892,866,889,
1994-01-13,892,917,892,915,
1994-01-14,918,938,910,922,
1994-01-17,927,935,923,930,925.0
1994-01-18,923,925,916,921,
1994-01-19,918,928,912,914,
1994-01-20,901,904,890,901,
1994-01-21,890,910,890,909,
1994-01-24,910,910,897,911,
1994-01-25,915,924,914,919,
1994-01-26,912,920,909,913,
1994-01-27,911,915,905,911,
1994-01-28,911,918,909,916,827.0
1994-01-31,915,915,902,904,907.0
1994-02-01,889,892,855,857,
1994-02-02,850,864,847,854,
1994-02-03,854,865,849,861,
1994-02-04,870,880,867,880,
1994-02-07,885,890,853,858,
1994-02-08,857,875,857,873,
1994-02-09,876,891,876,880,
1994-02-10,880,895,880,893,
1994-02-11,895,905,885,886,
1994-02-14,882,888,880,885,
1994-02-15,882,893,880,884,993.0
1994-02-16,873,878,869,872,
1994-02-17,875,876,864,870,
1994-02-18,869,907,869,906,
1994-02-21,912,919,906,918,
1994-02-22,916,916,900,902,
1994-02-23,904,916,904,910,
1994-02-24,912,912,903,904,860.0
1994-02-25,905,915,893,904,
1994-02-28,895,895,885,888,
1994-03-01,885,898,882,897,
1994-03-02,895,898,891,893,364.0
1994-03-03,886,892,884,888,567.0
1994-03-04,885,892,882,891,283.0
1994-03-07,900,900,897,899,122.0
1994-03-08,915,915,911,914,148.0
1994-03-09,907,907,905,905,24.0
1994-03-10,902,906,902,905,47.0
1994-03-11,910,910,910,907,20.0
1994-03-14,918,923,914,945,27.0
1994-03-15,950,960,947,954,129.0
1994-03-16,947,947,945,949,55.0
1994-03-17,955,955,955,947,106.0
1994-03-18,941,941,939,943,5.0
1994-03-21,920,920,920,920,0.0
1994-03-22,940,940,940,924,10.0
1994-03-23,950,950,947,914,32.0
1994-03-24,920,920,910,920,524.0
1994-03-25,900,916,894,905,50.0
1994-03-28,884,898,884,891,16.0
1994-03-29,875,875,870,864,6.0
1994-03-30,879,883,879,860,15.0
1994-03-31,893,893,882,893,
1994-04-05,881,882,867,869,
1994-04-06,865,881,865,882,
1994-04-07,882,896,882,891,
1994-04-08,896,899,887,888,
1994-04-11,883,888,875,888,
1994-04-12,885,888,879,886,
1994-04-13,881,885,880,885,494.0
1994-04-14,880,887,878,883,
1994-04-15,883,892,878,884,
1994-04-18,883,900,883,897,
1994-04-19,896,900,876,882,
1994-04-20,876,879,860,857,
1994-04-21,850,859,850,853,
1994-04-22,855,859,842,859,
1994-04-25,861,865,850,852,724.0
1994-04-26,847,847,843,845,
1994-04-27,845,835,825,826,
1994-04-28,827,830,822,830,
1994-04-29,835,837,821,828,
1994-05-03,835,855,835,858,848.0
1994-05-04,866,869,851,858,234.0
1994-05-05,849,856,846,858,183.0
1994-05-06,875,905,868,903,366.0
1994-05-09,907,909,899,899,37.0
1994-05-10,903,903,898,897,25.0
1994-05-11,886,886,886,886,3.0
1994-05-12,920,920,920,920,
1994-05-13,930,930,920,931,17.0
1994-05-16,915,915,914,918,33.0
1994-05-17,907,910,909,911,15.0
1994-05-18,899,899,898,913,22.0
1994-05-19,905,905,905,921,2.0
1994-05-20,909,909,909,917,2.0
1994-05-23,978,978,978,978,218.0
1994-05-24,1023,1053,1023,1048,255.0
1994-05-25,1000,1000,985,983,37.0
1994-05-26,980,980,970,985,14.0
1994-05-27,950,962,950,957,54.0
1994-05-31,990,1037,990,1027,
1994-06-01,1026,1030,1010,1011,
1994-06-02,1016,1037,1016,1018,
1994-06-03,1014,1014,999,1011,
1994-06-06,1007,1007,976,978,
1994-06-07,969,978,963,966,
1994-06-08,977,983,969,981,826.0
1994-06-09,990,995,973,984,
1994-06-10,966,978,966,976,953.0
1994-06-13,983,996,980,993,908.0
1994-06-14,1005,1010,996,1002,
1994-06-15,996,1021,993,1019,
1994-06-16,1015,1035,1015,1018,
1994-06-17,1010,1018,1005,1015,426.0
1994-06-20,1010,1020,995,1000,
1994-06-21,990,999,985,997,751.0
1994-06-22,990,998,985,987,
1994-06-23,960,968,947,961,
1994-06-24,959,971,938,948,633.0
1994-06-27,968,975,955,955,
1994-06-28,931,945,929,931,926.0
1994-06-29,930,937,930,933,554.0
1994-06-30,933,952,921,951,
1994-07-01,959,987,958,989,92.0
1994-07-04,989,997,989,995,159.0
1994-07-05,994,996,979,978,176.0
1994-07-06,986,991,970,972,196.0
1994-07-07,978,986,978,981,206.0
1994-07-08,979,1000,975,1007,172.0
1994-07-11,1032,1042,1028,1039,231.0
1994-07-12,1030,1033,1026,1037,39.0
1994-07-13,1030,1043,1022,1047,144.0
1994-07-14,1035,1035,1013,1019,72.0
1994-07-15,1024,1040,1024,1046,31.0
1994-07-18,1095,1097,1087,1091,122.0
1994-07-19,1076,1083,1073,1077,24.0
1994-07-20,1073,1105,1071,1094,149.0
1994-07-21,1084,1091,1079,1088,32.0
1994-07-22,1080,1096,1080,1080,9.0
1994-07-25,1065,1065,1050,1045,68.0
1994-07-26,1046,1048,1046,1048,16.0
1994-07-27,1068,1072,1068,1082,49.0
1994-07-28,1089,1089,1073,1071,56.0
1994-07-29,1081,1129,1077,1124,
1994-08-01,1110,1116,1096,1106,
1994-08-02,1097,1107,1085,1088,
1994-08-03,1087,1099,1048,1054,
1994-08-04,1055,1060,1030,1049,
1994-08-05,1055,1064,1035,1037,
1994-08-08,1035,1035,1008,1010,
1994-08-09,1010,1023,1005,1007,
1994-08-10,1019,1037,1019,1034,
1994-08-11,1027,1037,1026,1034,692.0
1994-08-12,1043,1066,1043,1063,
1994-08-15,1055,1059,1044,1045,507.0
1994-08-16,1046,1070,1039,1066,
1994-08-17,1068,1073,1057,1057,
1994-08-18,1045,1051,1037,1039,
1994-08-19,1041,1055,1040,1041,
1994-08-22,1036,1036,1021,1024,
1994-08-23,1025,1041,1021,1043,664.0
1994-08-24,1045,1047,1020,1021,
1994-08-25,1020,1020,998,1001,
1994-08-26,1004,1020,1001,1020,572.0
1994-08-30,1010,1013,984,989,
1994-08-31,969,976,963,976,
1994-09-01,975,982,975,979,241.0
1994-09-02,977,978,974,976,101.0
1994-09-05,959,963,957,946,37.0
1994-09-06,949,949,944,945,73.0
1994-09-07,956,964,954,952,24.0
1994-09-08,954,957,950,938,19.0
1994-09-09,960,960,952,955,27.0
1994-09-12,960,964,960,943,10.0
1994-09-13,942,949,942,969,10.0
1994-09-14,997,967,964,954,5.0
1994-09-15,956,958,956,964,29.0
1994-09-16,963,963,963,955,1.0
1994-09-19,946,946,946,968,2.0
1994-09-20,950,957,945,950,23.0
1994-09-21,921,950,921,939,25.0
1994-09-22,935,960,935,939,107.0
1994-09-23,950,951,950,966,3.0
1994-09-26,965,965,965,953,8.0
1994-09-27,964,964,964,964,0.0
1994-09-28,952,952,952,963,3.0
1994-09-29,963,963,933,949,4.0
1994-10-03,975,978,968,972,
1994-10-04,965,972,955,970,
1994-10-05,967,967,936,943,
1994-10-06,938,953,938,944,
1994-10-07,942,946,930,934,
1994-10-10,930,943,930,934,
1994-10-11,935,942,928,938,900.0
1994-10-12,934,939,929,936,622.0
1994-10-13,939,940,934,938,
1994-10-14,925,935,921,935,
1994-10-17,943,954,937,940,
1994-10-18,941,945,934,939,854.0
1994-10-19,942,944,932,941,
1994-10-20,945,953,936,952,808.0
1994-10-21,953,959,946,947,
1994-10-24,942,944,934,937,485.0
1994-10-25,946,946,930,937,991.0
1994-10-26,941,955,936,949,987.0
1994-10-27,950,966,950,959,
1994-10-28,960,963,955,958,
1994-10-31,958,966,954,955,
1994-11-01,951,951,937,943,445.0
1994-11-02,938,943,937,942,866.0
1994-11-03,947,948,942,945,
1994-11-04,943,950,943,948,
1994-11-07,943,943,927,932,
1994-11-08,929,935,926,934,892.0
1994-11-09,937,943,936,939,
1994-11-10,939,943,937,937,874.0
1994-11-11,943,945,940,943,720.0
1994-11-14,945,948,939,941,
1994-11-15,936,956,934,956,
1994-11-16,957,958,950,953,
1994-11-17,952,952,946,949,512.0
1994-11-18,957,964,950,963,
1994-11-21,960,979,958,979,
1994-11-22,979,987,968,977,
1994-11-23,976,976,970,976,540.0
1994-11-24,970,970,965,968,
1994-11-25,968,973,968,973,485.0
1994-11-28,970,973,948,950,972.0
1994-11-29,945,950,911,915,
1994-11-30,918,918,894,914,
1994-12-01,917,937,917,928,
1994-12-02,927,942,925,942,967.0
1994-12-05,948,964,948,961,454.0
1994-12-06,959,976,955,975,580.0
1994-12-07,979,990,979,988,794.0
1994-12-08,989,992,970,978,304.0
1994-12-09,980,982,970,978,72.0
1994-12-12,972,972,949,950,210.0
1994-12-13,938,939,920,927,259.0
1994-12-14,920,935,918,934,85.0
1994-12-15,971,997,971,989,70.0
1994-12-16,991,991,986,985,31.0
1994-12-19,990,1036,977,1023,228.0
1994-12-20,1031,1036,1018,1036,357.0
1994-12-21,1060,1066,1043,1045,364.0
1994-12-22,1044,1044,1006,1019,580.0
1994-12-23,1015,1015,1001,1003,19.0
1994-12-28,1001,1001,978,982,274.0
1994-12-29,994,994,972,972,57.0
1995-01-03,970,972,963,971,
1995-01-04,974,987,960,983,
1995-01-05,1000,1006,992,994,
1995-01-06,994,1020,987,1012,
1995-01-09,1005,1015,988,992,
1995-01-10,988,1005,984,1004,
1995-01-11,1004,1009,994,1008,
1995-01-12,1020,1028,1008,1010,
1995-01-13,1007,1019,980,982,
1995-01-16,973,984,971,978,
1995-01-17,977,987,962,987,
1995-01-18,987,993,980,991,
1995-01-19,990,992,982,991,866.0
1995-01-20,994,1007,993,1004,
1995-01-23,1007,1007,991,992,
1995-01-24,990,990,976,983,
1995-01-25,985,1002,977,993,
1995-01-26,997,1003,995,1000,
1995-01-27,1003,1007,992,1000,
1995-01-30,1000,1003,995,1003,708.0
1995-01-31,997,1007,993,1007,
1995-02-01,1002,1010,1001,1005,
1995-02-02,1003,1005,987,1002,
1995-02-03,996,1008,996,1008,
1995-02-06,1005,1007,991,992,
1995-02-07,989,1000,986,994,
1995-02-08,993,1001,991,1001,
1995-02-09,1005,1005,998,1000,
1995-02-10,1001,1010,999,1006,
1995-02-13,1007,1024,1006,1019,
1995-02-14,1020,1051,1020,1051,
1995-02-15,1050,1053,1043,1044,
1995-02-16,1040,1045,1034,1038,
1995-02-17,1031,1033,1024,1033,
1995-02-20,1030,1037,1028,1037,533.0
1995-02-21,1038,1050,1038,1048,909.0
1995-02-22,1047,1050,1044,1045,689.0
1995-02-23,1045,1047,1042,1047,736.0
1995-02-24,1049,1062,1040,1056,
1995-02-27,1060,1068,1051,1057,
1995-02-28,1055,1056,1046,1046,
1995-03-01,1044,1053,1036,1048,
1995-03-02,1038,1042,1032,1038,989.0
1995-03-03,1037,1046,1038,1044,468.0
1995-03-06,1035,1035,1022,1021,505.0
1995-03-07,1027,1032,1023,1025,448.0
1995-03-08,1025,1044,1025,1030,245.0
1995-03-09,1022,1027,998,989,536.0
1995-03-10,1005,1007,996,1001,504.0
1995-03-13,1012,1012,1004,1006,13.0
1995-03-14,1004,1004,977,978,144.0
1995-03-15,985,989,985,988,19.0
1995-03-16,985,985,970,974,69.0
1995-03-17,983,989,982,982,20.0
1995-03-20,993,994,984,987,297.0
1995-03-21,977,981,974,963,24.0
1995-03-22,959,963,958,962,109.0
1995-03-23,960,961,944,943,48.0
1995-03-24,930,940,930,943,218.0
1995-03-27,940,943,940,943,27.0
1995-03-28,939,939,937,938,172.0
1995-03-29,941,945,937,941,68.0
1995-03-30,940,940,929,933,98.0
1995-03-31,940,940,940,940,159.0
1995-04-03,931,948,931,932,921.0
1995-04-04,930,934,923,933,
1995-04-05,940,947,936,943,
1995-04-06,947,948,930,934,
1995-04-07,931,939,929,940,
1995-04-10,937,938,920,924,
1995-04-11,920,925,914,924,641.0
1995-04-12,929,935,928,935,872.0
1995-04-13,934,934,917,918,
1995-04-18,912,935,912,936,
1995-04-19,933,937,930,933,
1995-04-20,940,945,938,944,898.0
1995-04-21,946,966,946,965,
1995-04-24,956,964,954,961,
1995-04-25,953,954,943,948,681.0
1995-04-26,948,950,940,941,
1995-04-27,945,954,941,954,
1995-04-28,960,969,955,966,
1995-05-01,959,959,949,948,701.0
1995-05-02,936,950,945,953,209.0
1995-05-03,952,955,947,952,92.0
1995-05-04,937,937,937,937,10.0
1995-05-05,921,926,916,915,89.0
1995-05-09,909,918,905,918,49.0
1995-05-10,917,921,912,917,77.0
1995-05-11,919,922,907,909,14.0
1995-05-12,910,923,908,921,150.0
1995-05-15,933,933,929,927,39.0
1995-05-16,924,929,924,932,6.0
1995-05-17,937,940,935,939,255.0
1995-05-18,938,943,938,943,10.0
1995-05-19,945,945,934,944,268.0
1995-05-22,944,944,937,942,42.0
1995-05-23,941,941,936,944,52.0
1995-05-24,937,941,937,941,906.0
1995-05-25,929,932,911,915,93.0
1995-05-26,916,933,916,935,517.0
1995-05-30,935,938,933,932,308.0
1995-05-31,965,965,965,965,
1995-06-01,973,975,966,970,
1995-06-02,968,968,953,961,
1995-06-05,947,951,944,945,612.0
1995-06-06,937,937,918,921,
1995-06-07,925,935,923,925,
1995-06-08,924,930,922,930,
1995-06-09,929,930,922,928,
1995-06-12,927,927,917,923,690.0
1995-06-13,920,920,911,915,694.0
1995-06-14,915,922,909,915,847.0
1995-06-15,914,920,912,921,676.0
1995-06-16,928,935,927,931,
1995-06-19,932,938,930,933,877.0
1995-06-20,922,927,922,926,961.0
1995-06-21,922,934,922,933,
1995-06-22,935,938,929,930,
1995-06-23,928,933,926,928,
1995-06-26,929,929,920,927,
1995-06-27,923,925,913,918,844.0
1995-06-28,916,925,916,921,
1995-06-29,920,920,909,911,
1995-06-30,910,915,898,902,
1995-07-03,898,907,898,907,251.0
1995-07-04,905,908,904,908,222.0
1995-07-05,903,903,898,904,15.0
1995-07-06,900,900,880,886,39.0
1995-07-07,876,881,865,865,78.0
1995-07-10,859,865,850,840,73.0
1995-07-11,851,859,849,857,54.0
1995-07-12,855,855,855,842,12.0
1995-07-13,835,839,835,843,6.0
1995-07-14,845,846,845,851,6.0
1995-07-17,841,842,841,838,64.0
1995-07-18,839,839,838,832,36.0
1995-07-19,849,849,849,846,121.0
1995-07-20,838,838,838,833,11.0
1995-07-21,835,852,835,848,67.0
1995-07-24,854,854,854,841,29.0
1995-07-25,835,835,835,835,2.0
1995-07-26,829,829,829,826,10.0
1995-07-27,830,830,830,835,11.0
1995-07-28,835,835,835,830,2.0
1995-07-31,863,863,847,850,828.0
1995-08-01,848,867,846,867,
1995-08-02,865,878,865,876,
1995-08-03,883,887,876,880,
1995-08-04,877,886,873,886,
1995-08-07,890,910,890,909,
1995-08-08,909,913,889,895,
1995-08-09,889,889,878,882,
1995-08-10,883,894,881,894,
1995-08-11,895,905,895,904,
1995-08-14,889,896,889,892,859.0
1995-08-15,896,903,893,901,
1995-08-16,901,904,895,895,
1995-08-17,897,902,887,901,
1995-08-18,901,904,896,904,949.0
1995-08-21,908,932,907,931,
1995-08-22,940,941,934,935,
1995-08-23,937,937,926,929,
1995-08-24,928,928,918,926,640.0
1995-08-25,927,931,918,928,
1995-08-29,927,927,912,915,
1995-08-30,910,910,902,904,
1995-08-31,903,906,895,906,
1995-09-01,914,919,911,908,
1995-09-04,905,905,904,909,9.0
1995-09-05,914,914,897,902,238.0
1995-09-06,895,895,886,882,13.0
1995-09-07,878,885,876,883,106.0
1995-09-08,888,889,883,886,163.0
1995-09-11,882,882,877,868,13.0
1995-09-12,863,863,861,862,50.0
1995-09-13,870,871,868,870,33.0
1995-09-14,869,869,866,873,59.0
1995-09-15,870,870,870,876,1.0
1995-09-18,868,868,865,873,11.0
1995-09-19,862,862,862,862,573.0
1995-09-20,850,850,850,866,3.0
1995-09-21,850,850,850,873,7.0
1995-09-22,869,875,869,874,23.0
1995-09-25,865,876,865,873,42.0
1995-09-26,874,874,874,865,24.0
1995-09-27,868,868,866,854,58.0
1995-09-28,861,861,850,858,31.0
1995-09-29,865,865,865,910,3.0
1995-10-02,906,908,880,884,
1995-10-03,885,893,881,892,
1995-10-04,894,898,893,895,
1995-10-05,894,895,888,892,771.0
1995-10-06,895,900,892,894,
1995-10-09,891,894,888,893,
1995-10-10,892,897,887,887,747.0
1995-10-11,885,891,882,891,
1995-10-12,900,906,899,900,
1995-10-13,899,901,897,897,
1995-10-16,898,905,897,903,
1995-10-17,910,915,908,915,
1995-10-18,910,915,903,904,
1995-10-19,904,920,904,919,
1995-10-20,920,930,911,916,
1995-10-23,915,918,909,917,
1995-10-24,914,925,912,921,
1995-10-25,919,921,914,920,
1995-10-26,917,929,918,923,
1995-10-27,930,934,926,934,
1995-10-30,930,931,921,926,
1995-10-31,922,924,917,920,
1995-11-01,915,918,910,916,629.0
1995-11-02,916,922,915,922,997.0
1995-11-03,926,931,916,917,
1995-11-06,913,918,911,917,708.0
1995-11-07,921,931,916,931,
1995-11-08,940,944,929,934,
1995-11-09,934,938,927,937,
1995-11-10,935,941,929,938,
1995-11-13,932,932,924,926,516.0
1995-11-14,930,933,925,930,
1995-11-15,926,935,925,933,
1995-11-16,938,941,936,942,
1995-11-17,937,940,933,935,
1995-11-20,935,940,934,935,
1995-11-21,933,933,913,914,
1995-11-22,915,920,912,921,
1995-11-23,923,927,918,919,710.0
1995-11-24,914,917,914,916,
1995-11-27,916,918,890,889,
1995-11-28,887,895,882,889,
1995-11-29,895,907,895,907,
1995-11-30,904,911,897,902,
1995-12-01,893,896,893,893,301.0
1995-12-04,894,895,894,894,17.0
1995-12-05,895,897,890,894,37.0
1995-12-06,894,895,894,890,3.0
1995-12-07,890,900,888,895,85.0
1995-12-08,895,900,888,895,21.0
1995-12-11,911,911,911,911,0.0
1995-12-12,914,914,911,900,3.0
1995-12-13,900,900,895,885,28.0
1995-12-14,895,895,880,884,27.0
1995-12-15,890,901,890,886,86.0
1995-12-18,895,895,880,881,24.0
1995-12-19,880,880,880,865,5.0
1995-12-20,875,884,875,871,29.0
1995-12-21,875,875,875,868,21.0
1995-12-22,872,872,872,872,0.0
1995-12-27,865,865,865,860,5.0
1995-12-28,860,860,860,848,4.0
1995-12-29,896,902,896,899,
1996-01-02,899,900,894,900,870.0
1996-01-03,901,906,896,896,
1996-01-04,890,891,883,886,
1996-01-05,893,904,890,899,
1996-01-08,898,901,892,893,
1996-01-09,894,894,889,891,
1996-01-10,890,895,888,896,
1996-01-11,894,894,885,893,
1996-01-12,892,898,888,890,
1996-01-15,889,895,883,892,
1996-01-16,904,908,901,906,
1996-01-17,912,916,908,916,
1996-01-18,914,914,906,908,
1996-01-19,903,919,899,919,
1996-01-22,917,931,917,928,
1996-01-23,920,927,918,919,
1996-01-24,916,916,908,911,
1996-01-25,910,911,903,908,
1996-01-26,915,928,912,927,
1996-01-29,922,923,912,913,
1996-01-30,911,913,908,911,
1996-01-31,910,910,904,907,622.0
1996-02-01,902,915,900,916,
1996-02-02,912,921,912,918,
1996-02-05,911,911,903,904,
1996-02-06,903,911,902,910,
1996-02-07,913,917,907,909,
1996-02-08,903,908,901,902,679.0
1996-02-09,905,913,905,910,907.0
1996-02-12,907,908,904,905,428.0
1996-02-13,902,904,899,902,
1996-02-14,906,910,905,908,819.0
1996-02-15,915,919,912,920,
1996-02-16,915,916,900,903,
1996-02-19,904,906,891,892,635.0
1996-02-20,890,901,890,902,
1996-02-21,899,901,891,893,957.0
1996-02-22,891,899,889,898,
1996-02-23,890,896,888,894,
1996-02-26,894,896,889,891,
1996-02-27,889,892,884,886,
1996-02-28,885,885,880,885,
1996-02-29,884,888,881,887,
1996-03-01,880,890,874,878,565.0
1996-03-04,882,882,869,874,182.0
1996-03-05,872,872,868,869,38.0
1996-03-06,871,877,871,881,32.0
1996-03-07,886,886,883,886,24.0
1996-03-08,900,900,893,890,19.0
1996-03-11,890,894,890,893,9.0
1996-03-12,890,890,890,880,7.0
1996-03-13,874,874,874,874,
1996-03-14,872,872,872,872,
1996-03-15,880,880,873,878,25.0
1996-03-18,880,880,860,875,12.0
1996-03-19,865,865,865,880,17.0
1996-03-20,873,873,873,873,
1996-03-21,880,880,862,875,32.0
1996-03-22,865,880,865,871,58.0
1996-03-25,895,895,895,895,
1996-03-26,910,910,910,910,
1996-03-27,920,925,920,935,30.0
1996-03-28,935,935,935,950,1.0
1996-03-29,987,987,987,987,
1996-04-01,980,980,971,978,
1996-04-02,981,994,972,972,
1996-04-03,970,983,966,978,
1996-04-04,1000,1016,985,985,
1996-04-09,980,988,972,975,374.0
1996-04-10,975,979,966,979,
1996-04-11,979,995,979,988,
1996-04-12,1000,1019,998,1015,
1996-04-15,1013,1020,1003,1009,694.0
1996-04-16,1004,1006,997,1001,
1996-04-17,1000,1009,995,996,
1996-04-18,996,1004,993,994,994.0
1996-04-19,994,1001,977,979,
1996-04-22,977,1001,977,1000,762.0
1996-04-23,1010,1019,1005,1003,569.0
1996-04-24,995,1004,990,1004,375.0
1996-04-25,1026,1026,1019,1026,609.0
1996-04-26,1019,1037,1019,1038,
1996-04-29,1038,1063,1038,1054,500.0
1996-04-30,1054,1064,1023,1033,661.0
1996-05-01,1036,1036,1020,1027,168.0
1996-05-02,1071,1073,1062,1058,85.0
1996-05-03,1066,1067,1060,1062,110.0
1996-05-07,1080,1080,1065,1033,148.0
1996-05-08,1062,1073,1058,1072,38.0
1996-05-09,1077,1077,1061,1070,189.0
1996-05-10,1071,1075,1069,1074,105.0
1996-05-13,1094,1104,1103,1105,29.0
1996-05-14,1097,1097,1097,1097,
1996-05-15,1088,1088,1088,1088,
1996-05-16,1089,1089,1088,1086,106.0
1996-05-17,1081,1112,1081,1104,6.0
1996-05-20,1083,1100,1083,1069,22.0
1996-05-21,1064,1067,1064,1043,4.0
1996-05-22,1037,1037,1037,1037,
1996-05-23,1064,1064,1064,1056,2.0
1996-05-24,1085,1085,1085,1085,
1996-05-28,1090,1090,1080,1081,12.0
1996-05-29,1075,1075,1075,1075,
1996-05-30,1075,1075,1069,1031,12.0
1996-05-31,1030,1030,1030,1077,13.0
1996-06-03,1080,1085,1068,1072,
1996-06-04,1067,1067,1048,1055,
1996-06-05,1053,1063,1052,1056,
1996-06-06,1054,1090,1054,1087,
1996-06-07,1095,1125,1095,1122,
1996-06-10,1115,1118,1112,1115,842.0
1996-06-11,1114,1117,1105,1116,
1996-06-12,1120,1142,1114,1116,
1996-06-13,1128,1132,1106,1115,
1996-06-14,1122,1122,1110,1114,552.0
1996-06-17,1105,1106,1092,1093,472.0
1996-06-18,1092,1105,1092,1099,531.0
1996-06-19,1102,1105,1072,1077,
1996-06-20,1070,1075,1061,1072,410.0
1996-06-21,1070,1086,1070,1083,357.0
1996-06-24,1082,1085,1069,1085,572.0
1996-06-25,1091,1099,1090,1093,750.0
1996-06-26,1090,1090,1018,1033,
1996-06-27,1015,1038,1015,1031,938.0
1996-06-28,1030,1048,1025,1037,
1996-07-01,1025,1025,1008,1012,105.0
1996-07-02,1042,1044,1037,1039,126.0
1996-07-03,1040,1047,1037,1039,54.0
1996-07-04,1037,1044,1035,1040,127.0
1996-07-05,1049,1049,1049,1048,166.0
1996-07-08,1042,1042,1042,1044,20.0
1996-07-09,1050,1050,1042,1035,101.0
1996-07-10,1012,1012,986,980,247.0
1996-07-11,980,980,980,980,19.0
1996-07-12,990,990,990,990,1.0
1996-07-15,997,999,997,1003,80.0
1996-07-16,1003,1003,1003,985,1.0
1996-07-17,985,985,984,983,49.0
1996-07-18,980,1000,977,999,26.0
1996-07-19,1000,1000,1000,993,5.0
1996-07-22,990,990,990,986,15.0
1996-07-23,985,985,985,973,4.0
1996-07-24,965,983,965,972,57.0
1996-07-25,975,984,975,982,26.0
1996-07-26,980,980,980,975,7.0
1996-07-29,970,970,970,932,5.0
1996-07-30,960,960,960,924,1.0
1996-07-31,970,970,970,932,5.0
1996-08-01,972,984,960,982,
1996-08-02,980,993,976,980,820.0
1996-08-05,981,987,976,976,931.0
1996-08-06,972,1013,970,1011,
1996-08-07,1010,1016,1001,1007,
1996-08-08,1003,1012,999,1010,871.0
1996-08-09,1020,1022,1009,1008,559.0
1996-08-12,1003,1030,1003,1028,
1996-08-13,1030,1030,1011,1018,
1996-08-14,1019,1019,1007,1013,110.0
1996-08-15,1017,1025,1017,1020,222.0
1996-08-16,1016,1022,1009,1018,633.0
1996-08-19,1018,1020,1009,1014,152.0
1996-08-20,1011,1022,1010,1019,
1996-08-21,1025,1039,1020,1029,
1996-08-22,1027,1027,1012,1014,166.0
1996-08-23,1005,1005,993,996,903.0
1996-08-27,993,993,972,974,917.0
1996-08-28,974,975,960,969,658.0
1996-08-29,972,975,955,957,690.0
1996-08-30,960,964,939,943,
1996-09-02,950,950,936,938,558.0
1996-09-03,941,941,931,928,115.0
1996-09-04,933,946,932,951,160.0
1996-09-05,952,952,946,922,40.0
1996-09-06,931,953,928,980,81.0
1996-09-09,960,960,960,960,2.0
1996-09-10,953,953,951,938,5.0
1996-09-11,951,951,944,943,35.0
1996-09-12,946,953,946,960,84.0
1996-09-13,964,964,961,968,102.0
1996-09-16,970,972,970,973,11.0
1996-09-17,968,968,955,955,57.0
1996-09-18,958,958,951,945,108.0
1996-09-19,955,958,954,955,80.0
1996-09-20,956,957,954,959,135.0
1996-09-23,968,968,968,963,10.0
1996-09-24,955,955,955,957,1.0
1996-09-25,956,965,955,966,181.0
1996-09-26,975,975,975,964,15.0
1996-09-27,963,963,963,967,58.0
1996-09-30,965,976,958,986,127.0
1996-10-01,980,982,970,973,
1996-10-02,973,975,965,967,
1996-10-03,969,971,957,959,
1996-10-04,961,972,961,963,
1996-10-07,965,976,958,976,
1996-10-08,978,982,974,974,
1996-10-09,973,980,972,977,
1996-10-10,982,991,981,983,
1996-10-11,988,994,976,981,
1996-10-14,979,979,970,971,
1996-10-15,968,968,962,965,974.0
1996-10-16,972,978,967,972,
1996-10-17,974,976,967,971,
1996-10-18,973,976,955,957,
1996-10-21,960,961,947,960,
1996-10-22,959,960,950,957,
1996-10-23,952,963,952,961,832.0
1996-10-24,954,958,942,943,
1996-10-25,942,949,936,937,
1996-10-28,935,938,927,928,994.0
1996-10-29,923,937,923,932,
1996-10-30,929,932,921,931,
1996-10-31,930,936,924,924,
1996-11-01,923,923,912,916,
1996-11-04,911,911,903,904,
1996-11-05,895,902,895,900,
1996-11-06,898,906,896,907,
1996-11-07,907,910,902,904,
1996-11-08,904,905,900,901,664.0
1996-11-11,903,906,902,905,584.0
1996-11-12,903,905,890,893,909.0
1996-11-13,882,888,878,882,
1996-11-14,888,890,877,889,
1996-11-15,890,899,885,888,
1996-11-18,886,890,880,880,759.0
1996-11-19,875,878,868,878,
1996-11-20,880,894,880,893,
1996-11-21,887,893,887,889,813.0
1996-11-22,888,900,888,893,
1996-11-25,895,896,884,891,
1996-11-26,887,900,887,900,
1996-11-27,903,905,898,901,
1996-11-28,899,899,881,881,
1996-11-29,879,880,860,869,
1996-12-02,877,888,867,867,870.0
1996-12-03,870,885,866,890,92.0
1996-12-04,890,890,885,882,21.0
1996-12-05,878,890,878,892,117.0
1996-12-06,888,888,888,891,4.0
1996-12-09,877,877,877,877,1.0
1996-12-10,879,879,873,879,62.0
1996-12-11,878,880,876,878,72.0
1996-12-12,881,881,881,879,73.0
1996-12-13,866,866,859,860,3.0
1996-12-16,866,866,866,860,42.0
1996-12-17,854,855,851,851,8.0
1996-12-18,850,850,847,855,7.0
1996-12-19,856,871,856,865,37.0
1996-12-20,860,860,860,860,0.0
1996-12-23,863,863,863,865,55.0
1996-12-24,861,862,861,860,29.0
1996-12-27,856,856,856,856,0.0
1996-12-30,838,838,838,842,3.0
1996-12-31,890,890,890,890,0.0
1997-01-02,885,905,880,904,
1997-01-03,905,906,892,896,
1997-01-06,893,897,885,895,
1997-01-07,893,895,887,888,
1997-01-08,884,887,875,879,
1997-01-09,874,874,865,872,
1997-01-10,874,886,873,879,
1997-01-13,868,878,865,876,
1997-01-14,878,881,873,879,
1997-01-15,878,883,876,880,
1997-01-16,881,887,875,876,
1997-01-17,876,881,874,878,
1997-01-20,882,883,878,880,
1997-01-21,880,880,868,874,
1997-01-22,877,877,869,874,
1997-01-23,877,879,862,862,
1997-01-24,861,885,861,887,
1997-01-27,891,906,886,895,
1997-01-28,903,903,891,894,
1997-01-29,896,896,885,887,
1997-01-30,887,900,885,899,
1997-01-31,908,916,903,915,
1997-02-03,908,914,903,912,
1997-02-04,909,909,897,901,
1997-02-05,890,892,855,854,
1997-02-06,851,858,846,851,
1997-02-07,863,870,857,865,
1997-02-10,856,862,854,859,
1997-02-11,860,860,844,845,760.0
1997-02-12,843,843,831,831,
1997-02-13,840,857,838,856,
1997-02-14,853,859,849,852,
1997-02-17,847,850,845,849,
1997-02-18,852,855,845,853,
1997-02-19,850,854,848,853,854.0
1997-02-20,855,858,850,850,
1997-02-21,845,851,843,847,
1997-02-24,854,854,840,842,
1997-02-25,844,849,841,849,
1997-02-26,848,865,848,865,
1997-02-27,868,876,868,873,
1997-02-28,873,880,865,867,
1997-03-03,866,895,866,894,
1997-03-04,904,910,903,917,329.0
1997-03-05,926,926,917,918,118.0
1997-03-06,926,926,914,917,59.0
1997-03-07,923,923,916,933,103.0
1997-03-10,930,930,930,967,2.0
1997-03-11,990,1000,990,997,22.0
1997-03-12,1004,1004,992,994,202.0
1997-03-13,994,994,994,994,0.0
1997-03-14,1013,1015,1010,1010,75.0
1997-03-17,1010,1010,1010,1019,10.0
1997-03-18,1028,1035,1024,1025,55.0
1997-03-19,1018,1018,1014,1007,76.0
1997-03-20,1006,1016,1006,1025,11.0
1997-03-21,1027,1029,1008,1009,105.0
1997-03-24,991,991,991,995,124.0
1997-03-25,1007,1007,1007,1007,0.0
1997-03-26,1018,1025,1018,1024,46.0
1997-03-27,1023,1023,1023,1017,6.0
1997-04-01,1019,1019,1007,1017,
1997-04-02,1044,1050,1038,1047,
1997-04-03,1046,1048,1035,1044,638.0
1997-04-04,1040,1048,1035,1044,
1997-04-07,1036,1036,968,992,
1997-04-08,987,996,970,972,
1997-04-09,980,990,962,972,
1997-04-10,974,1005,974,1002,
1997-04-11,1006,1018,1002,1012,598.0
1997-04-14,1006,1013,1002,1013,
1997-04-15,1018,1025,1018,1025,
1997-04-16,1020,1022,1016,1017,518.0
1997-04-17,1012,1030,1010,1023,
1997-04-18,1019,1026,1017,1019,181.0
1997-04-21,1014,1014,999,1003,909.0
1997-04-22,1003,1006,990,1006,545.0
1997-04-23,1005,1018,1005,1018,564.0
1997-04-24,1016,1028,1016,1023,841.0
1997-04-25,1030,1040,1028,1033,
1997-04-28,1030,1030,1018,1022,876.0
1997-04-29,1022,1025,973,975,
1997-04-30,975,980,961,968,
1997-05-01,960,960,954,962,42.0
1997-05-02,965,965,963,969,10.0
1997-05-06,969,980,969,964,29.0
1997-05-07,982,983,976,981,76.0
1997-05-08,983,983,983,983,0.0
1997-05-09,984,984,984,988,7.0
1997-05-12,997,999,997,1000,8.0
1997-05-13,983,983,983,983,0.0
1997-05-14,984,984,984,980,7.0
1997-05-15,982,982,982,1002,10.0
1997-05-16,1011,1011,1011,1001,12.0
1997-05-19,1003,1003,1003,1003,0.0
1997-05-20,1007,1007,1007,1007,0.0
1997-05-21,990,990,990,1003,5.0
1997-05-22,1009,1009,1009,1009,0.0
1997-05-23,1004,1004,1004,1004,0.0
1997-05-27,999,999,999,999,0.0
1997-05-28,1000,1000,1000,1000,0.0
1997-05-29,998,1008,1008,1012,1.0
1997-05-30,1038,1038,1038,1038,1.0
1997-06-02,1034,1034,1019,1026,
1997-06-03,1023,1023,1013,1017,
1997-06-04,1015,1015,990,994,
1997-06-05,990,995,981,995,
1997-06-06,993,996,988,995,
1997-06-09,992,1002,988,1002,
1997-06-10,1002,1013,1002,1013,
1997-06-11,1010,1026,1005,1025,
1997-06-12,1037,1088,1036,1076,
1997-06-13,1085,1122,1082,1116,
1997-06-16,1118,1122,1103,1106,
1997-06-17,1110,1116,1078,1091,
1997-06-18,1097,1107,1095,1098,942.0
1997-06-19,1095,1120,1094,1115,
1997-06-20,1120,1122,1092,1093,433.0
1997-06-23,1094,1120,1085,1115,
1997-06-24,1132,1145,1126,1131,
1997-06-25,1133,1135,1116,1121,552.0
1997-06-26,1122,1132,1118,1118,728.0
1997-06-27,1124,1130,1117,1124,
1997-06-30,1122,1131,1115,1132,
1997-07-01,1149,1149,1135,1141,366.0
1997-07-02,1127,1128,1095,1093,73.0
1997-07-03,1059,1061,1010,1001,355.0
1997-07-04,1005,1005,1002,1022,22.0
1997-07-07,1032,1035,1021,1021,116.0
1997-07-08,1018,1018,1010,1027,26.0
1997-07-09,1029,1035,1029,1036,7.0
1997-07-10,1055,1026,1024,1038,7.0
1997-07-11,1029,1031,1027,1026,64.0
1997-07-14,1010,1018,1010,1019,55.0
1997-07-15,1024,1024,1017,1030,10.0
1997-07-16,1032,1032,1032,1032,0.0
1997-07-17,1029,1029,1014,1010,41.0
1997-07-18,1006,1006,1006,1001,1.0
1997-07-21,979,979,968,971,100.0
1997-07-22,970,970,970,961,5.0
1997-07-23,970,975,968,972,107.0
1997-07-24,964,964,964,974,10.0
1997-07-25,970,970,970,979,8.0
1997-07-28,973,973,973,1003,3.0
1997-07-29,1016,1016,1001,1005,33.0
1997-07-30,990,990,970,1000,4.0
1997-07-31,1014,1014,1014,1015,6.0
1997-08-01,1008,1022,1002,1018,565.0
1997-08-04,1009,1016,1005,1013,328.0
1997-08-05,1005,1005,994,1001,828.0
1997-08-06,1003,1017,1002,1001,
1997-08-07,999,1018,999,1011,773.0
1997-08-08,1011,1029,1011,1021,
1997-08-11,1025,1028,1017,1022,739.0
1997-08-12,1027,1039,1020,1035,
1997-08-13,1024,1029,1021,1026,336.0
1997-08-14,1029,1029,1016,1014,608.0
1997-08-15,1007,1010,1000,1002,612.0
1997-08-18,998,1021,998,1020,491.0
1997-08-19,1029,1037,1023,1025,
1997-08-20,1025,1045,1020,1045,
1997-08-21,1046,1088,1046,1086,
1997-08-22,1088,1088,1061,1064,931.0
1997-08-26,1070,1086,1055,1085,997.0
1997-08-27,1089,1089,1075,1085,503.0
1997-08-28,1083,1106,1078,1106,577.0
1997-08-29,1120,1135,1115,1128,
1997-09-01,1112,1121,1108,1120,76.0
1997-09-02,1115,1130,1110,1127,314.0
1997-09-03,1130,1130,1118,1131,181.0
1997-09-04,1125,1132,1123,1135,50.0
1997-09-05,1143,1145,1140,1119,26.0
1997-09-08,1088,1112,1088,1101,41.0
1997-09-09,1105,1105,1103,1111,12.0
1997-09-10,1100,1113,1100,1107,21.0
1997-09-11,1098,1098,1080,1077,34.0
1997-09-12,1065,1068,1065,1078,20.0
1997-09-15,1063,1063,1063,1079,3.0
1997-09-16,1080,1094,1080,1112,15.0
1997-09-17,1124,1124,1115,1096,18.0
1997-09-18,1093,1093,1093,1093,0.0
1997-09-19,1099,1099,1099,1093,25.0
1997-09-22,1089,1089,1089,1089,0.0
1997-09-23,1081,1081,1081,1081,0.0
1997-09-24,1087,1087,1087,1092,1.0
1997-09-25,1112,1115,1103,1107,25.0
1997-09-26,1107,1107,1107,1103,2.0
1997-09-29,1101,1115,1101,1111,13.0
1997-09-30,1112,1112,1112,1129,6.0
1997-10-01,1134,1135,1128,1128,
1997-10-02,1132,1136,1112,1119,
1997-10-03,1123,1142,1121,1136,
1997-10-06,1134,1141,1134,1136,
1997-10-07,1140,1149,1134,1145,
1997-10-08,1149,1158,1145,1145,
1997-10-09,1139,1139,1129,1134,
1997-10-10,1129,1142,1129,1132,
1997-10-13,1122,1126,1117,1121,
1997-10-14,1120,1129,1100,1100,
1997-10-15,1099,1104,1095,1100,
1997-10-16,1099,1110,1098,1103,
1997-10-17,1097,1114,1095,1113,
1997-10-20,1107,1111,1095,1097,
1997-10-21,1095,1103,1072,1076,
1997-10-22,1067,1070,1057,1066,
1997-10-23,1071,1075,1058,1062,
1997-10-24,1065,1069,1050,1053,
1997-10-27,1048,1050,1040,1040,
1997-10-28,1038,1050,1031,1034,
1997-10-29,1042,1055,1042,1055,
1997-10-30,1050,1055,1047,1048,
1997-10-31,1048,1050,1041,1049,
1997-11-03,1049,1053,1030,1030,
1997-11-04,1028,1028,1012,1026,
1997-11-05,1034,1048,1027,1042,
1997-11-06,1049,1049,1033,1039,
1997-11-07,1031,1043,1027,1037,
1997-11-10,1040,1050,1040,1042,
1997-11-11,1040,1041,1035,1037,505.0
1997-11-12,1033,1034,1026,1030,
1997-11-13,1032,1042,1027,1030,974.0
1997-11-14,1028,1030,1023,1029,804.0
1997-11-17,1028,1028,1016,1016,
1997-11-18,1013,1015,1001,1001,
1997-11-19,1000,1010,998,1008,
1997-11-20,1010,1015,1007,1010,
1997-11-21,1006,1007,999,1000,
1997-11-24,997,999,987,996,
1997-11-25,994,1000,989,998,
1997-11-26,1005,1005,997,1000,
1997-11-27,1005,1005,994,996,
1997-11-28,996,996,984,988,
1997-12-01,986,990,982,986,587.0
1997-12-02,983,990,980,990,206.0
1997-12-03,994,998,994,994,164.0
1997-12-04,997,999,995,998,94.0
1997-12-05,1001,1020,1000,1024,62.0
1997-12-08,1030,1038,1030,1038,59.0
1997-12-09,1043,1043,1041,1039,20.0
1997-12-10,1036,1054,1036,1053,24.0
1997-12-11,1059,1081,1059,1091,68.0
1997-12-12,1092,1097,1092,1110,4.0
1997-12-15,1118,1118,1118,1119,3.0
1997-12-16,1126,1129,1126,1092,23.0
1997-12-17,1080,1080,1080,1080,0.0
1997-12-18,1074,1074,1074,1069,46.0
1997-12-19,1068,1068,1068,1067,180.0
1997-12-22,1052,1052,1033,1024,355.0
1997-12-23,1020,1022,1019,1038,7.0
1997-12-24,1048,1048,1048,1048,0.0
1997-12-29,1032,1032,1032,1032,1.0
1997-12-30,1030,1030,1030,1034,1.0
1997-12-31,1038,1038,1038,1082,5.0
1998-01-05,1077,1077,1051,1055,
1998-01-06,1053,1053,1037,1049,
1998-01-07,1056,1064,1054,1064,
1998-01-08,1070,1074,1061,1062,
1998-01-09,1058,1058,1046,1048,
1998-01-12,1040,1042,1024,1024,
1998-01-13,1021,1024,1011,1012,
1998-01-14,1015,1024,1012,1017,
1998-01-15,1018,1028,1016,1025,
1998-01-16,1019,1024,1016,1022,
1998-01-19,1022,1034,1022,1033,
1998-01-20,1032,1050,1030,1049,
1998-01-21,1051,1058,1044,1048,
1998-01-22,1043,1044,1039,1040,
1998-01-23,1037,1040,1028,1032,
1998-01-26,1030,1037,1027,1033,
1998-01-27,1036,1052,1036,1052,
1998-01-28,1077,1077,1066,1072,
1998-01-29,1051,1059,1045,1045,
1998-01-30,1043,1043,1029,1031,
1998-02-02,1030,1039,1027,1031,874.0
1998-02-03,1032,1044,1032,1042,736.0
1998-02-04,1038,1043,1029,1029,
1998-02-05,1029,1029,1001,1006,
1998-02-06,1010,1017,1000,1015,
1998-02-09,1019,1019,996,998,
1998-02-10,998,1001,989,999,
1998-02-11,1003,1003,996,999,837.0
1998-02-12,995,996,985,988,
1998-02-13,989,1001,989,996,
1998-02-16,998,1001,997,1000,
1998-02-17,1000,1010,1000,1007,
1998-02-18,1006,1008,1003,1006,
1998-02-19,1002,1011,1001,1011,
1998-02-20,1011,1017,999,1000,
1998-02-23,996,1002,991,1001,
1998-02-24,1003,1014,1003,1011,
1998-02-25,1010,1017,1010,1017,
1998-02-26,1017,1031,1014,1026,
1998-02-27,1032,1041,1030,1038,
1998-03-02,1041,1045,1037,1044,
1998-03-03,1037,1039,1035,1035,517.0
1998-03-04,1039,1059,1039,1052,44.0
1998-03-05,1055,1060,1050,1053,230.0
1998-03-06,1060,1066,1060,1066,98.0
1998-03-09,1053,1053,1047,1046,2.0
1998-03-10,1051,1052,1037,1039,29.0
1998-03-11,1041,1041,1039,1040,117.0
1998-03-12,1047,1065,1047,1058,163.0
1998-03-13,1072,1072,1072,1069,50.0
1998-03-16,1062,1062,1061,1058,10.0
1998-03-17,1054,1057,1053,1054,67.0
1998-03-18,1055,1056,1055,1054,9.0
1998-03-19,1061,1061,1061,1061,0.0
1998-03-20,1070,1070,1070,1078,5.0
1998-03-23,1072,1072,1070,1081,13.0
1998-03-24,1066,1066,1066,1066,0.0
1998-03-25,1060,1060,1060,1063,3.0
1998-03-26,1060,1060,1060,1059,8.0
1998-03-27,1061,1063,1061,1061,12.0
1998-03-30,1039,1039,1039,1039,0.0
1998-03-31,1069,1069,1069,1069,0.0
1998-04-01,1074,1075,1053,1055,
1998-04-02,1052,1060,1048,1053,
1998-04-03,1058,1069,1055,1069,
1998-04-06,1069,1071,1062,1070,772.0
1998-04-07,1073,1077,1070,1073,645.0
1998-04-08,1068,1068,1045,1056,
1998-04-09,1051,1053,1036,1039,
1998-04-14,1028,1028,996,997,
1998-04-15,998,1010,997,1000,
1998-04-16,1001,1001,989,996,817.0
1998-04-17,1006,1019,1004,1018,951.0
1998-04-20,1017,1034,1012,1033,
1998-04-21,1065,1080,1057,1061,
1998-04-22,1059,1065,1056,1061,
1998-04-23,1059,1076,1054,1072,
1998-04-24,1077,1080,1063,1070,853.0
1998-04-27,1080,1081,1067,1078,
1998-04-28,1078,1078,1065,1074,
1998-04-29,1072,1082,1063,1080,
1998-04-30,1081,1085,1059,1070,
1998-05-01,1064,1073,1060,1071,143.0
1998-05-05,1075,1075,1075,1073,24.0
1998-05-06,1080,1096,1077,1100,370.0
1998-05-07,1106,1116,1106,1114,
1998-05-08,1113,1113,1105,1108,26.0
1998-05-11,1100,1100,1100,1100,226.0
1998-05-12,1091,1120,1091,1121,532.0
1998-05-13,1130,1130,1130,1124,11.0
1998-05-14,1128,1135,1128,1132,54.0
1998-05-15,1140,1140,1140,1136,2.0
1998-05-18,1143,1144,1126,1125,3.0
1998-05-19,1115,1115,1115,1111,2.0
1998-05-20,1109,1109,1109,1117,2.0
1998-05-21,1119,1119,1119,1112,2.0
1998-05-22,1106,1108,1106,1128,35.0
1998-05-26,1128,1128,1128,1121,1.0
1998-05-27,1117,1117,1117,1120,46.0
1998-05-28,1112,1113,1099,1096,21.0
1998-05-29,1093,1093,1093,1119,9.0
1998-06-01,1113,1115,1086,1094,
1998-06-02,1086,1095,1075,1095,
1998-06-03,1088,1098,1078,1097,
1998-06-04,1090,1094,1079,1081,
1998-06-05,1081,1081,1065,1070,
1998-06-08,1069,1073,1057,1060,
1998-06-09,1060,1076,1057,1074,
1998-06-10,1078,1082,1075,1076,513.0
1998-06-11,1084,1087,1068,1076,
1998-06-12,1070,1075,1063,1072,
1998-06-15,1065,1075,1060,1073,631.0
1998-06-16,1077,1077,1062,1068,
1998-06-17,1072,1075,1062,1065,
1998-06-18,1075,1075,1055,1063,
1998-06-19,1058,1058,1041,1047,668.0
1998-06-22,1044,1044,1038,1040,598.0
1998-06-23,1030,1033,1020,1021,
1998-06-24,1027,1035,1021,1034,888.0
1998-06-25,1033,1036,1014,1020,
1998-06-26,1016,1026,1014,1027,
1998-06-29,1024,1028,1001,1002,
1998-06-30,1001,1011,1000,1007,
1998-07-01,1013,1029,1013,1028,188.0
1998-07-02,1040,1055,1040,1055,505.0
1998-07-03,1052,1052,1052,1052,0.0
1998-07-06,1056,1056,1054,1067,693.0
1998-07-07,1064,1066,1064,1070,5.0
1998-07-08,1076,1077,1075,1071,32.0
1998-07-09,1060,1060,1060,1055,4.0
1998-07-10,1050,1050,1050,1054,3.0
1998-07-13,1046,1046,1046,1046,0.0
1998-07-14,1040,1040,1040,1039,2.0
1998-07-15,1049,1049,1049,1035,1.0
1998-07-16,1031,1031,1031,1046,12.0
1998-07-17,1055,1055,1055,1057,5.0
1998-07-20,1059,1059,1059,1058,1.0
1998-07-21,1050,1050,1050,1050,0.0
1998-07-22,1046,1046,1046,1040,4.0
1998-07-23,1045,1048,1045,1047,6.0
1998-07-24,1046,1046,1046,1046,0.0
1998-07-27,1036,1036,1036,1036,0.0
1998-07-28,1036,1036,1036,1030,5.0
1998-07-29,1034,1034,1034,1047,4.0
1998-07-30,1026,1026,1026,1026,0.0
1998-07-31,1040,1040,1040,1056,2.0
1998-08-03,1056,1061,1048,1055,
1998-08-04,1057,1068,1055,1066,
1998-08-05,1064,1071,1062,1066,
1998-08-06,1065,1067,1058,1067,
1998-08-07,1065,1069,1063,1068,
1998-08-10,1067,1078,1065,1077,
1998-08-11,1074,1074,1052,1062,
1998-08-12,1058,1058,1047,1051,
1998-08-13,1052,1057,1047,1048,
1998-08-14,1053,1055,1048,1052,
1998-08-17,1058,1058,1045,1046,
1998-08-18,1050,1052,1040,1048,
1998-08-19,1045,1054,1045,1050,
1998-08-20,1054,1057,1050,1051,
1998-08-21,1047,1051,1044,1045,529.0
1998-08-24,1045,1045,1024,1025,
1998-08-25,1023,1028,1019,1020,
1998-08-26,1020,1033,1020,1033,
1998-08-27,1036,1039,1028,1035,
1998-08-28,1036,1048,1025,1029,
1998-09-01,1044,1045,1039,1043,422.0
1998-09-02,1046,1049,1042,1046,423.0
1998-09-03,1045,1051,1034,1036,54.0
1998-09-04,1036,1038,1031,1036,28.0
1998-09-07,1030,1030,1030,1030,0.0
1998-09-08,1035,1035,1035,1035,8.0
1998-09-09,1031,1031,1030,1034,58.0
1998-09-10,1043,1047,1043,1038,151.0
1998-09-11,1044,1044,1015,1018,34.0
1998-09-14,1021,1021,1015,1026,3.0
1998-09-15,1016,1016,1010,1006,13.0
1998-09-16,1003,1003,1003,998,3.0
1998-09-17,991,991,991,981,4.0
1998-09-18,982,982,982,982,0.0
1998-09-21,976,976,976,976,0.0
1998-09-22,983,983,983,983,0.0
1998-09-23,991,991,991,989,6.0
1998-09-24,988,988,988,986,23.0
1998-09-25,1000,1000,1000,966,1.0
1998-09-28,975,975,975,975,0.0
1998-09-29,993,993,993,991,7.0
1998-09-30,1003,1003,1003,1003,0.0
1998-10-01,1000,1005,993,999,
1998-10-02,997,1004,990,1004,
1998-10-05,1013,1017,1009,1011,
1998-10-06,1012,1020,1011,1019,
1998-10-07,1022,1022,1003,1006,
1998-10-08,1005,1005,992,998,
1998-10-09,1000,1003,990,1000,
1998-10-12,1003,1005,999,1002,
1998-10-13,1001,1001,984,988,
1998-10-14,985,997,980,995,
1998-10-15,1000,1020,999,1019,
1998-10-16,1020,1027,1007,1008,
1998-10-19,1005,1011,1001,1006,
1998-10-20,1011,1022,1007,1022,
1998-10-21,1023,1023,1012,1012,
1998-10-22,1012,1018,1011,1015,
1998-10-23,1017,1017,1009,1011,
1998-10-26,1007,1013,1005,1008,776.0
1998-10-27,1008,1011,1003,1008,
1998-10-28,1007,1007,992,994,
1998-10-29,990,999,989,999,
1998-10-30,1002,1006,994,998,
1998-11-02,998,1004,989,1004,
1998-11-03,1006,1007,1001,1002,
1998-11-04,1003,1009,997,1003,
1998-11-05,1003,1003,994,1001,
1998-11-06,994,995,982,984,
1998-11-09,980,982,973,975,
1998-11-10,977,985,974,982,
1998-11-11,979,979,976,977,
1998-11-12,974,979,971,974,
1998-11-13,976,981,972,975,
1998-11-16,972,976,969,973,
1998-11-17,975,979,970,972,
1998-11-18,971,975,970,975,
1998-11-19,975,975,962,963,
1998-11-20,962,963,953,956,
1998-11-23,958,962,957,958,
1998-11-24,960,961,952,953,
1998-11-25,947,957,947,957,
1998-11-26,956,957,947,950,
1998-11-27,950,950,943,946,
1998-11-30,945,945,929,931,
1998-12-01,927,945,927,936,
1998-12-02,939,946,939,940,153.0
1998-12-03,942,949,942,945,355.0
1998-12-04,948,948,940,935,107.0
1998-12-07,940,940,940,926,1.0
1998-12-08,914,914,902,910,114.0
1998-12-09,911,911,911,911,0.0
1998-12-10,900,900,900,900,0.0
1998-12-11,901,901,897,885,23.0
1998-12-14,880,880,880,880,0.0
1998-12-15,891,891,891,891,0.0
1998-12-16,895,895,895,894,2.0
1998-12-17,892,892,892,892,0.0
1998-12-18,884,887,884,886,38.0
1998-12-21,864,864,864,864,0.0
1998-12-22,871,879,871,873,276.0
1998-12-23,874,874,874,872,1.0
1998-12-24,879,879,862,860,5.0
1998-12-29,863,863,863,863,0.0
1998-12-30,902,902,902,902,0.0
1999-01-04,904,905,897,900,
1999-01-05,900,908,891,907,
1999-01-06,911,915,907,911,
1999-01-07,911,925,911,916,
1999-01-08,916,925,915,919,
1999-01-11,916,938,910,938,
1999-01-12,932,937,926,932,
1999-01-13,933,933,912,919,
1999-01-14,916,925,913,921,
1999-01-15,918,920,912,919,
1999-01-18,910,910,893,894,
1999-01-19,898,903,891,901,
1999-01-20,900,910,900,908,
1999-01-21,910,919,909,913,
1999-01-22,910,910,895,895,
1999-01-25,891,897,888,892,
1999-01-26,889,901,888,895,
1999-01-27,890,894,887,894,
1999-01-28,894,902,892,897,
1999-01-29,901,907,895,906,
1999-02-01,910,910,897,897,
1999-02-02,895,897,889,893,
1999-02-03,898,905,895,901,
1999-02-04,900,915,897,903,
1999-02-05,903,908,900,900,
1999-02-08,901,901,892,895,
1999-02-09,895,899,892,893,
1999-02-10,894,902,884,901,
1999-02-11,904,909,901,906,
1999-02-12,902,902,888,888,
1999-02-15,882,892,874,889,
1999-02-16,896,926,893,920,
1999-02-17,930,943,905,918,
1999-02-18,916,922,912,918,
1999-02-19,925,950,920,947,
1999-02-22,949,949,925,924,
1999-02-23,920,929,920,925,
1999-02-24,930,935,920,923,
1999-02-25,920,920,906,907,
1999-02-26,910,912,897,901,
1999-03-01,895,901,894,896,
1999-03-02,900,900,875,866,128.0
1999-03-03,860,864,852,860,249.0
1999-03-04,867,869,863,868,278.0
1999-03-05,858,858,848,854,
1999-03-08,850,858,849,851,80.0
1999-03-09,855,860,851,858,735.0
1999-03-10,855,855,849,848,168.0
1999-03-11,832,832,820,822,103.0
1999-03-12,823,828,820,831,122.0
1999-03-15,830,830,825,825,23.0
1999-03-16,821,821,815,824,303.0
1999-03-17,834,835,831,838,47.0
1999-03-18,836,840,836,836,127.0
1999-03-19,830,836,830,829,12.0
1999-03-22,820,820,802,802,19.0
1999-03-23,800,817,800,818,24.0
1999-03-24,808,810,806,806,26.0
1999-03-25,812,812,807,801,16.0
1999-03-26,806,806,803,802,9.0
1999-03-29,809,809,809,809,0.0
1999-03-30,810,813,810,813,30.0
1999-03-31,809,809,806,835,9.0
1999-04-01,838,838,818,818,
1999-04-06,810,819,805,816,
1999-04-07,813,817,804,805,980.0
1999-04-08,800,800,761,770,
1999-04-09,768,780,754,779,
1999-04-12,782,788,772,780,
1999-04-13,781,781,764,771,
1999-04-14,772,779,760,779,
1999-04-15,780,781,766,766,
1999-04-16,759,759,746,752,
1999-04-19,744,756,735,750,
1999-04-20,752,752,736,740,
1999-04-21,736,746,735,741,
1999-04-22,741,741,710,711,
1999-04-23,700,706,695,697,
1999-04-26,700,702,685,685,
1999-04-27,679,681,653,667,
1999-04-28,675,681,670,675,
1999-04-29,672,679,670,676,
1999-04-30,680,701,677,701,
1999-05-04,684,689,680,688,
1999-05-05,691,692,690,687,36.0
1999-05-06,693,695,689,688,50.0
1999-05-07,692,693,679,683,
1999-05-10,681,681,653,653,85.0
1999-05-11,660,671,660,671,
1999-05-12,670,673,670,673,2.0
1999-05-13,678,678,678,674,2.0
1999-05-14,668,672,668,659,62.0
1999-05-17,659,665,656,665,112.0
1999-05-18,665,665,648,649,91.0
1999-05-19,652,652,652,652,2.0
1999-05-20,658,658,653,651,28.0
1999-05-21,643,643,643,646,2.0
1999-05-24,625,625,625,624,2.0
1999-05-25,637,637,605,611,9.0
1999-05-26,607,607,607,607,0.0
1999-05-27,599,610,597,616,9.0
1999-05-28,619,619,618,638,8.0
1999-06-01,633,645,626,641,
1999-06-02,643,654,636,654,
1999-06-03,665,736,665,730,
1999-06-04,734,785,733,740,
1999-06-07,743,749,737,742,
1999-06-08,744,799,744,792,
1999-06-09,814,817,786,784,
1999-06-10,770,780,755,759,
1999-06-11,766,775,758,760,545.0
1999-06-14,770,770,750,754,482.0
1999-06-15,749,781,741,778,
1999-06-16,782,794,775,778,
1999-06-17,780,784,767,765,
1999-06-18,759,786,758,790,441.0
1999-06-21,800,826,800,817,
1999-06-22,810,827,802,804,
1999-06-23,801,801,770,775,
1999-06-24,773,779,758,756,644.0
1999-06-25,750,756,743,745,296.0
1999-06-28,743,753,734,748,835.0
1999-06-29,745,755,745,750,909.0
1999-06-30,754,754,731,739,
1999-07-01,735,761,729,753,405.0
1999-07-02,749,750,745,747,167.0
1999-07-05,748,749,747,748,43.0
1999-07-06,737,737,725,727,43.0
1999-07-07,704,714,702,706,131.0
1999-07-08,701,714,700,705,350.0
1999-07-09,711,722,711,713,12.0
1999-07-12,707,707,707,707,38.0
1999-07-13,702,703,696,696,377.0
1999-07-14,700,702,699,698,44.0
1999-07-15,697,697,695,695,11.0
1999-07-16,697,699,697,698,30.0
1999-07-19,703,703,702,703,6.0
1999-07-20,709,731,709,731,29.0
1999-07-21,735,735,727,731,27.0
1999-07-22,723,754,723,746,153.0
1999-07-23,735,740,735,737,2.0
1999-07-26,734,745,734,735,22.0
1999-07-27,737,737,734,724,6.0
1999-07-28,723,723,696,698,70.0
1999-07-29,690,690,690,698,2.0
1999-07-30,691,691,680,700,7.0
1999-08-02,695,695,678,688,
1999-08-03,685,693,678,681,
1999-08-04,681,683,675,681,860.0
1999-08-05,684,684,668,672,
1999-08-06,675,675,665,669,
1999-08-09,668,668,654,660,
1999-08-10,654,668,652,655,
1999-08-11,650,652,640,650,
1999-08-12,655,669,649,664,
1999-08-13,655,663,650,650,
1999-08-16,646,652,643,650,
1999-08-17,649,656,645,647,
1999-08-18,640,643,638,640,
1999-08-19,636,641,631,631,
1999-08-20,630,638,620,620,
1999-08-23,617,622,614,620,
1999-08-24,630,639,625,639,
1999-08-25,639,640,634,635,
1999-08-26,627,627,613,613,
1999-08-27,608,620,605,620,
1999-08-30,608,620,605,620,
1999-08-31,616,628,613,630,
1999-09-01,629,645,629,646,414.0
1999-09-02,649,650,623,622,71.0
1999-09-03,625,630,624,624,198.0
1999-09-06,612,613,611,613,71.0
1999-09-07,612,616,605,617,152.0
1999-09-08,637,637,628,626,19.0
1999-09-09,624,624,624,625,4.0
1999-09-10,624,624,620,617,649.0
1999-09-13,613,620,613,616,58.0
1999-09-14,615,624,609,624,188.0
1999-09-15,636,636,623,621,55.0
1999-09-16,620,621,618,618,7.0
1999-09-17,621,621,621,601,1.0
1999-09-20,604,604,604,628,1.0
1999-09-21,618,618,614,621,30.0
1999-09-22,608,628,608,627,9.0
1999-09-23,627,627,627,627,0.0
1999-09-24,626,626,624,643,5.0
1999-09-27,644,668,640,659,172.0
1999-09-28,665,672,665,680,3.0
1999-09-29,694,695,678,671,97.0
1999-09-30,689,689,689,689,0.0
1999-10-01,682,690,681,690,
1999-10-04,688,689,674,677,
1999-10-05,675,675,652,657,
1999-10-06,652,659,637,638,
1999-10-07,639,639,617,625,
1999-10-08,625,631,622,625,
1999-10-11,630,633,624,626,928.0
1999-10-12,623,636,611,627,
1999-10-13,628,643,628,630,877.0
1999-10-14,630,651,629,629,
1999-10-15,629,633,623,627,868.0
1999-10-18,621,621,609,610,
1999-10-19,609,613,605,613,
1999-10-20,612,615,608,612,
1999-10-21,612,619,606,607,
1999-10-22,602,606,590,592,
1999-10-25,589,590,576,578,
1999-10-26,575,590,572,587,
1999-10-27,585,585,575,579,
1999-10-28,577,585,573,581,
1999-10-29,580,588,578,581,
1999-11-01,580,588,579,586,
1999-11-02,585,585,562,564,
1999-11-03,560,563,554,558,
1999-11-04,565,574,561,570,
1999-11-05,561,563,554,559,
1999-11-08,551,557,545,555,
1999-11-09,544,554,540,547,
1999-11-10,546,558,542,546,
1999-11-11,548,555,547,549,
1999-11-12,550,550,538,538,
1999-11-15,538,545,536,536,
1999-11-16,535,538,527,528,
1999-11-17,526,531,521,530,
1999-11-18,533,536,529,534,
1999-11-19,539,553,539,550,
1999-11-22,549,569,549,550,
1999-11-23,556,570,555,569,
1999-11-24,569,569,551,558,
1999-11-25,554,559,550,553,
1999-11-26,554,558,544,550,
1999-11-29,548,591,548,588,
1999-11-30,594,606,582,584,
1999-12-01,553,563,551,557,
1999-12-02,553,558,545,552,452.0
1999-12-03,552,552,542,542,175.0
1999-12-06,535,535,530,533,142.0
1999-12-07,540,540,540,555,5.0
1999-12-08,565,566,565,565,11.0
1999-12-09,575,575,575,570,14.0
1999-12-10,563,565,563,562,13.0
1999-12-13,550,553,550,548,66.0
1999-12-14,545,548,543,542,72.0
1999-12-15,550,550,550,548,1.0
1999-12-16,547,547,547,550,7.0
1999-12-17,552,552,547,546,6.0
1999-12-20,537,537,537,537,1.0
1999-12-21,536,536,536,536,1.0
1999-12-22,539,539,539,537,0.0
1999-12-23,545,545,545,545,0.0
1999-12-24,566,566,566,566,0.0
1999-12-29,548,548,548,548,0.0
1999-12-30,538,538,538,571,2.0
2000-01-04,560,562,552,561,
2000-01-05,561,567,558,560,
2000-01-06,555,557,549,556,
2000-01-07,560,566,555,564,
2000-01-10,566,570,563,565,
2000-01-11,560,564,557,564,
2000-01-12,564,569,564,568,
2000-01-13,568,580,567,579,
2000-01-14,579,580,572,573,
2000-01-17,569,569,555,564,
2000-01-18,565,567,559,560,
2000-01-19,558,565,555,565,
2000-01-20,564,571,563,565,
2000-01-21,566,573,566,569,
2000-01-24,572,573,566,567,
2000-01-25,559,566,558,567,
2000-01-26,563,572,560,571,
2000-01-27,571,575,565,565,
2000-01-28,562,569,560,569,
2000-01-31,560,561,550,552,
2000-02-01,547,547,521,521,
2000-02-02,525,540,521,530,
2000-02-03,530,536,530,533,
2000-02-04,539,540,529,535,
2000-02-07,535,540,530,536,
2000-02-08,539,542,532,533,
2000-02-09,529,537,529,538,
2000-02-10,539,539,532,537,
2000-02-11,537,539,532,536,
2000-02-14,532,535,527,528,
2000-02-15,526,533,525,532,
2000-02-16,529,532,528,530,
2000-02-17,532,540,532,537,
2000-02-18,539,541,534,539,
2000-02-21,541,541,533,533,
2000-02-22,533,534,528,530,
2000-02-23,527,532,522,531,
2000-02-24,533,544,528,533,
2000-02-25,525,530,520,512,
2000-02-28,506,516,503,508,
2000-02-29,508,520,507,525,
2000-03-01,523,540,522,536,357.0
2000-03-02,550,551,540,567,278.0
2000-03-03,600,600,588,586,61.0
2000-03-06,578,578,578,582,49.0
2000-03-07,586,586,584,594,13.0
2000-03-08,596,596,592,586,29.0
2000-03-09,600,600,595,591,38.0
2000-03-10,585,585,585,580,6.0
2000-03-13,570,575,570,582,8.0
2000-03-14,595,598,595,597,27.0
2000-03-15,602,602,602,609,1.0
2000-03-16,616,616,616,616,
2000-03-17,607,607,607,603,19.0
2000-03-20,583,583,583,583,0.0
2000-03-21,578,578,578,566,10.0
2000-03-22,578,578,578,578,0.0
2000-03-23,575,575,575,575,0.0
2000-03-24,550,550,550,550,0.0
2000-03-27,540,540,540,540,0.0
2000-03-28,549,549,549,549,0.0
2000-03-29,582,582,582,567,2.0
2000-03-30,547,547,547,547,0.0
2000-03-31,588,588,588,588,0.0
2000-04-03,580,581,571,571,697.0
2000-04-04,566,588,564,587,391.0
2000-04-05,589,600,589,595,638.0
2000-04-06,595,608,595,604,
2000-04-07,602,602,592,599,
2000-04-10,598,598,588,595,367.0
2000-04-11,597,603,597,599,789.0
2000-04-12,593,598,590,596,851.0
2000-04-13,592,600,590,599,
2000-04-14,597,604,595,595,426.0
2000-04-17,595,599,587,598,657.0
2000-04-18,607,624,605,621,
2000-04-19,616,619,608,609,
2000-04-20,595,606,593,600,693.0
2000-04-25,583,588,579,588,
2000-04-26,582,585,579,585,472.0
2000-04-27,580,580,561,570,
2000-04-28,566,575,565,577,845.0
2000-05-02,579,587,578,583,
2000-05-03,578,580,571,580,749.0
2000-05-04,576,586,576,587,
2000-05-05,586,588,581,589,357.0
2000-05-08,589,589,576,576,
2000-05-09,570,581,570,580,
2000-05-10,583,586,580,586,939.0
2000-05-11,595,609,593,606,
2000-05-12,610,610,596,605,
2000-05-15,601,607,599,599,
2000-05-16,605,629,602,624,
2000-05-17,626,628,615,618,
2000-05-18,620,626,615,625,
2000-05-19,629,648,629,647,
2000-05-22,648,649,640,644,
2000-05-23,642,642,635,638,
2000-05-24,638,650,629,645,
2000-05-25,644,662,644,645,
2000-05-26,635,640,630,638,
2000-05-30,631,631,624,625,
2000-05-31,629,636,625,635,
2000-06-01,636,640,629,640,438.0
2000-06-02,641,643,630,631,634.0
2000-06-05,627,629,620,620,
2000-06-06,617,625,615,618,
2000-06-07,618,619,600,604,
2000-06-08,606,634,606,627,
2000-06-09,642,648,630,629,
2000-06-12,625,627,623,624,623.0
2000-06-13,626,638,624,629,
2000-06-14,624,637,624,630,
2000-06-15,630,638,628,634,758.0
2000-06-16,633,639,631,639,
2000-06-19,638,638,625,632,463.0
2000-06-20,625,627,609,621,943.0
2000-06-21,625,633,622,632,
2000-06-22,635,642,628,632,988.0
2000-06-23,652,652,613,615,
2000-06-26,611,613,590,592,716.0
2000-06-27,592,600,590,597,
2000-06-28,595,599,595,599,573.0
2000-06-29,595,600,589,596,343.0
2000-06-30,602,602,582,585,810.0
2000-07-03,583,587,580,580,684.0
2000-07-04,588,593,587,593,739.0
2000-07-05,596,607,592,593,
2000-07-06,590,593,586,588,
2000-07-07,590,600,590,599,
2000-07-10,593,598,591,594,
2000-07-11,594,600,594,600,
2000-07-12,605,606,593,593,679.0
2000-07-13,592,596,590,596,788.0
2000-07-14,594,595,593,588,384.0
2000-07-17,620,626,619,625,
2000-07-18,622,628,617,628,937.0
2000-07-19,629,632,622,630,
2000-07-20,633,647,631,649,
2000-07-21,651,653,638,649,
2000-07-24,649,651,617,622,
2000-07-25,622,627,614,620,
2000-07-26,622,624,618,622,764.0
2000-07-27,625,625,617,617,
2000-07-28,617,625,611,624,738.0
2000-07-31,625,625,615,618,544.0
2000-08-01,617,617,606,614,
2000-08-02,614,617,608,616,
2000-08-03,617,617,591,592,
2000-08-04,591,596,576,583,
2000-08-07,579,580,570,570,
2000-08-08,570,580,563,576,
2000-08-09,576,585,565,568,
2000-08-10,563,578,563,578,
2000-08-11,581,588,576,577,919.0
2000-08-14,576,578,571,578,498.0
2000-08-15,576,579,575,577,359.0
2000-08-16,577,577,573,575,993.0
2000-08-17,574,581,574,574,
2000-08-18,574,580,572,575,899.0
2000-08-21,573,578,572,577,713.0
2000-08-22,579,579,575,576,390.0
2000-08-23,578,578,563,563,
2000-08-24,562,581,562,576,897.0
2000-08-25,575,575,567,570,396.0
2000-08-29,574,576,568,569,
2000-08-30,573,577,570,578,506.0
2000-08-31,581,591,579,589,
2000-09-01,586,589,582,586,466.0
2000-09-04,590,595,590,595,139.0
2000-09-05,597,599,593,593,929.0
2000-09-06,594,594,589,596,330.0
2000-09-07,600,604,595,588,324.0
2000-09-08,598,598,585,602,
2000-09-11,609,615,609,609,922.0
2000-09-12,607,617,607,615,
2000-09-13,615,629,612,615,
2000-09-14,624,625,622,622,870.0
2000-09-15,645,648,638,646,
2000-09-18,658,658,644,649,
2000-09-19,647,647,640,643,
2000-09-20,638,640,635,637,
2000-09-21,627,632,625,629,
2000-09-22,626,628,613,621,
2000-09-25,621,623,615,615,756.0
2000-09-26,609,614,609,612,
2000-09-27,612,614,604,607,
2000-09-28,604,608,603,603,
2000-09-29,605,611,598,611,
2000-10-02,607,607,603,606,570.0
2000-10-03,606,614,601,612,
2000-10-04,616,621,613,618,
2000-10-05,632,645,627,639,
2000-10-06,640,641,630,632,
2000-10-09,635,635,623,629,
2000-10-10,627,642,625,638,
2000-10-11,639,644,622,630,
2000-10-12,628,628,618,619,
2000-10-13,614,626,611,622,
2000-10-16,620,624,615,623,989.0
2000-10-17,620,629,617,626,898.0
2000-10-18,628,629,623,625,
2000-10-19,626,626,620,624,700.0
2000-10-20,624,624,610,611,
2000-10-23,607,610,604,605,
2000-10-24,604,617,603,617,
2000-10-25,628,635,601,608,
2000-10-26,609,620,608,612,
2000-10-27,610,610,590,591,
2000-10-30,585,590,581,582,
2000-10-31,582,586,580,586,
2000-11-01,587,587,581,582,661.0
2000-11-02,581,591,581,589,
2000-11-03,591,593,582,583,853.0
2000-11-06,582,586,579,582,
2000-11-07,582,584,577,584,
2000-11-08,585,587,580,582,
2000-11-09,580,584,579,583,403.0
2000-11-10,580,583,576,576,975.0
2000-11-13,575,575,556,561,
2000-11-14,558,565,556,560,
2000-11-15,562,565,558,562,
2000-11-16,563,564,560,560,
2000-11-17,558,562,557,560,
2000-11-20,559,560,552,555,444.0
2000-11-21,557,557,546,550,
2000-11-22,549,551,548,548,
2000-11-23,550,551,544,545,
2000-11-24,546,546,541,541,307.0
2000-11-27,543,545,538,540,773.0
2000-11-28,540,547,536,540,
2000-11-29,541,550,541,545,779.0
2000-11-30,546,560,546,560,
2000-12-01,553,560,550,551,
2000-12-04,551,555,549,554,
2000-12-05,555,559,552,557,
2000-12-06,555,557,553,554,
2000-12-07,551,558,549,558,
2000-12-08,555,557,551,552,
2000-12-11,550,550,537,538,
2000-12-12,534,537,533,534,
2000-12-13,553,562,553,558,
2000-12-14,558,565,557,558,
2000-12-15,560,566,558,561,
2000-12-18,560,562,558,559,
2000-12-19,560,560,557,559,
2000-12-20,562,570,560,569,
2000-12-21,575,608,575,592,
2000-12-22,595,597,588,588,
2000-12-27,591,591,584,588,
2000-12-28,590,590,584,586,
2000-12-29,586,586,578,582,
2001-01-02,581,589,580,587,
2001-01-03,588,590,579,580,
2001-01-04,575,584,574,584,
2001-01-05,587,620,585,616,
2001-01-08,627,636,622,624,
2001-01-09,623,629,620,622,
2001-01-10,619,625,614,616,
2001-01-11,620,640,619,634,
2001-01-12,645,670,642,661,
2001-01-15,665,692,665,690,
2001-01-16,684,693,680,693,
2001-01-17,700,719,690,716,
2001-01-18,741,786,730,766,
2001-01-19,751,760,722,730,
2001-01-22,743,760,729,754,546.0
2001-01-23,760,780,751,752,
2001-01-24,765,777,763,770,
2001-01-25,770,803,769,785,
2001-01-26,783,809,782,808,652.0
2001-01-29,829,835,823,834,
2001-01-30,816,829,812,824,
2001-01-31,833,833,800,800,
2001-02-01,802,810,786,809,
2001-02-02,815,815,794,811,
2001-02-05,808,811,787,805,
2001-02-06,812,833,812,828,524.0
2001-02-07,838,840,815,818,
2001-02-08,817,820,805,810,
2001-02-09,801,812,797,806,360.0
2001-02-12,817,826,811,822,
2001-02-13,824,844,824,844,429.0
2001-02-14,850,854,839,849,582.0
2001-02-15,846,847,837,842,
2001-02-16,843,880,843,879,
2001-02-19,884,908,884,907,
2001-02-20,907,934,907,918,
2001-02-21,910,931,896,931,
2001-02-22,944,957,936,934,
2001-02-23,930,930,920,925,
2001-02-26,916,916,871,881,
2001-02-27,874,895,874,881,812.0
2001-02-28,886,915,886,910,
2001-03-01,906,911,900,905,908.0
2001-03-02,890,894,878,889,802.0
2001-03-05,941,952,912,919,
2001-03-06,912,920,875,886,
2001-03-07,875,882,855,882,
2001-03-08,885,891,870,869,217.0
2001-03-09,880,880,865,877,335.0
2001-03-12,882,885,850,850,
2001-03-13,845,845,825,842,926.0
2001-03-14,846,847,820,820,940.0
2001-03-15,820,812,800,800,
2001-03-16,788,789,778,788,907.0
2001-03-19,795,795,778,785,
2001-03-20,780,782,766,773,
2001-03-21,765,770,741,741,
2001-03-22,744,797,742,795,
2001-03-23,796,815,785,814,
2001-03-26,813,839,808,833,
2001-03-27,828,834,820,830,
2001-03-28,822,826,810,821,
2001-03-29,821,842,821,825,
2001-03-30,840,855,835,851,
2001-04-02,850,868,838,844,
2001-04-03,842,850,825,830,
2001-04-04,827,836,809,811,771.0
2001-04-05,810,825,810,811,
2001-04-06,807,819,807,817,702.0
2001-04-09,812,821,788,792,494.0
2001-04-10,785,795,780,788,388.0
2001-04-11,785,792,775,792,900.0
2001-04-12,805,812,793,797,937.0
2001-04-17,782,786,767,769,584.0
2001-04-18,779,783,765,776,805.0
2001-04-19,778,778,749,754,
2001-04-20,751,772,749,772,
2001-04-23,770,775,759,773,586.0
2001-04-24,770,772,767,771,440.0
2001-04-25,769,785,768,777,
2001-04-26,781,786,776,786,731.0
2001-04-27,790,790,779,780,923.0
2001-04-30,775,775,764,764,319.0
2001-05-01,764,765,755,759,541.0
2001-05-02,754,759,745,746,726.0
2001-05-03,750,759,749,758,
2001-05-04,759,759,749,751,223.0
2001-05-08,758,792,755,789,
2001-05-09,796,814,782,788,
2001-05-10,790,805,788,799,
2001-05-11,805,814,800,803,
2001-05-14,798,803,794,796,
2001-05-15,795,797,792,796,881.0
2001-05-16,857,879,853,873,
2001-05-17,875,875,848,850,
2001-05-18,850,855,850,850,866.0
2001-05-21,860,861,848,848,492.0
2001-05-22,841,848,824,830,
2001-05-23,825,847,820,843,669.0
2001-05-24,845,849,829,830,217.0
2001-05-25,824,824,787,792,
2001-05-28,792,792,792,792,0.0
2001-05-29,788,795,782,783,
2001-05-30,780,783,731,739,
2001-05-31,741,750,733,740,
2001-06-01,730,743,710,733,
2001-06-04,728,735,718,727,353.0
2001-06-05,722,734,720,733,
2001-06-06,735,748,735,743,463.0
2001-06-07,731,751,712,720,
2001-06-08,712,735,711,726,853.0
2001-06-11,726,739,725,739,128.0
2001-06-12,725,732,718,724,387.0
2001-06-13,725,739,723,738,424.0
2001-06-14,739,747,719,727,409.0
2001-06-15,728,734,718,728,681.0
2001-06-18,722,735,719,730,
2001-06-19,726,728,710,711,594.0
2001-06-20,705,705,681,686,888.0
2001-06-21,680,692,668,681,592.0
2001-06-22,692,704,689,697,772.0
2001-06-25,689,689,671,679,433.0
2001-06-26,689,701,686,696,326.0
2001-06-27,699,710,692,707,
2001-06-28,706,729,705,715,
2001-06-29,710,738,709,735,999.0
2001-07-02,738,746,725,730,427.0
2001-07-03,725,730,717,728,307.0
2001-07-04,720,726,720,720,139.0
2001-07-05,728,728,718,721,314.0
2001-07-06,730,732,722,729,497.0
2001-07-09,729,729,699,709,527.0
2001-07-10,709,709,685,690,598.0
2001-07-11,688,692,680,690,
2001-07-12,690,691,675,675,
2001-07-13,674,684,672,684,
2001-07-16,688,688,674,677,
2001-07-17,686,697,686,690,907.0
2001-07-18,685,688,677,680,339.0
2001-07-19,682,704,682,702,
2001-07-20,704,710,697,707,
2001-07-23,708,708,687,699,718.0
2001-07-24,700,700,688,695,860.0
2001-07-25,695,699,690,694,
2001-07-26,694,694,690,692,845.0
2001-07-27,693,693,670,678,
2001-07-30,675,685,672,684,485.0
2001-07-31,681,704,681,703,
2001-08-01,703,720,689,691,
2001-08-02,688,694,680,691,
2001-08-03,691,708,690,694,728.0
2001-08-06,698,731,698,725,
2001-08-07,730,749,721,738,
2001-08-08,742,743,730,736,987.0
2001-08-09,740,752,734,751,
2001-08-10,751,753,737,741,
2001-08-13,748,748,734,742,555.0
2001-08-14,743,746,735,740,379.0
2001-08-15,745,750,742,748,354.0
2001-08-16,748,753,739,750,624.0
2001-08-17,748,748,734,740,289.0
2001-08-20,733,735,726,734,311.0
2001-08-21,730,731,721,725,631.0
2001-08-22,720,724,715,724,498.0
2001-08-23,730,732,709,710,552.0
2001-08-24,710,716,707,716,519.0
2001-08-28,715,720,707,715,
2001-08-29,719,719,697,698,561.0
2001-08-30,699,699,680,684,
2001-08-31,681,690,675,686,817.0
2001-09-03,679,680,673,677,140.0
2001-09-04,674,675,659,668,
2001-09-05,671,671,641,648,
2001-09-06,651,663,648,657,756.0
2001-09-07,657,667,657,664,
2001-09-10,668,675,663,666,
2001-09-11,664,682,662,681,
2001-09-12,685,698,680,681,
2001-09-13,675,683,675,691,283.0
2001-09-14,705,711,701,710,
2001-09-17,712,720,700,707,815.0
2001-09-18,709,709,700,703,
2001-09-19,705,715,705,714,
2001-09-20,715,758,715,747,
2001-09-21,748,751,732,743,
2001-09-24,740,745,731,740,
2001-09-25,740,742,733,738,928.0
2001-09-26,734,748,733,745,
2001-09-27,745,779,740,766,
2001-09-28,770,798,767,795,
2001-10-01,794,807,785,795,
2001-10-02,797,797,775,794,
2001-10-03,794,800,774,799,
2001-10-04,800,819,800,818,
2001-10-05,818,818,798,809,
2001-10-08,809,809,780,780,
2001-10-09,775,775,754,755,
2001-10-10,755,771,748,769,
2001-10-11,769,779,765,767,
2001-10-12,766,766,752,756,
2001-10-15,747,755,747,750,
2001-10-16,748,769,746,759,
2001-10-17,757,786,757,781,
2001-10-18,783,785,750,769,
2001-10-19,767,773,755,755,
2001-10-22,752,752,740,743,
2001-10-23,742,760,740,755,
2001-10-24,754,760,747,747,
2001-10-25,743,749,735,736,
2001-10-26,735,743,731,737,
2001-10-29,735,738,727,727,
2001-10-30,728,734,728,730,
2001-10-31,729,744,729,743,
2001-11-01,741,746,735,743,
2001-11-02,743,745,730,733,
2001-11-05,731,736,727,731,
2001-11-06,727,731,726,730,
2001-11-07,729,774,728,771,
2001-11-08,773,840,762,836,
2001-11-09,837,858,822,844,
2001-11-12,843,844,830,840,
2001-11-13,845,888,838,888,
2001-11-14,890,912,866,884,
2001-11-15,882,909,872,906,
2001-11-16,906,941,900,928,
2001-11-19,932,952,930,946,
2001-11-20,946,948,917,935,
2001-11-21,930,945,921,934,
2001-11-22,934,945,934,935,991.0
2001-11-23,932,941,927,936,993.0
2001-11-26,937,969,934,958,
2001-11-27,967,972,940,949,
2001-11-28,949,959,943,951,
2001-11-29,952,990,952,984,
2001-11-30,991,1001,971,980,989.0
2001-12-03,970,970,956,960,
2001-12-04,960,960,936,940,
2001-12-05,933,948,930,946,781.0
2001-12-06,950,971,950,950,
2001-12-07,940,940,918,920,
2001-12-10,910,910,890,896,
2001-12-11,888,951,888,953,
2001-12-12,969,969,959,963,802.0
2001-12-13,960,986,960,977,
2001-12-14,978,1000,978,990,
2001-12-17,986,1000,984,986,
2001-12-18,988,995,977,978,
2001-12-19,980,980,956,962,
2001-12-20,962,970,953,959,
2001-12-21,958,964,955,963,
2001-12-27,960,971,954,970,
2001-12-28,968,985,962,973,
2002-01-02,980,982,963,975,
2002-01-03,971,974,957,970,
2002-01-04,968,1029,960,1026,
2002-01-07,1036,1044,1024,1041,
2002-01-08,1043,1044,1017,1027,
2002-01-09,1023,1036,1014,1035,
2002-01-10,1034,1048,1014,1015,
2002-01-11,1012,1023,1005,1007,
2002-01-14,1005,1005,941,967,
2002-01-15,962,981,944,981,
2002-01-16,981,1010,976,1000,
2002-01-17,998,1007,988,990,
2002-01-18,992,992,964,974,
2002-01-21,971,976,966,971,450.0
2002-01-22,970,1008,969,1000,
2002-01-23,1007,1025,1003,1023,
2002-01-24,1023,1029,1001,1005,
2002-01-25,1001,1021,991,1021,
2002-01-28,1027,1041,1019,1022,
2002-01-29,1018,1022,1008,1021,
2002-01-30,1020,1037,1020,1036,
2002-01-31,1038,1040,1016,1024,
2002-02-01,1023,1030,1017,1024,
2002-02-04,1024,1062,1022,1059,
2002-02-05,1058,1068,1040,1045,
2002-02-06,1049,1065,1047,1062,
2002-02-07,1062,1095,1061,1093,
2002-02-08,1096,1112,1090,1105,
2002-02-11,1102,1116,1091,1115,
2002-02-12,1118,1118,1094,1103,
2002-02-13,1103,1105,1092,1093,
2002-02-14,1096,1103,1082,1095,
2002-02-15,1099,1109,1093,1105,
2002-02-18,1098,1105,1095,1104,
2002-02-19,1102,1104,1080,1085,
2002-02-20,1085,1085,1059,1065,
2002-02-21,1064,1086,1059,1065,825.0
2002-02-22,1066,1084,1064,1084,430.0
2002-02-25,1081,1109,1078,1107,671.0
2002-02-26,1107,1126,1107,1120,
2002-02-27,1112,1119,1105,1110,
2002-02-28,1108,1118,1103,1118,
2002-03-01,1115,1143,1105,1142,
2002-03-04,1143,1152,1138,1140,
2002-03-05,1135,1140,1124,1130,
2002-03-06,1130,1139,1128,1134,
2002-03-07,1136,1159,1134,1159,
2002-03-08,1160,1172,1158,1165,
2002-03-11,1166,1182,1150,1177,
2002-03-12,1170,1202,1170,1194,
2002-03-13,1193,1194,1181,1188,672.0
2002-03-14,1228,1236,1222,1232,
2002-03-15,1233,1233,1224,1229,
2002-03-18,1222,1229,1206,1217,
2002-03-19,1216,1222,1208,1208,612.0
2002-03-20,1214,1214,1189,1190,
2002-03-21,1185,1200,1183,1190,692.0
2002-03-22,1190,1215,1190,1215,
2002-03-25,1215,1221,1180,1184,
2002-03-26,1183,1183,1166,1170,
2002-03-27,1170,1194,1167,1190,
2002-03-28,1194,1202,1186,1191,
2002-04-02,1197,1197,1178,1180,
2002-04-03,1175,1175,1166,1171,
2002-04-04,1171,1190,1170,1186,
2002-04-05,1185,1221,1184,1218,
2002-04-08,1213,1221,1181,1183,
2002-04-09,1180,1183,1147,1168,
2002-04-10,1164,1172,1143,1151,
2002-04-11,1148,1156,1148,1151,616.0
2002-04-12,1153,1178,1148,1175,877.0
2002-04-15,1175,1177,1163,1165,
2002-04-16,1166,1169,1158,1167,
2002-04-17,1162,1194,1162,1190,
2002-04-18,1192,1200,1186,1190,
2002-04-19,1195,1195,1174,1189,921.0
2002-04-22,1189,1196,1175,1195,
2002-04-23,1195,1208,1195,1205,
2002-04-24,1209,1209,1192,1197,581.0
2002-04-25,1194,1196,1185,1194,
2002-04-26,1194,1199,1187,1196,528.0
2002-04-29,1197,1197,1178,1183,373.0
2002-04-30,1183,1203,1161,1196,
2002-05-01,1191,1191,1168,1173,454.0
2002-05-02,1170,1187,1169,1184,387.0
2002-05-03,1179,1186,1159,1182,
2002-05-06,1182,1182,1182,1182,0.0
2002-05-07,1165,1178,1163,1163,
2002-05-08,1165,1181,1165,1178,
2002-05-09,1173,1185,1167,1184,
2002-05-10,1185,1185,1173,1172,769.0
2002-05-13,1170,1191,1167,1190,
2002-05-14,1191,1206,1190,1202,
2002-05-15,1202,1207,1192,1205,
2002-05-16,1206,1234,1206,1231,893.0
2002-05-17,1277,1292,1268,1278,
2002-05-20,1269,1277,1265,1272,585.0
2002-05-21,1273,1286,1272,1282,
2002-05-22,1285,1288,1255,1265,
2002-05-23,1265,1274,1251,1269,
2002-05-24,1270,1275,1259,1261,
2002-05-27,1261,1261,1252,1258,998.0
2002-05-28,1259,1278,1257,1275,
2002-05-29,1267,1299,1267,1294,
2002-05-30,1296,1304,1290,1304,
2002-05-31,1306,1318,1295,1298,
2002-06-03,1298,1298,1298,1298,0.0
2002-06-04,1298,1298,1298,1298,0.0
2002-06-05,1293,1305,1274,1286,
2002-06-06,1286,1286,1275,1277,
2002-06-07,1277,1285,1269,1275,955.0
2002-06-10,1275,1276,1215,1224,
2002-06-11,1225,1238,1212,1237,
2002-06-12,1240,1270,1240,1260,
2002-06-13,1259,1266,1250,1257,
2002-06-14,1258,1262,1249,1253,
2002-06-17,1253,1271,1240,1265,
2002-06-18,1268,1273,1263,1264,490.0
2002-06-19,1265,1279,1264,1276,560.0
2002-06-20,1280,1306,1270,1300,960.0
2002-06-21,1302,1322,1302,1316,859.0
2002-06-24,1318,1331,1312,1331,807.0
2002-06-25,1334,1336,1323,1335,932.0
2002-06-26,1335,1340,1323,1339,428.0
2002-06-27,1334,1348,1320,1347,
2002-06-28,1341,1350,1334,1347,
2002-07-01,1336,1354,1328,1355,962.0
2002-07-02,1355,1375,1355,1373,
2002-07-03,1375,1385,1375,1383,
2002-07-04,1386,1400,1379,1400,348.0
2002-07-05,1400,1405,1396,1405,533.0
2002-07-08,1398,1420,1398,1406,
2002-07-09,1411,1426,1404,1430,867.0
2002-07-10,1429,1451,1429,1450,
2002-07-11,1450,1475,1445,1468,
2002-07-12,1467,1473,1403,1407,
2002-07-15,1404,1428,1391,1423,
2002-07-16,1430,1451,1425,1449,353.0
2002-07-17,1395,1395,1360,1370,
2002-07-18,1370,1379,1359,1366,819.0
2002-07-19,1367,1403,1353,1389,
2002-07-22,1384,1408,1384,1399,888.0
2002-07-23,1395,1395,1370,1375,
2002-07-24,1370,1370,1343,1351,
2002-07-25,1355,1405,1346,1400,
2002-07-26,1397,1423,1381,1405,
2002-07-29,1394,1400,1382,1390,285.0
2002-07-30,1395,1402,1380,1380,
2002-07-31,1380,1409,1378,1403,
2002-08-01,1398,1409,1370,1378,
2002-08-02,1373,1373,1290,1309,
2002-08-05,1310,1323,1294,1311,
2002-08-06,1314,1335,1311,1331,
2002-08-07,1331,1355,1330,1355,
2002-08-08,1354,1354,1340,1350,
2002-08-09,1346,1382,1340,1357,
2002-08-12,1354,1365,1348,1358,480.0
2002-08-13,1365,1373,1359,1366,
2002-08-14,1366,1366,1350,1359,470.0
2002-08-15,1359,1376,1356,1376,
2002-08-16,1378,1386,1369,1371,
2002-08-19,1372,1393,1367,1390,
2002-08-20,1395,1410,1392,1399,613.0
2002-08-21,1403,1420,1372,1406,
2002-08-22,1407,1411,1397,1410,860.0
2002-08-23,1410,1416,1388,1400,
2002-08-26,1400,1400,1400,1400,0.0
2002-08-27,1380,1388,1375,1388,648.0
2002-08-28,1388,1393,1378,1389,
2002-08-29,1395,1407,1394,1404,671.0
2002-08-30,1402,1414,1397,1406,
2002-09-02,1404,1407,1400,1401,
2002-09-03,1400,1400,1349,1364,
2002-09-04,1370,1380,1357,1381,
2002-09-05,1381,1400,1375,1388,
2002-09-06,1381,1398,1378,1398,513.0
2002-09-09,1400,1408,1396,1400,720.0
2002-09-10,1397,1398,1376,1389,866.0
2002-09-11,1384,1398,1380,1398,
2002-09-12,1400,1405,1393,1399,
2002-09-13,1394,1397,1381,1385,504.0
2002-09-16,1410,1450,1410,1443,
2002-09-17,1443,1458,1443,1451,
2002-09-18,1452,1467,1446,1455,
2002-09-19,1470,1490,1462,1478,
2002-09-20,1480,1485,1468,1477,
2002-09-23,1482,1498,1468,1480,
2002-09-24,1485,1488,1460,1476,
2002-09-25,1472,1512,1472,1493,
2002-09-26,1488,1499,1480,1499,
2002-09-27,1499,1520,1499,1510,
2002-09-30,1512,1528,1505,1519,
2002-10-01,1520,1520,1505,1515,
2002-10-02,1516,1518,1504,1518,
2002-10-03,1515,1531,1513,1524,
2002-10-04,1514,1530,1495,1530,
2002-10-07,1540,1555,1538,1540,
2002-10-08,1549,1556,1542,1555,
2002-10-09,1558,1592,1558,1582,
2002-10-10,1580,1615,1575,1605,
2002-10-11,1609,1635,1585,1593,
2002-10-14,1628,1636,1606,1613,
2002-10-15,1615,1617,1550,1586,
2002-10-16,1586,1600,1448,1454,
2002-10-17,1490,1505,1445,1454,
2002-10-18,1444,1444,1330,1350,
2002-10-21,1349,1366,1312,1348,
2002-10-22,1351,1405,1350,1399,
2002-10-23,1410,1445,1410,1424,
2002-10-24,1420,1425,1390,1422,
2002-10-25,1424,1425,1401,1409,
2002-10-28,1400,1400,1358,1363,
2002-10-29,1350,1350,1284,1304,
2002-10-30,1305,1329,1295,1309,
2002-10-31,1312,1319,1294,1298,
2002-11-01,1290,1291,1266,1270,
2002-11-04,1254,1259,1192,1213,
2002-11-05,1215,1235,1199,1206,
2002-11-06,1197,1264,1184,1259,
2002-11-07,1263,1284,1243,1247,
2002-11-08,1244,1244,1215,1219,
2002-11-11,1216,1230,1188,1192,
2002-11-12,1188,1188,1145,1149,
2002-11-13,1145,1155,1132,1135,
2002-11-14,1137,1177,1135,1136,
2002-11-15,1134,1151,1131,1141,
2002-11-18,1141,1170,1140,1153,
2002-11-19,1153,1162,1141,1143,
2002-11-20,1144,1149,1136,1141,
2002-11-21,1141,1146,1123,1139,
2002-11-22,1142,1142,1130,1131,
2002-11-25,1126,1129,1093,1120,
2002-11-26,1120,1121,1097,1111,
2002-11-27,1112,1165,1107,1140,
2002-11-28,1142,1156,1139,1149,
2002-11-29,1154,1179,1143,1173,
2002-12-02,1191,1210,1159,1160,
2002-12-03,1159,1195,1158,1191,
2002-12-04,1200,1207,1187,1193,
2002-12-05,1191,1223,1185,1214,
2002-12-06,1215,1255,1215,1241,
2002-12-09,1270,1311,1259,1312,
2002-12-10,1334,1360,1314,1340,
2002-12-11,1333,1333,1294,1305,
2002-12-12,1300,1321,1300,1307,423.0
2002-12-13,1340,1353,1331,1340,
2002-12-16,1347,1349,1319,1328,
2002-12-17,1327,1343,1309,1341,
2002-12-18,1343,1352,1333,1340,
2002-12-19,1335,1349,1329,1340,
2002-12-20,1340,1342,1333,1334,
2002-12-23,1336,1340,1318,1327,
2002-12-24,1324,1324,1308,1318,
2002-12-27,1314,1314,1295,1295,
2002-12-30,1295,1295,1279,1285,
2002-12-31,1282,1290,1280,1287,
2003-01-02,1290,1365,1289,1349,
2003-01-03,1355,1385,1355,1375,
2003-01-06,1375,1393,1357,1392,
2003-01-07,1393,1400,1381,1390,
2003-01-08,1389,1390,1319,1338,
2003-01-09,1335,1382,1317,1365,
2003-01-10,1372,1372,1352,1358,
2003-01-13,1345,1360,1317,1322,
2003-01-14,1319,1336,1311,1314,
2003-01-15,1310,1330,1310,1321,
2003-01-16,1319,1370,1319,1357,
2003-01-17,1358,1367,1346,1351,
2003-01-20,1350,1353,1341,1351,841.0
2003-01-21,1350,1358,1342,1356,
2003-01-22,1356,1359,1342,1354,
2003-01-23,1361,1393,1350,1380,
2003-01-24,1350,1364,1343,1350,
2003-01-27,1353,1385,1353,1376,
2003-01-28,1383,1420,1383,1419,
2003-01-29,1439,1461,1423,1438,
2003-01-30,1439,1454,1420,1454,
2003-01-31,1460,1478,1450,1473,
2003-02-03,1473,1484,1442,1458,
2003-02-04,1451,1483,1449,1468,
2003-02-05,1466,1469,1448,1458,
2003-02-06,1458,1461,1415,1419,
2003-02-07,1417,1479,1411,1470,
2003-02-10,1483,1483,1445,1454,
2003-02-11,1454,1454,1437,1438,
2003-02-12,1442,1462,1423,1457,
2003-02-13,1455,1469,1447,1454,
2003-02-14,1454,1493,1454,1486,
2003-02-17,1493,1493,1469,1476,
2003-02-18,1475,1475,1455,1464,
2003-02-19,1460,1479,1460,1471,
2003-02-20,1470,1472,1337,1368,
2003-02-21,1370,1371,1326,1364,
2003-02-24,1362,1383,1362,1380,
2003-02-25,1375,1378,1289,1298,
2003-02-26,1294,1333,1268,1330,
2003-02-27,1326,1349,1326,1340,
2003-02-28,1340,1355,1330,1338,
2003-03-03,1342,1356,1286,1284,681.0
2003-03-04,1279,1313,1270,1303,
2003-03-05,1305,1320,1291,1304,
2003-03-06,1296,1317,1272,1292,
2003-03-07,1287,1317,1274,1315,
2003-03-10,1308,1324,1278,1307,
2003-03-11,1294,1305,1285,1292,
2003-03-12,1281,1298,1244,1295,
2003-03-13,1295,1295,1277,1284,
2003-03-14,1278,1278,1263,1266,220.0
2003-03-17,1300,1305,1280,1304,
2003-03-18,1292,1358,1292,1354,
2003-03-19,1346,1356,1323,1325,
2003-03-20,1321,1330,1284,1323,
2003-03-21,1317,1335,1293,1305,
2003-03-24,1294,1304,1271,1273,
2003-03-25,1261,1275,1251,1267,
2003-03-26,1257,1261,1236,1243,
2003-03-27,1241,1275,1237,1248,
2003-03-28,1241,1255,1239,1239,
2003-03-31,1239,1263,1239,1256,
2003-04-01,1256,1268,1246,1250,
2003-04-02,1250,1274,1249,1270,
2003-04-03,1274,1274,1251,1253,
2003-04-04,1249,1262,1242,1255,
2003-04-07,1274,1277,1262,1274,
2003-04-08,1273,1305,1271,1296,
2003-04-09,1296,1304,1282,1289,
2003-04-10,1280,1282,1246,1250,
2003-04-11,1254,1261,1210,1215,
2003-04-14,1213,1225,1198,1212,
2003-04-15,1204,1220,1183,1203,
2003-04-16,1203,1222,1187,1207,
2003-04-17,1203,1212,1188,1210,812.0
2003-04-22,1212,1255,1205,1255,
2003-04-23,1254,1254,1193,1208,
2003-04-24,1195,1223,1195,1220,
2003-04-25,1210,1240,1205,1236,
2003-04-28,1236,1236,1218,1227,569.0
2003-04-29,1223,1250,1218,1240,
2003-04-30,1234,1248,1233,1236,
2003-05-01,1228,1239,1220,1232,182.0
2003-05-02,1225,1242,1211,1219,
2003-05-05,1219,1219,1219,1219,0.0
2003-05-06,1180,1195,1174,1188,
2003-05-07,1179,1194,1160,1168,
2003-05-08,1163,1176,1156,1162,866.0
2003-05-09,1159,1180,1157,1161,
2003-05-12,1158,1164,1146,1148,
2003-05-13,1145,1147,1105,1107,
2003-05-14,1082,1096,1082,1096,798.0
2003-05-15,1118,1120,1090,1100,
2003-05-16,1090,1120,1087,1116,
2003-05-19,1107,1114,1059,1073,
2003-05-20,1059,1079,1006,1036,
2003-05-21,1036,1036,989,1031,
2003-05-22,1026,1073,1024,1068,
2003-05-23,1068,1073,1046,1072,
2003-05-26,1072,1072,1072,1072,0.0
2003-05-27,1059,1060,1003,1005,
2003-05-28,1004,1028,997,1015,
2003-05-29,1016,1025,960,970,
2003-05-30,970,997,969,974,
2003-06-02,960,1009,945,1008,
2003-06-03,1004,1013,987,987,
2003-06-04,985,1003,974,987,
2003-06-05,985,999,953,958,
2003-06-06,958,969,951,954,
2003-06-09,958,959,947,957,867.0
2003-06-10,958,970,938,947,
2003-06-11,945,956,940,953,
2003-06-12,953,965,942,953,
2003-06-13,956,960,930,933,
2003-06-16,930,966,929,933,
2003-06-17,933,970,930,965,
2003-06-18,966,1000,961,962,
2003-06-19,961,980,928,920,
2003-06-20,925,973,925,973,206.0
2003-06-23,963,989,958,963,
2003-06-24,962,970,955,959,
2003-06-25,961,979,959,967,
2003-06-26,974,979,964,974,
2003-06-27,976,1007,976,1000,
2003-06-30,1005,1021,1002,1020,584.0
2003-07-01,1021,1022,984,1007,
2003-07-02,1008,1012,985,1012,643.0
2003-07-03,1018,1018,996,1008,507.0
2003-07-04,1008,1020,1008,1020,384.0
2003-07-07,1020,1040,1014,1030,350.0
2003-07-08,1037,1037,1022,1022,
2003-07-09,1021,1026,995,996,
2003-07-10,995,998,960,967,395.0
2003-07-11,963,971,951,967,
2003-07-14,956,957,944,950,
2003-07-15,949,961,945,949,
2003-07-16,940,952,939,953,616.0
2003-07-17,989,1006,976,1006,
2003-07-18,998,1004,956,957,
2003-07-21,961,968,946,949,
2003-07-22,949,949,924,926,
2003-07-23,924,944,919,938,
2003-07-24,940,953,930,939,
2003-07-25,939,950,935,947,
2003-07-28,947,950,917,922,
2003-07-29,921,943,908,942,
2003-07-30,945,948,933,944,
2003-07-31,940,948,932,938,
2003-08-01,938,938,927,932,
2003-08-04,932,939,921,935,
2003-08-05,939,939,924,927,
2003-08-06,925,960,915,921,
2003-08-07,923,938,923,928,
2003-08-08,927,945,927,934,
2003-08-11,933,947,928,945,
2003-08-12,946,955,931,934,
2003-08-13,931,945,931,943,
2003-08-14,943,945,932,940,
2003-08-15,945,945,934,943,
2003-08-18,940,970,938,960,
2003-08-19,965,976,953,955,
2003-08-20,955,979,952,974,
2003-08-21,983,1015,982,1011,
2003-08-22,1015,1039,1006,1037,
2003-08-25,1037,1037,1037,1037,0.0
2003-08-26,1057,1101,1057,1098,
2003-08-27,1107,1107,1075,1082,699.0
2003-08-28,1089,1130,1088,1130,
2003-08-29,1135,1135,1099,1132,
2003-09-01,1126,1126,1107,1115,917.0
2003-09-02,1111,1112,1080,1102,
2003-09-03,1087,1090,1060,1063,
2003-09-04,1052,1083,1052,1083,
2003-09-05,1084,1091,1070,1073,800.0
2003-09-08,1073,1079,1057,1074,
2003-09-09,1074,1081,1052,1053,
2003-09-10,1051,1053,1027,1032,
2003-09-11,1030,1030,998,972,900.0
2003-09-12,971,982,945,964,
2003-09-15,949,962,949,963,85.0
2003-09-16,986,990,965,969,
2003-09-17,968,989,968,984,
2003-09-18,984,984,944,957,
2003-09-19,955,979,948,967,
2003-09-22,967,969,945,955,
2003-09-23,952,1008,950,1001,
2003-09-24,999,1019,973,1017,
2003-09-25,1020,1075,1018,1022,
2003-09-26,1016,1017,973,988,
2003-09-29,988,995,975,992,
2003-09-30,995,1015,981,1013,
2003-10-01,1004,1007,954,969,
2003-10-02,972,977,949,957,
2003-10-03,953,968,952,963,
2003-10-06,959,975,948,958,
2003-10-07,955,972,948,964,
2003-10-08,962,975,908,912,
2003-10-09,911,924,909,922,
2003-10-10,923,936,904,916,
2003-10-13,907,935,897,925,
2003-10-14,923,923,895,896,
2003-10-15,893,920,883,905,
2003-10-16,910,910,885,891,
2003-10-17,891,900,839,850,
2003-10-20,855,867,841,856,
2003-10-21,856,874,854,864,
2003-10-22,865,871,835,844,
2003-10-23,850,867,844,849,
2003-10-24,845,859,844,859,
2003-10-27,858,867,845,851,
2003-10-28,847,861,842,844,
2003-10-29,842,854,841,852,
2003-10-30,851,859,842,847,
2003-10-31,844,864,840,850,
2003-11-03,844,853,838,851,
2003-11-04,847,863,847,861,
2003-11-05,855,885,855,873,
2003-11-06,870,881,865,877,
2003-11-07,876,901,870,898,
2003-11-10,897,897,866,870,
2003-11-11,875,889,870,888,
2003-11-12,890,925,880,911,
2003-11-13,911,932,902,925,
2003-11-14,925,948,920,940,
2003-11-17,948,948,920,921,
2003-11-18,918,937,903,907,
2003-11-19,905,928,905,921,
2003-11-20,917,929,912,912,
2003-11-21,909,915,877,878,
2003-11-24,882,883,870,879,
2003-11-25,878,884,849,853,
2003-11-26,857,863,848,855,824.0
2003-11-27,854,863,848,857,
2003-11-28,857,869,856,868,918.0
2003-12-01,877,910,875,899,
2003-12-02,899,916,888,890,
2003-12-03,896,915,890,910,
2003-12-04,912,935,912,931,
2003-12-05,931,931,907,920,
2003-12-08,912,930,905,926,
2003-12-09,925,984,924,984,
2003-12-10,984,1007,967,962,
2003-12-11,968,979,937,944,
2003-12-12,960,970,952,950,840.0
2003-12-15,983,990,961,962,
2003-12-16,960,960,920,925,
2003-12-17,919,944,914,934,
2003-12-18,934,950,923,934,
2003-12-19,939,939,916,924,
2003-12-22,922,934,910,914,
2003-12-23,910,914,903,906,
2003-12-24,905,911,897,908,
2003-12-29,907,908,893,900,
2003-12-30,902,903,890,891,
2003-12-31,890,894,888,893,
2004-01-02,885,885,856,859,
2004-01-05,856,863,838,851,
2004-01-06,849,892,845,885,
2004-01-07,880,983,872,933,
2004-01-08,934,948,913,918,
2004-01-09,918,962,911,943,
2004-01-12,943,946,925,938,
2004-01-13,942,942,916,922,
2004-01-14,926,926,898,906,
2004-01-15,907,927,901,907,
2004-01-16,914,938,911,925,
2004-01-19,922,952,921,947,
2004-01-20,939,957,920,922,
2004-01-21,925,943,925,942,
2004-01-22,941,962,941,961,
2004-01-23,963,965,921,930,
2004-01-26,930,938,916,934,
2004-01-27,934,939,921,923,
2004-01-28,920,920,876,879,
2004-01-29,878,908,852,907,
2004-01-30,915,921,893,905,
2004-02-02,909,918,884,899,
2004-02-03,887,955,887,945,
2004-02-04,947,956,925,931,
2004-02-05,929,944,926,940,
2004-02-06,940,940,891,898,
2004-02-09,888,910,879,888,
2004-02-10,884,892,865,888,
2004-02-11,885,886,873,881,
2004-02-12,882,887,873,883,
2004-02-13,878,893,856,880,
2004-02-16,874,876,862,872,
2004-02-17,869,883,864,875,
2004-02-18,874,878,860,860,
2004-02-19,860,860,832,844,
2004-02-20,840,841,821,831,
2004-02-23,826,837,821,831,936.0
2004-02-24,829,842,826,841,418.0
2004-02-25,845,862,837,862,
2004-02-26,862,918,862,914,
2004-02-27,914,951,898,903,
2004-03-01,904,904,864,881,
2004-03-02,884,885,863,875,
2004-03-03,876,876,842,856,
2004-03-04,845,856,834,847,
2004-03-05,847,853,826,829,690.0
2004-03-08,821,838,820,828,
2004-03-09,826,826,805,823,
2004-03-10,826,826,809,812,
2004-03-11,815,830,815,825,
2004-03-12,837,837,812,822,
2004-03-15,831,838,820,834,
2004-03-16,835,837,828,826,146.0
2004-03-17,845,852,820,830,
2004-03-18,831,859,824,841,
2004-03-19,839,844,829,840,841.0
2004-03-22,843,858,842,851,
2004-03-23,854,856,841,844,
2004-03-24,843,876,837,855,
2004-03-25,855,880,846,849,
2004-03-26,854,872,852,865,
2004-03-29,872,872,850,859,
2004-03-30,861,868,855,867,
2004-03-31,870,895,869,880,
2004-04-01,889,893,862,867,
2004-04-02,858,867,808,811,
2004-04-05,810,833,797,832,
2004-04-06,820,823,810,819,
2004-04-07,825,825,792,811,
2004-04-08,796,814,788,812,
2004-04-13,800,812,797,798,
2004-04-14,798,816,794,814,
2004-04-15,817,823,802,805,
2004-04-16,801,806,784,791,
2004-04-19,791,806,782,797,
2004-04-20,800,800,777,781,
2004-04-21,781,794,779,788,781.0
2004-04-22,798,801,786,789,
2004-04-23,795,806,786,805,
2004-04-26,807,817,805,815,946.0
2004-04-27,817,822,800,804,
2004-04-28,803,825,802,824,
2004-04-29,824,833,821,831,578.0
2004-04-30,832,838,823,833,
2004-05-04,811,815,799,807,929.0
2004-05-05,802,805,787,790,
2004-05-06,784,795,781,788,
2004-05-07,791,794,781,789,567.0
2004-05-10,788,793,780,786,
2004-05-11,790,793,785,787,
2004-05-12,783,793,780,781,
2004-05-13,787,787,772,775,138.0
2004-05-14,800,802,787,794,
2004-05-17,790,797,771,786,
2004-05-18,781,790,775,790,
2004-05-19,791,799,787,790,
2004-05-20,792,851,791,835,
2004-05-21,831,838,795,810,
2004-05-24,810,811,800,802,
2004-05-25,800,813,796,812,
2004-05-26,810,816,799,810,
2004-05-27,808,823,795,822,
2004-05-28,822,844,818,844,
2004-06-01,835,835,799,809,
2004-06-02,804,808,770,775,
2004-06-03,775,785,764,774,
2004-06-04,774,783,765,770,
2004-06-07,771,776,762,769,
2004-06-08,772,794,772,782,
2004-06-09,779,787,775,785,
2004-06-10,778,784,775,776,
2004-06-11,775,781,771,773,531.0
2004-06-14,775,779,772,773,
2004-06-15,773,793,771,776,
2004-06-16,776,795,776,781,
2004-06-17,781,781,765,773,
2004-06-18,775,779,761,764,
2004-06-21,764,771,761,768,
2004-06-22,770,770,762,764,
2004-06-23,764,768,762,766,738.0
2004-06-24,767,768,762,764,
2004-06-25,765,773,761,773,
2004-06-28,771,792,766,781,
2004-06-29,782,790,772,789,
2004-06-30,789,801,760,761,
2004-07-01,761,770,756,758,
2004-07-02,755,759,739,746,
2004-07-05,742,752,742,747,451.0
2004-07-06,748,758,733,758,638.0
2004-07-07,761,796,756,788,
2004-07-08,785,815,778,782,
2004-07-09,786,796,781,785,
2004-07-12,778,795,776,790,696.0
2004-07-13,790,794,782,792,
2004-07-14,788,826,785,817,402.0
2004-07-15,817,821,813,819,53.0
2004-07-16,875,875,849,863,
2004-07-19,858,880,856,879,
2004-07-20,875,883,869,871,
2004-07-21,870,916,862,914,
2004-07-22,913,921,881,920,
2004-07-23,925,927,913,919,
2004-07-26,923,923,894,907,
2004-07-27,905,925,904,913,
2004-07-28,914,949,914,947,
2004-07-29,952,956,938,954,
2004-07-30,957,957,930,937,
2004-08-02,938,965,938,964,
2004-08-03,967,986,957,985,
2004-08-04,991,992,970,985,
2004-08-05,983,983,956,970,
2004-08-06,966,968,901,911,
2004-08-09,906,923,905,916,502.0
2004-08-10,913,946,909,938,
2004-08-11,940,952,900,907,
2004-08-12,904,929,903,924,
2004-08-13,930,933,911,916,
2004-08-16,915,927,877,890,
2004-08-17,890,900,868,903,
2004-08-18,903,941,903,917,
2004-08-19,920,965,920,962,
2004-08-20,966,980,950,970,
2004-08-23,968,983,955,979,589.0
2004-08-24,975,980,946,968,376.0
2004-08-25,966,967,939,946,716.0
2004-08-26,945,971,930,971,
2004-08-27,971,977,955,975,571.0
2004-08-31,969,974,944,959,
2004-09-01,952,952,902,911,
2004-09-02,917,921,896,904,537.0
2004-09-03,909,909,890,901,462.0
2004-09-06,894,900,894,896,
2004-09-07,890,895,850,850,981.0
2004-09-08,829,855,829,849,
2004-09-09,848,855,838,844,
2004-09-10,842,847,829,831,
2004-09-13,838,838,820,830,
2004-09-14,830,840,830,835,666.0
2004-09-15,841,850,837,842,281.0
2004-09-16,873,878,845,851,
2004-09-17,850,864,847,854,
2004-09-20,846,870,844,865,
2004-09-21,867,870,854,865,
2004-09-22,875,896,873,882,
2004-09-23,879,881,861,876,
2004-09-24,870,874,803,832,
2004-09-27,830,841,827,831,
2004-09-28,827,838,825,827,
2004-09-29,826,835,821,834,
2004-09-30,836,849,831,835,
2004-10-01,830,844,828,835,
2004-10-04,830,842,825,828,
2004-10-05,820,836,818,823,
2004-10-06,822,824,815,816,
2004-10-07,813,818,803,810,
2004-10-08,810,841,808,824,
2004-10-11,816,852,816,849,
2004-10-12,850,854,831,839,
2004-10-13,835,842,827,828,
2004-10-14,827,847,822,840,
2004-10-15,842,844,827,832,
2004-10-18,829,844,824,838,
2004-10-19,845,850,824,830,
2004-10-20,821,824,812,814,
2004-10-21,814,820,812,814,
2004-10-22,820,827,817,820,
2004-10-25,821,821,813,818,
2004-10-26,819,826,817,823,
2004-10-27,827,836,827,835,
2004-10-28,837,850,831,844,
2004-10-29,850,859,832,833,
2004-11-01,836,840,830,832,
2004-11-02,830,836,829,830,
2004-11-03,832,849,829,834,
2004-11-04,847,892,841,889,
2004-11-05,895,926,891,913,
2004-11-08,1002,1019,970,993,
2004-11-09,996,996,944,988,
2004-11-10,1014,1021,936,939,
2004-11-11,935,961,923,956,
2004-11-12,955,955,921,935,
2004-11-15,935,960,929,957,
2004-11-16,957,959,925,928,
2004-11-17,922,923,877,877,
2004-11-18,875,907,874,889,
2004-11-19,883,886,869,872,
2004-11-22,867,868,853,857,
2004-11-23,853,871,853,870,
2004-11-24,866,873,863,873,
2004-11-25,874,883,873,873,
2004-11-26,878,878,863,864,
2004-11-29,863,869,845,869,
2004-11-30,869,888,865,880,
2004-12-01,880,880,868,873,
2004-12-02,877,884,864,877,
2004-12-03,881,908,871,898,950.0
2004-12-06,897,897,888,892,
2004-12-07,889,892,878,880,
2004-12-08,874,876,867,867,
2004-12-09,866,877,862,866,
2004-12-10,863,868,858,860,
2004-12-13,857,859,849,853,
2004-12-14,849,852,846,848,
2004-12-15,863,886,863,883,
2004-12-16,880,887,879,881,
2004-12-17,881,881,857,858,
2004-12-20,855,858,842,846,
2004-12-21,844,854,841,845,
2004-12-22,844,860,838,857,
2004-12-23,854,861,838,839,
2004-12-24,839,850,837,850,
2004-12-27,850,850,850,850,0.0
2004-12-28,850,850,850,850,0.0
2004-12-29,845,847,837,838,
2004-12-30,838,849,835,841,
2004-12-31,840,845,835,844,
2005-01-03,844,844,844,844,0.0
2005-01-04,840,858,835,849,
2005-01-05,849,852,842,847,
2005-01-06,850,856,839,846,
2005-01-07,844,845,825,828,
2005-01-10,824,829,815,818,
2005-01-11,815,824,812,818,
2005-01-12,818,829,815,817,
2005-01-13,815,831,815,831,
2005-01-14,832,834,824,827,
2005-01-17,819,831,819,828,
2005-01-18,823,831,823,826,
2005-01-19,826,833,813,826,
2005-01-20,822,836,819,829,
2005-01-21,825,832,820,823,
2005-01-24,820,844,820,839,
2005-01-25,837,847,835,843,
2005-01-26,841,863,835,855,
2005-01-27,865,871,855,864,
2005-01-28,866,869,852,853,
2005-01-31,848,856,832,834,
2005-02-01,826,855,826,855,
2005-02-02,849,874,849,872,
2005-02-03,874,876,860,865,
2005-02-04,865,866,848,853,
2005-02-07,856,889,851,883,
2005-02-08,880,887,872,881,
2005-02-09,878,881,840,843,
2005-02-10,842,859,840,853,
2005-02-11,854,863,846,858,
2005-02-14,860,863,843,850,
2005-02-15,850,866,850,862,
2005-02-16,862,862,851,859,
2005-02-17,858,868,853,866,
2005-02-18,868,874,865,866,
2005-02-21,865,865,848,856,
2005-02-22,854,861,850,853,
2005-02-23,851,868,846,865,
2005-02-24,867,883,856,882,
2005-02-25,882,882,871,874,
2005-02-28,875,912,870,906,
2005-03-01,912,917,903,916,
2005-03-02,916,917,896,904,
2005-03-03,904,917,896,910,
2005-03-04,911,922,901,920,
2005-03-07,920,940,899,932,
2005-03-08,932,940,923,926,
2005-03-09,921,930,912,915,
2005-03-10,917,934,916,925,
2005-03-11,936,967,934,951,
2005-03-14,952,959,937,942,
2005-03-15,952,960,946,954,
2005-03-16,957,972,945,969,
2005-03-17,977,984,967,971,
2005-03-18,976,987,971,986,
2005-03-21,994,994,932,936,
2005-03-22,942,946,932,936,
2005-03-23,938,938,869,877,
2005-03-24,870,882,859,873,
2005-03-29,866,874,864,865,
2005-03-30,865,869,856,857,
2005-03-31,853,881,853,877,
2005-04-01,877,902,868,870,
2005-04-04,859,878,857,877,
2005-04-05,873,885,847,850,
2005-04-06,847,853,833,851,
2005-04-07,848,861,839,848,
2005-04-08,842,855,837,853,
2005-04-11,847,854,833,834,
2005-04-12,831,853,831,850,
2005-04-13,844,850,839,842,
2005-04-14,844,850,826,828,
2005-04-15,824,830,810,821,
2005-04-18,814,823,808,815,
2005-04-19,808,824,807,818,
2005-04-20,816,827,812,819,
2005-04-21,815,825,810,812,
2005-04-22,810,810,790,794,
2005-04-25,795,796,790,790,
2005-04-26,792,802,789,790,
2005-04-27,789,805,789,802,514.0
2005-04-28,803,803,793,795,
2005-04-29,795,809,790,791,
2005-05-02,791,791,791,791,0.0
2005-05-03,797,805,793,795,
2005-05-04,798,801,789,795,
2005-05-05,789,791,784,784,796.0
2005-05-06,785,793,780,791,
2005-05-09,795,796,785,795,
2005-05-10,797,810,796,800,
2005-05-11,800,806,796,799,
2005-05-12,800,802,795,795,
2005-05-13,794,796,789,790,
2005-05-16,809,823,805,822,
2005-05-17,821,821,814,816,
2005-05-18,818,825,818,824,
2005-05-19,826,829,815,818,
2005-05-20,815,822,812,818,
2005-05-23,819,846,812,832,
2005-05-24,834,838,816,818,
2005-05-25,818,825,814,818,
2005-05-26,819,822,810,813,
2005-05-27,815,816,809,810,
2005-05-31,809,821,809,820,
2005-06-01,820,824,803,806,
2005-06-02,806,820,804,819,
2005-06-03,821,835,817,824,
2005-06-06,819,828,816,819,
2005-06-07,821,826,813,822,
2005-06-08,823,827,812,814,
2005-06-09,815,825,812,818,
2005-06-10,818,820,812,815,
2005-06-13,814,823,812,816,
2005-06-14,818,861,815,856,
2005-06-15,859,889,859,882,
2005-06-16,885,888,864,878,
2005-06-17,878,882,866,874,
2005-06-20,875,878,868,868,
2005-06-21,869,880,869,872,
2005-06-22,868,897,868,888,
2005-06-23,888,901,884,894,
2005-06-24,894,903,866,866,
2005-06-27,866,878,853,872,
2005-06-28,869,869,853,854,
2005-06-29,854,860,842,855,
2005-06-30,855,859,837,846,
2005-07-01,842,850,836,847,925.0
2005-07-04,850,853,848,848,239.0
2005-07-05,847,852,842,843,
2005-07-06,842,842,828,830,
2005-07-07,830,840,826,827,
2005-07-08,828,831,821,834,
2005-07-11,831,843,825,826,
2005-07-12,825,838,825,830,
2005-07-13,829,837,827,830,
2005-07-14,832,833,824,825,468.0
2005-07-15,835,858,833,852,
2005-07-18,844,871,843,868,
2005-07-19,868,876,858,865,
2005-07-20,858,878,854,856,
2005-07-21,849,858,837,846,
2005-07-22,834,852,834,846,
2005-07-25,849,867,849,851,
2005-07-26,851,864,849,862,
2005-07-27,862,880,862,877,
2005-07-28,880,885,863,870,
2005-07-29,870,890,865,884,
2005-08-01,891,894,875,881,
2005-08-02,881,890,879,886,
2005-08-03,890,893,871,876,
2005-08-04,877,886,869,870,
2005-08-05,869,869,849,859,
2005-08-08,860,863,836,838,
2005-08-09,832,840,826,827,
2005-08-10,825,834,816,821,
2005-08-11,818,823,786,792,
2005-08-12,793,799,780,782,
2005-08-15,783,798,783,785,
2005-08-16,787,797,782,789,
2005-08-17,790,794,781,782,
2005-08-18,781,808,781,807,
2005-08-19,810,812,800,807,
2005-08-22,807,809,793,806,
2005-08-23,807,820,807,812,
2005-08-24,813,825,811,817,
2005-08-25,816,826,810,812,
2005-08-26,811,826,811,821,
2005-08-30,822,824,816,820,
2005-08-31,820,823,815,818,
2005-09-01,818,850,816,850,
2005-09-02,855,879,851,874,
2005-09-05,874,874,858,860,
2005-09-06,859,876,857,875,
2005-09-07,870,908,868,901,
2005-09-08,900,914,880,913,
2005-09-09,912,922,894,899,
2005-09-12,895,900,881,885,
2005-09-13,880,887,870,874,
2005-09-14,868,868,834,835,
2005-09-15,824,825,800,800,725.0
2005-09-16,819,820,807,811,
2005-09-19,808,809,793,802,
2005-09-20,798,810,798,805,
2005-09-21,804,809,787,789,
2005-09-22,790,796,785,793,
2005-09-23,795,804,791,804,
2005-09-26,800,803,792,798,
2005-09-27,798,809,797,807,
2005-09-28,805,826,804,823,
2005-09-29,822,869,822,866,
2005-09-30,868,869,844,848,
2005-10-03,848,849,835,840,
2005-10-04,839,841,828,830,
2005-10-05,828,845,827,831,
2005-10-06,828,838,825,831,
2005-10-07,829,829,819,820,
2005-10-10,817,822,815,818,
2005-10-11,822,828,817,818,
2005-10-12,816,816,807,809,
2005-10-13,809,829,808,826,
2005-10-14,829,847,819,844,
2005-10-17,843,843,820,821,
2005-10-18,821,840,818,834,
2005-10-19,835,843,828,837,
2005-10-20,834,840,818,818,
2005-10-21,822,822,813,821,
2005-10-24,820,844,819,843,
2005-10-25,838,841,824,834,
2005-10-26,837,844,827,843,
2005-10-27,842,844,830,837,
2005-10-28,831,834,817,825,
2005-10-31,825,825,807,808,
2005-11-01,808,820,808,819,
2005-11-02,817,818,811,814,
2005-11-03,813,820,812,815,
2005-11-04,818,818,804,810,
2005-11-07,807,811,798,798,
2005-11-08,797,805,795,803,
2005-11-09,803,809,800,806,
2005-11-10,809,813,801,809,
2005-11-11,807,807,790,792,
2005-11-14,790,795,787,793,
2005-11-15,796,814,791,794,
2005-11-16,794,809,794,808,
2005-11-17,808,809,802,807,
2005-11-18,807,847,803,842,
2005-11-21,844,857,833,844,
2005-11-22,840,862,835,858,
2005-11-23,858,874,841,841,
2005-11-24,841,845,833,840,
2005-11-25,845,861,838,845,
2005-11-28,848,861,838,845,
2005-11-29,843,849,834,839,
2005-11-30,840,841,834,835,
2005-12-01,841,865,840,863,
2005-12-02,864,872,853,861,
2005-12-05,853,853,835,835,
2005-12-06,835,837,826,831,
2005-12-07,829,846,826,842,
2005-12-08,833,842,833,838,
2005-12-09,819,833,819,829,
2005-12-12,829,838,823,837,
2005-12-13,837,837,830,843,
2005-12-14,872,877,850,861,
2005-12-15,861,870,853,868,
2005-12-16,873,874,860,861,
2005-12-19,867,867,850,852,
2005-12-20,851,868,847,865,
2005-12-21,861,875,861,875,
2005-12-22,875,894,875,893,
2005-12-23,895,897,888,890,
2005-12-27,895,897,888,890,
2005-12-28,875,897,872,895,
2005-12-29,900,912,888,911,
2005-12-30,911,914,902,911,
2006-01-03,912,930,912,927,
2006-01-04,927,927,904,913,
2006-01-05,911,912,893,903,
2006-01-06,902,919,889,917,
2006-01-09,919,922,893,894,
2006-01-10,896,904,892,899,
2006-01-11,904,914,897,904,
2006-01-12,906,911,902,909,
2006-01-13,912,913,898,900,
2006-01-16,911,926,903,923,
2006-01-17,926,938,918,931,
2006-01-18,933,947,933,944,
2006-01-19,939,939,912,920,
2006-01-20,917,932,899,912,
2006-01-23,907,915,895,896,
2006-01-24,893,894,849,854,
2006-01-25,852,866,851,865,
2006-01-26,865,875,858,875,
2006-01-27,875,880,859,864,
2006-01-30,856,876,850,875,
2006-01-31,871,883,861,877,
2006-02-01,882,885,869,869,
2006-02-02,862,873,857,859,
2006-02-03,858,886,855,882,
2006-02-06,876,890,873,889,
2006-02-07,890,919,889,918,
2006-02-08,918,918,903,914,
2006-02-09,912,920,908,917,
2006-02-10,918,923,908,915,
2006-02-13,910,914,890,891,
2006-02-14,886,904,885,893,
2006-02-15,889,898,884,887,
2006-02-16,883,898,882,885,
2006-02-17,884,889,882,885,
2006-02-20,881,882,872,875,
2006-02-21,873,884,853,856,
2006-02-22,859,875,858,873,
2006-02-23,867,871,857,859,
2006-02-24,859,867,854,863,
2006-02-27,863,867,851,852,
2006-02-28,848,862,845,862,
2006-03-01,855,858,847,852,
2006-03-02,856,868,847,848,
2006-03-03,846,859,840,859,
2006-03-06,858,861,852,858,
2006-03-07,858,870,853,865,
2006-03-08,865,891,859,893,
2006-03-09,890,894,881,886,
2006-03-10,886,890,879,880,
2006-03-13,876,876,859,859,
2006-03-14,858,863,852,855,
2006-03-15,855,887,855,884,
2006-03-16,889,899,889,898,
2006-03-17,916,927,908,913,
2006-03-20,913,914,900,905,
2006-03-21,906,915,896,914,
2006-03-22,917,921,904,915,
2006-03-23,914,922,906,907,
2006-03-24,906,914,899,906,
2006-03-27,908,911,901,908,
2006-03-28,905,907,891,892,
2006-03-29,895,912,890,908,
2006-03-30,911,920,908,919,
2006-03-31,921,924,907,914,
2006-04-03,918,928,910,925,
2006-04-04,927,929,904,906,
2006-04-05,909,919,906,917,
2006-04-06,918,918,908,910,
2006-04-07,908,916,908,914,870.0
2006-04-10,914,915,884,884,
2006-04-11,888,902,888,899,
2006-04-12,898,901,886,888,
2006-04-13,893,894,876,878,
2006-04-18,876,881,869,870,
2006-04-19,871,875,866,875,
2006-04-20,875,893,875,887,
2006-04-21,893,893,871,872,
2006-04-24,874,892,867,890,
2006-04-25,888,909,888,908,
2006-04-26,905,908,895,905,944.0
2006-04-27,897,900,881,882,
2006-04-28,885,893,884,887,
2006-05-02,887,887,872,873,974.0
2006-05-03,872,883,872,874,934.0
2006-05-04,870,879,867,867,
2006-05-05,865,874,858,872,
2006-05-08,865,873,865,870,595.0
2006-05-09,865,869,861,867,
2006-05-10,862,869,852,857,
2006-05-11,858,862,851,854,
2006-05-12,854,854,843,851,
2006-05-15,852,852,843,847,385.0
2006-05-16,864,868,858,867,
2006-05-17,867,867,859,861,
2006-05-18,861,871,858,863,
2006-05-19,863,867,857,865,
2006-05-22,860,863,850,854,
2006-05-23,855,856,845,846,
2006-05-24,846,850,841,846,
2006-05-25,845,849,839,840,
2006-05-26,842,847,838,845,
2006-05-30,841,847,830,835,
2006-05-31,837,847,834,846,
2006-06-01,844,900,844,851,
2006-06-02,856,857,840,841,
2006-06-05,842,860,842,849,
2006-06-06,852,862,850,853,
2006-06-07,854,867,850,866,
2006-06-08,866,873,859,862,
2006-06-09,862,879,862,875,
2006-06-12,879,890,875,881,
2006-06-13,883,890,869,884,
2006-06-14,882,903,880,902,
2006-06-15,904,925,903,923,
2006-06-16,929,946,911,930,
2006-06-19,941,945,932,945,
2006-06-20,954,955,938,949,
2006-06-21,953,963,943,961,
2006-06-22,962,971,949,970,
2006-06-23,972,980,967,968,
2006-06-26,977,977,967,978,513.0
2006-06-27,984,984,940,959,
2006-06-28,964,972,958,969,705.0
2006-06-29,979,988,973,986,
2006-06-30,983,1010,983,1001,922.0
2006-07-03,1001,1039,1001,1029,
2006-07-04,1030,1033,1003,1027,
2006-07-05,1026,1046,1023,1041,408.0
2006-07-06,1037,1049,1035,1035,
2006-07-07,1039,1049,1026,1041,645.0
2006-07-10,1034,1066,1031,1065,
2006-07-11,1063,1100,1063,1079,
2006-07-12,1065,1095,1064,1094,
2006-07-13,1083,1102,1075,1097,
2006-07-14,1098,1100,1058,1076,
2006-07-17,1002,1015,904,907,
2006-07-18,897,901,861,864,
2006-07-19,866,892,861,868,
2006-07-20,866,877,866,874,
2006-07-21,878,878,858,862,
2006-07-24,857,875,851,859,
2006-07-25,858,866,855,862,
2006-07-26,863,874,855,856,
2006-07-27,855,868,852,856,
2006-07-28,857,866,854,855,
2006-07-31,854,860,846,850,
2006-08-01,851,854,836,844,
2006-08-02,843,851,840,842,
2006-08-03,841,858,841,852,
2006-08-04,853,859,837,841,
2006-08-07,836,846,836,845,
2006-08-08,847,860,843,852,
2006-08-09,846,867,846,863,
2006-08-10,865,875,858,875,
2006-08-11,873,879,866,866,
2006-08-14,866,868,845,850,
2006-08-15,848,855,840,849,
2006-08-16,848,863,845,852,
2006-08-17,856,856,848,850,
2006-08-18,851,854,841,848,
2006-08-21,842,846,831,835,
2006-08-22,833,835,826,826,
2006-08-23,826,831,817,829,
2006-08-24,825,835,825,828,
2006-08-25,831,833,821,822,
2006-08-29,800,807,795,799,
2006-08-30,799,806,795,797,
2006-08-31,797,807,796,806,
2006-09-01,806,818,805,817,
2006-09-04,813,818,806,808,864.0
2006-09-05,809,819,803,814,
2006-09-06,809,810,805,806,
2006-09-07,810,817,808,813,
2006-09-08,815,816,812,814,
2006-09-11,814,818,811,812,
2006-09-12,812,818,803,814,
2006-09-13,812,815,809,815,
2006-09-14,815,817,806,813,
2006-09-15,837,845,835,837,
2006-09-18,835,837,809,812,
2006-09-19,808,822,807,817,
2006-09-20,815,835,815,833,
2006-09-21,832,862,826,858,
2006-09-22,858,858,833,840,
2006-09-25,843,849,826,834,
2006-09-26,837,842,831,837,
2006-09-27,839,848,838,847,
2006-09-28,848,854,827,837,
2006-09-29,838,854,833,849,
2006-10-02,849,849,830,830,
2006-10-03,831,837,822,824,
2006-10-04,824,845,821,825,
2006-10-05,826,851,825,843,
2006-10-06,842,848,825,831,
2006-10-09,830,833,822,823,
2006-10-10,823,831,821,825,
2006-10-11,828,828,819,822,
2006-10-12,819,823,812,814,
2006-10-13,816,823,815,817,
2006-10-16,817,823,811,812,
2006-10-17,813,836,808,830,
2006-10-18,833,844,812,816,
2006-10-19,818,830,814,825,
2006-10-20,827,829,814,816,
2006-10-23,814,836,813,836,
2006-10-24,836,838,823,825,
2006-10-25,828,834,823,826,
2006-10-26,829,840,827,840,
2006-10-27,840,845,820,829,
2006-10-30,832,837,827,830,
2006-10-31,832,836,825,828,
2006-11-01,832,832,818,820,
2006-11-02,820,835,817,832,
2006-11-03,831,842,828,830,
2006-11-06,833,841,827,839,
2006-11-07,839,854,836,847,
2006-11-08,848,860,845,853,
2006-11-09,855,864,851,857,
2006-11-10,856,857,841,844,
2006-11-13,843,846,837,843,
2006-11-14,845,846,835,836,
2006-11-15,839,846,833,845,
2006-11-16,847,851,817,820,
2006-11-17,821,835,818,823,
2006-11-20,824,828,810,811,
2006-11-21,810,816,807,809,
2006-11-22,809,815,808,814,
2006-11-23,815,824,814,817,
2006-11-24,815,820,809,810,
2006-11-27,811,813,800,801,
2006-11-28,800,819,800,812,
2006-11-29,812,820,807,809,
2006-11-30,808,825,807,824,
2006-12-01,823,826,815,816,
2006-12-04,816,818,808,812,
2006-12-05,814,826,811,823,
2006-12-06,823,825,809,815,
2006-12-07,819,835,817,832,
2006-12-08,832,850,827,843,
2006-12-11,845,853,839,853,
2006-12-12,856,870,856,874,
2006-12-13,894,905,885,904,
2006-12-14,906,915,901,913,
2006-12-15,912,913,902,906,
2006-12-18,904,920,896,909,
2006-12-19,909,919,905,917,
2006-12-20,919,923,888,889,
2006-12-21,892,901,887,896,
2006-12-22,896,899,881,883,
2006-12-27,881,892,874,889,
2006-12-28,890,896,882,884,
2006-12-29,885,888,881,888,
2007-01-02,885,894,883,890,
2007-01-03,891,919,891,917,
2007-01-04,918,918,902,907,
2007-01-05,909,920,875,894,
2007-01-08,890,897,876,877,
2007-01-09,880,885,873,880,
2007-01-10,883,909,876,904,
2007-01-11,906,912,900,902,
2007-01-12,902,902,884,892,
2007-01-15,890,891,884,885,
2007-01-16,885,885,871,875,
2007-01-17,876,888,865,887,
2007-01-18,887,908,876,877,
2007-01-19,874,882,868,872,
2007-01-22,867,873,864,872,
2007-01-23,865,880,865,877,
2007-01-24,878,893,874,875,
2007-01-25,875,882,871,880,
2007-01-26,875,882,867,868,
2007-01-29,868,883,864,879,
2007-01-30,878,890,876,889,
2007-01-31,890,895,881,890,
2007-02-01,889,900,884,893,
2007-02-02,892,902,886,892,
2007-02-05,886,899,869,896,
2007-02-06,896,906,896,898,
2007-02-07,900,927,898,926,
2007-02-08,930,944,929,942,
2007-02-09,945,948,931,940,
2007-02-12,939,944,931,943,
2007-02-13,944,953,939,943,
2007-02-14,943,943,923,935,
2007-02-15,935,957,931,953,
2007-02-16,958,964,954,962,
2007-02-19,965,968,959,967,
2007-02-20,966,970,947,951,
2007-02-21,955,967,940,960,
2007-02-22,958,962,950,952,
2007-02-23,952,959,951,954,876.0
2007-02-26,954,963,948,949,
2007-02-27,947,949,934,938,
2007-02-28,938,946,933,946,
2007-03-01,946,970,939,971,
2007-03-02,959,975,959,974,
2007-03-05,974,985,969,975,
2007-03-06,974,981,939,944,
2007-03-07,946,966,936,966,
2007-03-08,969,990,962,989,
2007-03-09,991,1019,991,1014,
2007-03-12,1010,1028,1001,1030,
2007-03-13,1031,1037,1024,1030,
2007-03-14,1030,1035,990,990,
2007-03-15,979,986,974,978,725.0
2007-03-16,992,995,979,985,
2007-03-19,982,1001,978,994,
2007-03-20,992,1025,992,1020,
2007-03-21,1019,1041,1019,1033,
2007-03-22,1034,1043,1022,1041,
2007-03-23,1042,1046,1033,1039,
2007-03-26,1035,1044,1031,1038,
2007-03-27,1035,1040,1027,1032,
2007-03-28,1026,1053,1026,1047,
2007-03-29,1048,1066,1048,1054,
2007-03-30,1048,1065,1046,1059,
2007-04-02,1055,1055,993,1001,
2007-04-03,1000,1021,998,1020,
2007-04-04,1022,1036,1019,1034,
2007-04-05,1036,1048,1036,1038,
2007-04-10,1030,1030,1017,1020,
2007-04-11,1019,1036,1017,1029,
2007-04-12,1029,1030,1005,1021,
2007-04-13,1015,1041,999,1025,
2007-04-16,1025,1032,1022,1025,
2007-04-17,1024,1045,1024,1040,
2007-04-18,1043,1051,1018,1025,
2007-04-19,1011,1013,974,981,
2007-04-20,985,1006,957,1005,
2007-04-23,1000,1001,978,986,
2007-04-24,984,984,959,973,
2007-04-25,965,979,962,977,
2007-04-26,979,1001,958,968,
2007-04-27,968,976,960,962,
2007-04-30,954,960,944,947,
2007-05-01,942,965,928,964,
2007-05-02,965,984,965,983,
2007-05-03,978,997,978,990,
2007-05-04,995,1007,987,1006,
2007-05-08,1008,1012,995,1008,
2007-05-09,1009,1024,1008,1022,
2007-05-10,1025,1044,1025,1034,
2007-05-11,1034,1045,1020,1039,
2007-05-14,1041,1050,1026,1033,
2007-05-15,1028,1028,1021,1027,628.0
2007-05-16,1055,1067,1054,1058,
2007-05-17,1058,1065,1051,1058,
2007-05-18,1057,1094,1056,1090,
2007-05-21,1095,1098,1072,1089,
2007-05-22,1090,1092,1065,1073,
2007-05-23,1072,1092,1066,1086,
2007-05-24,1083,1093,1042,1066,
2007-05-25,1064,1079,1054,1057,
2007-05-29,1054,1055,1033,1035,
2007-05-30,1032,1033,1008,1022,
2007-05-31,1020,1038,1018,1033,
2007-06-01,1030,1041,1018,1028,
2007-06-04,1020,1022,1003,1007,
2007-06-05,1007,1025,1005,1020,
2007-06-06,1024,1034,1011,1025,
2007-06-07,1024,1025,1010,1013,
2007-06-08,1011,1024,1004,1006,
2007-06-11,1000,1016,996,1015,
2007-06-12,1014,1022,1003,1007,
2007-06-13,1007,1013,1004,1008,
2007-06-14,1009,1047,1008,1047,
2007-06-15,1046,1061,1042,1047,
2007-06-18,1050,1059,1037,1058,
2007-06-19,1059,1063,1037,1045,
2007-06-20,1042,1043,1014,1024,
2007-06-21,1020,1030,1013,1030,
2007-06-22,1030,1044,1030,1043,679.0
2007-06-25,1045,1055,1042,1044,850.0
2007-06-26,1044,1087,1044,1080,
2007-06-27,1083,1083,1059,1079,
2007-06-28,1075,1079,1060,1063,827.0
2007-06-29,1064,1103,1064,1091,
2007-07-02,1094,1096,1060,1062,
2007-07-03,1064,1076,1063,1067,
2007-07-04,1065,1085,1065,1085,402.0
2007-07-05,1083,1106,1082,1100,
2007-07-06,1101,1112,1099,1107,
2007-07-09,1104,1104,1091,1091,882.0
2007-07-10,1080,1080,1050,1051,
2007-07-11,1071,1083,1069,1071,
2007-07-12,1073,1079,1067,1077,
2007-07-13,1076,1081,1071,1076,
2007-07-16,1071,1071,1050,1054,447.0
2007-07-17,1093,1121,1093,1105,
2007-07-18,1101,1108,1092,1102,
2007-07-19,1096,1115,1093,1112,
2007-07-20,1112,1118,1098,1101,
2007-07-23,1095,1097,1081,1083,
2007-07-24,1081,1097,1064,1093,
2007-07-25,1089,1093,1071,1071,
2007-07-26,1069,1079,1035,1042,
2007-07-27,1035,1044,992,1022,
2007-07-30,1016,1030,1008,1013,
2007-07-31,1011,1018,996,1018,
2007-08-01,1012,1013,996,997,
2007-08-02,993,1015,989,991,
2007-08-03,991,1001,975,976,
2007-08-06,971,972,963,968,
2007-08-07,963,977,948,955,
2007-08-08,959,980,958,972,
2007-08-09,969,975,940,944,
2007-08-10,948,950,926,948,
2007-08-13,942,968,941,966,
2007-08-14,966,975,959,961,
2007-08-15,959,969,946,961,
2007-08-16,962,963,930,933,
2007-08-17,931,945,920,927,
2007-08-20,933,938,915,917,
2007-08-21,919,925,915,916,
2007-08-22,920,920,907,908,
2007-08-23,908,924,907,923,
2007-08-24,923,937,909,921,
2007-08-28,916,920,908,915,
2007-08-29,923,940,923,931,
2007-08-30,931,936,918,931,358.0
2007-08-31,938,947,933,947,756.0
2007-09-03,943,950,929,940,
2007-09-04,940,942,930,936,
2007-09-05,930,940,918,940,
2007-09-06,943,962,942,956,
2007-09-07,957,960,948,948,
2007-09-10,947,955,942,942,
2007-09-11,942,950,930,932,
2007-09-12,930,930,901,915,
2007-09-13,909,918,907,907,
2007-09-14,945,971,935,967,
2007-09-17,967,988,955,979,
2007-09-18,979,983,969,978,
2007-09-19,975,984,967,981,
2007-09-20,984,1004,979,999,
2007-09-21,1002,1003,979,996,
2007-09-24,995,998,989,993,
2007-09-25,990,1008,984,1006,
2007-09-26,1007,1008,997,1005,
2007-09-27,1005,1011,990,997,
2007-09-28,992,1003,992,1000,
2007-10-01,998,1002,985,995,
2007-10-02,991,998,950,962,
2007-10-03,962,967,944,951,
2007-10-04,959,970,949,959,
2007-10-05,965,965,947,949,
2007-10-08,945,945,931,933,
2007-10-09,932,948,931,936,
2007-10-10,936,942,929,930,
2007-10-11,927,945,924,940,
2007-10-12,938,940,928,932,
2007-10-15,929,944,928,940,
2007-10-16,935,952,934,944,
2007-10-17,946,955,938,945,
2007-10-18,949,952,942,949,
2007-10-19,946,956,940,951,
2007-10-22,950,959,938,939,
2007-10-23,938,945,934,938,
2007-10-24,938,941,928,929,
2007-10-25,928,932,920,922,
2007-10-26,920,950,918,941,
2007-10-29,945,962,925,954,
2007-10-30,955,965,949,961,
2007-10-31,956,969,948,962,
2007-11-01,960,969,950,961,
2007-11-02,961,971,951,955,
2007-11-05,953,955,933,934,
2007-11-06,931,942,924,936,
2007-11-07,940,945,926,926,
2007-11-08,928,934,923,925,
2007-11-09,929,930,919,922,
2007-11-12,920,925,915,918,
2007-11-13,920,922,909,916,
2007-11-14,913,932,911,919,
2007-11-15,918,924,912,922,
2007-11-16,924,928,920,924,
2007-11-19,922,925,921,921,
2007-11-20,921,939,917,936,
2007-11-21,937,950,929,930,
2007-11-22,924,930,917,924,
2007-11-23,924,928,920,920,
2007-11-26,920,924,917,917,
2007-11-27,920,922,913,922,
2007-11-28,921,926,919,925,
2007-11-29,925,941,921,936,
2007-11-30,936,954,936,951,
2007-12-03,948,972,946,971,
2007-12-04,971,991,971,988,
2007-12-05,988,1011,983,1005,
2007-12-06,1005,1018,1002,1008,
2007-12-07,1008,1015,1004,1004,
2007-12-10,1001,1023,1000,1022,
2007-12-11,1030,1044,1023,1028,
2007-12-12,1024,1035,1023,1026,392.0
2007-12-13,1060,1073,1056,1063,
2007-12-14,1059,1066,1046,1056,
2007-12-17,1060,1066,1044,1064,
2007-12-18,1068,1085,1058,1079,
2007-12-19,1083,1092,1077,1087,
2007-12-20,1088,1091,1070,1075,
2007-12-21,1080,1082,1060,1070,
2007-12-24,1068,1068,1049,1051,
2007-12-27,1049,1059,1041,1058,
2007-12-28,1057,1057,1043,1049,
2007-12-31,1047,1047,1040,1043,
2008-01-02,1041,1073,1041,1068,
2008-01-03,1067,1087,1062,1086,
2008-01-04,1086,1090,1065,1076,
2008-01-07,1080,1104,1073,1102,
2008-01-08,1103,1120,1097,1111,
2008-01-09,1111,1118,1109,1114,
2008-01-10,1117,1127,1116,1125,
2008-01-11,1127,1140,1114,1135,
2008-01-14,1135,1159,1132,1146,
2008-01-15,1148,1154,1130,1132,
2008-01-16,1124,1133,1111,1125,
2008-01-17,1125,1142,1123,1125,
2008-01-18,1120,1128,1104,1128,
2008-01-21,1130,1130,1113,1116,
2008-01-22,1110,1122,1098,1117,
2008-01-23,1119,1138,1117,1132,
2008-01-24,1129,1148,1121,1145,
2008-01-25,1146,1152,1142,1149,
2008-01-28,1148,1150,1138,1147,
2008-01-29,1145,1154,1135,1153,
2008-01-30,1156,1179,1156,1175,
2008-01-31,1182,1198,1182,1197,
2008-02-01,1194,1208,1185,1205,
2008-02-04,1208,1212,1198,1209,
2008-02-05,1209,1212,1198,1210,
2008-02-06,1213,1222,1212,1221,
2008-02-07,1221,1256,1209,1228,
2008-02-08,1225,1247,1213,1240,
2008-02-11,1242,1248,1235,1247,
2008-02-12,1252,1272,1251,1258,
2008-02-13,1264,1284,1257,1270,
2008-02-14,1280,1287,1259,1278,
2008-02-15,1293,1309,1285,1287,
2008-02-18,1280,1284,1268,1271,
2008-02-19,1277,1296,1268,1269,
2008-02-20,1271,1273,1229,1253,
2008-02-21,1261,1263,1247,1260,
2008-02-22,1256,1297,1252,1294,
2008-02-25,1296,1306,1287,1303,
2008-02-26,1310,1325,1305,1316,
2008-02-27,1330,1349,1325,1343,
2008-02-28,1332,1392,1330,1387,
2008-02-29,1383,1402,1369,1391,
2008-03-03,1394,1400,1376,1396,
2008-03-04,1391,1421,1385,1385,
2008-03-05,1384,1398,1370,1394,
2008-03-06,1394,1416,1355,1355,
2008-03-07,1350,1361,1329,1356,
2008-03-10,1342,1357,1334,1355,
2008-03-11,1360,1381,1355,1377,
2008-03-12,1363,1419,1363,1383,
2008-03-13,1428,1488,1426,1475,
2008-03-14,1475,1525,1465,1487,
2008-03-17,1485,1492,1379,1412,
2008-03-18,1400,1419,1356,1415,
2008-03-19,1429,1464,1333,1334,
2008-03-20,1319,1319,1200,1268,
2008-03-25,1252,1298,1252,1275,
2008-03-26,1293,1319,1273,1284,
2008-03-27,1292,1318,1235,1318,
2008-03-28,1318,1320,1278,1281,
2008-03-31,1276,1299,1272,1284,
2008-04-01,1278,1312,1266,1300,
2008-04-02,1294,1316,1280,1280,
2008-04-03,1283,1319,1281,1285,
2008-04-04,1294,1303,1272,1280,
2008-04-07,1285,1311,1275,1307,
2008-04-08,1312,1331,1307,1316,
2008-04-09,1316,1377,1311,1359,
2008-04-10,1369,1409,1366,1380,
2008-04-11,1400,1418,1397,1414,
2008-04-14,1408,1417,1388,1396,
2008-04-15,1405,1420,1393,1409,
2008-04-16,1414,1442,1414,1430,
2008-04-17,1434,1463,1434,1452,
2008-04-18,1458,1458,1388,1429,
2008-04-21,1429,1492,1420,1449,
2008-04-22,1455,1468,1445,1462,
2008-04-23,1469,1478,1445,1472,
2008-04-24,1474,1490,1450,1487,
2008-04-25,1468,1479,1446,1477,798.0
2008-04-28,1480,1504,1480,1492,
2008-04-29,1483,1500,1474,1493,
2008-04-30,1483,1494,1470,1477,
2008-05-01,1483,1499,1387,1396,
2008-05-02,1395,1408,1363,1407,
2008-05-06,1411,1456,1409,1456,
2008-05-07,1460,1461,1430,1446,
2008-05-08,1429,1462,1428,1457,
2008-05-09,1457,1487,1451,1478,
2008-05-12,1474,1492,1460,1491,
2008-05-13,1492,1507,1397,1417,
2008-05-14,1425,1425,1410,1410,
2008-05-15,1463,1470,1439,1441,
2008-05-16,1441,1469,1439,1467,
2008-05-19,1464,1483,1404,1440,
2008-05-20,1436,1454,1406,1415,
2008-05-21,1417,1425,1390,1406,
2008-05-22,1412,1420,1372,1389,
2008-05-23,1389,1400,1376,1379,
2008-05-27,1385,1417,1385,1397,
2008-05-28,1399,1407,1387,1403,
2008-05-29,1411,1475,1411,1468,
2008-05-30,1467,1480,1455,1472,
2008-06-02,1480,1513,1479,1510,
2008-06-03,1513,1539,1490,1534,
2008-06-04,1529,1542,1526,1534,
2008-06-05,1530,1541,1514,1516,
2008-06-06,1517,1578,1517,1560,
2008-06-09,1560,1563,1535,1548,
2008-06-10,1542,1567,1537,1547,
2008-06-11,1547,1575,1542,1571,
2008-06-12,1576,1619,1573,1604,
2008-06-13,1610,1629,1608,1609,
2008-06-16,1616,1634,1616,1630,
2008-06-17,1625,1637,1602,1636,
2008-06-18,1673,1688,1657,1665,
2008-06-19,1658,1668,1647,1663,
2008-06-20,1661,1693,1650,1688,
2008-06-23,1688,1710,1686,1705,
2008-06-24,1710,1717,1709,1709,
2008-06-25,1705,1727,1693,1726,
2008-06-26,1726,1744,1725,1744,
2008-06-27,1742,1760,1741,1743,
2008-06-30,1747,1759,1740,1758,962.0
2008-07-01,1751,1800,1749,1795,
2008-07-02,1791,1794,1768,1772,
2008-07-03,1782,1794,1710,1712,
2008-07-04,1706,1711,1660,1662,
2008-07-07,1645,1646,1596,1597,
2008-07-08,1597,1623,1595,1619,
2008-07-09,1624,1624,1604,1618,
2008-07-10,1628,1628,1610,1618,
2008-07-11,1622,1630,1590,1609,
2008-07-14,1602,1608,1591,1597,
2008-07-15,1604,1612,1563,1566,
2008-07-16,1580,1609,1550,1553,
2008-07-17,1570,1570,1511,1512,
2008-07-18,1502,1502,1441,1443,
2008-07-21,1436,1496,1436,1463,
2008-07-22,1455,1473,1450,1452,
2008-07-23,1454,1455,1439,1445,
2008-07-24,1445,1482,1443,1461,
2008-07-25,1465,1502,1461,1502,
2008-07-28,1496,1526,1478,1486,
2008-07-29,1486,1523,1486,1502,
2008-07-30,1501,1515,1482,1499,
2008-07-31,1500,1525,1495,1518,
2008-08-01,1520,1611,1520,1602,
2008-08-04,1606,1620,1486,1501,
2008-08-05,1478,1489,1450,1470,
2008-08-06,1489,1548,1477,1484,
2008-08-07,1488,1505,1483,1495,
2008-08-08,1493,1503,1457,1463,
2008-08-11,1461,1488,1455,1461,
2008-08-12,1461,1483,1461,1473,
2008-08-13,1480,1500,1465,1498,
2008-08-14,1500,1513,1476,1479,
2008-08-15,1470,1481,1436,1440,
2008-08-18,1445,1450,1437,1441,
2008-08-19,1445,1484,1435,1482,
2008-08-20,1491,1495,1463,1482,541.0
2008-08-21,1494,1567,1491,1564,
2008-08-22,1561,1563,1542,1557,
2008-08-26,1579,1616,1579,1612,
2008-08-27,1617,1654,1617,1647,
2008-08-28,1645,1653,1586,1593,
2008-08-29,1591,1645,1591,1637,
2008-09-01,1637,1651,1578,1602,
2008-09-02,1590,1590,1534,1546,
2008-09-03,1541,1569,1530,1556,
2008-09-04,1560,1575,1541,1545,
2008-09-05,1549,1552,1538,1543,
2008-09-08,1550,1550,1500,1512,
2008-09-09,1502,1515,1500,1510,
2008-09-10,1506,1525,1504,1524,
2008-09-11,1522,1522,1485,1485,
2008-09-12,1485,1490,1458,1460,
2008-09-15,1451,1453,1436,1436,
2008-09-16,1488,1499,1466,1496,
2008-09-17,1499,1499,1463,1470,
2008-09-18,1480,1540,1478,1512,
2008-09-19,1500,1528,1499,1512,
2008-09-22,1531,1535,1450,1513,
2008-09-23,1521,1536,1491,1502,
2008-09-24,1506,1540,1501,1529,
2008-09-25,1527,1538,1518,1530,
2008-09-26,1529,1542,1513,1531,
2008-09-29,1507,1515,1467,1468,
2008-09-30,1460,1489,1455,1480,
2008-10-01,1461,1481,1458,1460,
2008-10-02,1450,1462,1431,1440,
2008-10-03,1430,1445,1417,1436,
2008-10-06,1415,1430,1391,1421,
2008-10-07,1415,1443,1413,1420,
2008-10-08,1407,1417,1388,1396,
2008-10-09,1402,1413,1387,1395,
2008-10-10,1380,1380,1354,1362,
2008-10-13,1370,1384,1362,1367,
2008-10-14,1370,1380,1361,1370,
2008-10-15,1362,1365,1310,1309,
2008-10-16,1301,1303,1257,1272,
2008-10-17,1285,1292,1260,1270,
2008-10-20,1273,1294,1259,1268,
2008-10-21,1267,1276,1228,1264,
2008-10-22,1259,1289,1249,1285,
2008-10-23,1286,1287,1261,1281,
2008-10-24,1275,1300,1261,1298,
2008-10-27,1279,1322,1271,1302,
2008-10-28,1310,1335,1299,1299,
2008-10-29,1302,1384,1292,1345,
2008-10-30,1353,1362,1322,1326,
2008-10-31,1320,1347,1312,1322,
2008-11-03,1333,1335,1290,1290,
2008-11-04,1284,1474,1279,1297,
2008-11-05,1297,1319,1259,1265,
2008-11-06,1270,1287,1256,1260,
2008-11-07,1267,1280,1256,1264,
2008-11-10,1271,1316,1271,1290,
2008-11-11,1286,1307,1279,1300,
2008-11-12,1299,1317,1298,1316,
2008-11-13,1305,1346,1301,1340,
2008-11-14,1336,1373,1336,1365,
2008-11-17,1376,1448,1376,1440,
2008-11-18,1448,1471,1437,1468,
2008-11-19,1469,1490,1450,1487,
2008-11-20,1485,1486,1448,1470,
2008-11-21,1465,1522,1464,1510,
2008-11-24,1516,1537,1504,1526,
2008-11-25,1525,1540,1519,1540,
2008-11-26,1540,1590,1521,1590,
2008-11-27,1596,1645,1595,1625,
2008-11-28,1620,1643,1603,1612,
2008-12-01,1596,1596,1545,1584,
2008-12-02,1546,1610,1546,1605,
2008-12-03,1595,1656,1585,1660,
2008-12-04,1655,1754,1650,1754,
2008-12-05,1744,1744,1630,1635,
2008-12-08,1603,1738,1598,1732,
2008-12-09,1720,1760,1718,1756,
2008-12-10,1775,1819,1746,1825,
2008-12-11,1810,1840,1801,1806,
2008-12-12,1806,1819,1670,1670,597.0
2008-12-15,1642,1698,1635,1696,
2008-12-16,1697,1709,1675,1707,
2008-12-17,1729,1765,1696,1720,
2008-12-18,1718,1806,1672,1790,
2008-12-19,1811,1822,1752,1774,
2008-12-22,1768,1784,1761,1765,
2008-12-23,1775,1840,1764,1832,
2008-12-24,1823,1823,1783,1783,
2008-12-29,1792,1830,1760,1770,
2008-12-30,1770,1786,1753,1774,
2008-12-31,1791,1820,1772,1781,
2009-01-02,1774,1811,1756,1792,
2009-01-05,1790,1814,1775,1802,
2009-01-06,1799,1809,1771,1787,
2009-01-07,1799,1820,1779,1785,
2009-01-08,1784,1861,1773,1836,
2009-01-09,1840,1855,1802,1808,
2009-01-12,1807,1822,1725,1775,
2009-01-13,1767,1812,1746,1798,
2009-01-14,1812,1854,1749,1751,
2009-01-15,1735,1746,1715,1736,
2009-01-16,1740,1780,1737,1766,
2009-01-19,1758,1804,1758,1780,
2009-01-20,1795,1885,1788,1866,
2009-01-21,1896,1986,1876,1980,
2009-01-22,1988,1994,1961,1969,
2009-01-23,1991,2027,1987,2025,
2009-01-26,2020,2038,1964,1982,
2009-01-27,1962,2021,1930,2008,
2009-01-28,2004,2024,1995,2022,
2009-01-29,2025,2045,2009,2023,
2009-01-30,2011,2011,1977,1995,
2009-02-02,1970,1980,1941,1972,
2009-02-03,1953,1988,1953,1968,
2009-02-04,1956,1966,1942,1961,
2009-02-05,1945,1969,1942,1966,
2009-02-06,1968,2007,1965,2000,
2009-02-09,1999,2022,1960,1963,
2009-02-10,1943,1973,1901,1920,
2009-02-11,1934,1938,1909,1932,
2009-02-12,1940,1952,1903,1926,
2009-02-13,1914,1932,1914,1928,
2009-02-16,1928,1955,1927,1947,
2009-02-17,1947,1947,1901,1936,
2009-02-18,1931,1937,1869,1900,
2009-02-19,1882,1886,1869,1873,
2009-02-20,1855,1858,1784,1786,
2009-02-23,1770,1774,1714,1716,
2009-02-24,1701,1754,1681,1741,
2009-02-25,1747,1825,1741,1825,
2009-02-26,1824,1873,1823,1830,
2009-02-27,1829,1853,1828,1844,
2009-03-02,1830,1834,1764,1765,
2009-03-03,1775,1807,1765,1806,
2009-03-04,1806,1862,1793,1846,
2009-03-05,1827,1845,1821,1823,
2009-03-06,1801,1821,1779,1819,
2009-03-09,1810,1850,1806,1833,
2009-03-10,1840,1846,1777,1797,
2009-03-11,1813,1872,1806,1866,
2009-03-12,1860,1909,1858,1892,
2009-03-13,1913,1914,1826,1826,
2009-03-16,1821,1821,1805,1835,
2009-03-17,1855,1878,1851,1856,
2009-03-18,1856,1909,1856,1901,
2009-03-19,1902,1929,1879,1921,
2009-03-20,1904,1929,1903,1921,
2009-03-23,1926,1937,1893,1922,
2009-03-24,1920,1924,1905,1921,
2009-03-25,1918,1927,1888,1920,
2009-03-26,1917,1926,1899,1902,
2009-03-27,1900,1942,1887,1941,
2009-03-30,1939,1959,1939,1950,
2009-03-31,1945,1952,1921,1940,
2009-04-01,1938,1945,1921,1934,
2009-04-02,1932,1958,1923,1947,
2009-04-03,1944,1974,1930,1970,
2009-04-06,1969,1970,1797,1805,
2009-04-07,1796,1888,1785,1882,
2009-04-08,1864,1864,1818,1825,
2009-04-09,1821,1864,1821,1842,
2009-04-14,1817,1838,1795,1797,
2009-04-15,1797,1806,1758,1762,
2009-04-16,1760,1767,1713,1716,
2009-04-17,1716,1761,1707,1760,
2009-04-20,1757,1775,1742,1760,
2009-04-21,1760,1799,1757,1792,
2009-04-22,1792,1802,1771,1792,
2009-04-23,1792,1853,1792,1840,
2009-04-24,1850,1862,1830,1831,
2009-04-27,1814,1814,1790,1798,
2009-04-28,1797,1816,1793,1807,
2009-04-29,1797,1800,1773,1790,
2009-04-30,1799,1804,1773,1774,
2009-05-01,1774,1774,1732,1730,971.0
2009-05-05,1730,1762,1720,1750,
2009-05-06,1742,1766,1736,1754,
2009-05-07,1756,1816,1756,1815,
2009-05-08,1810,1836,1805,1831,
2009-05-11,1831,1841,1764,1769,
2009-05-12,1769,1776,1691,1687,
2009-05-13,1680,1680,1600,1655,
2009-05-14,1597,1603,1573,1590,
2009-05-15,1598,1615,1590,1608,
2009-05-18,1614,1614,1570,1581,
2009-05-19,1578,1593,1574,1578,
2009-05-20,1573,1597,1572,1591,
2009-05-21,1591,1608,1578,1597,
2009-05-22,1590,1618,1577,1611,
2009-05-26,1605,1611,1591,1608,
2009-05-27,1608,1649,1608,1638,
2009-05-28,1633,1726,1628,1703,
2009-05-29,1705,1732,1693,1693,
2009-06-01,1695,1700,1667,1685,
2009-06-02,1685,1706,1655,1691,
2009-06-03,1686,1771,1671,1747,
2009-06-04,1723,1759,1701,1751,
2009-06-05,1753,1793,1744,1764,
2009-06-08,1760,1786,1751,1764,
2009-06-09,1767,1790,1760,1780,
2009-06-10,1789,1798,1753,1779,
2009-06-11,1778,1785,1759,1774,
2009-06-12,1767,1777,1740,1750,
2009-06-15,1728,1730,1661,1680,
2009-06-16,1691,1691,1665,1670,
2009-06-17,1658,1658,1615,1617,
2009-06-18,1626,1645,1612,1619,
2009-06-19,1621,1627,1566,1570,
2009-06-22,1563,1573,1550,1556,
2009-06-23,1562,1578,1558,1570,
2009-06-24,1575,1600,1561,1562,
2009-06-25,1562,1628,1545,1622,
2009-06-26,1622,1623,1559,1605,
2009-06-29,1620,1635,1574,1591,
2009-06-30,1582,1611,1554,1581,
2009-07-01,1581,1599,1570,1570,925.0
2009-07-02,1567,1575,1564,1572,
2009-07-03,1569,1575,1562,1567,756.0
2009-07-06,1563,1578,1554,1576,
2009-07-07,1578,1612,1577,1580,913.0
2009-07-08,1583,1636,1583,1634,
2009-07-09,1609,1685,1605,1671,
2009-07-10,1680,1695,1668,1678,
2009-07-13,1700,1702,1688,1694,
2009-07-14,1708,1730,1699,1729,
2009-07-15,1729,1734,1689,1692,
2009-07-16,1684,1692,1655,1665,
2009-07-17,1729,1773,1729,1773,
2009-07-20,1778,1831,1774,1808,
2009-07-21,1802,1828,1800,1824,
2009-07-22,1823,1823,1740,1748,
2009-07-23,1763,1832,1753,1819,
2009-07-24,1812,1845,1800,1841,
2009-07-27,1856,1859,1807,1808,
2009-07-28,1806,1853,1804,1824,
2009-07-29,1830,1845,1776,1778,
2009-07-30,1776,1840,1775,1831,
2009-07-31,1825,1830,1804,1810,
2009-08-03,1814,1821,1777,1811,
2009-08-04,1794,1820,1793,1810,
2009-08-05,1795,1804,1753,1757,
2009-08-06,1765,1770,1744,1745,
2009-08-07,1745,1779,1741,1775,
2009-08-10,1781,1826,1758,1823,
2009-08-11,1810,1830,1781,1790,
2009-08-12,1782,1816,1777,1810,
2009-08-13,1808,1842,1803,1830,
2009-08-14,1825,1836,1783,1785,
2009-08-17,1781,1789,1737,1739,
2009-08-18,1744,1753,1710,1722,
2009-08-19,1713,1820,1712,1811,
2009-08-20,1814,1835,1799,1833,
2009-08-21,1819,1885,1819,1872,
2009-08-24,1882,1884,1862,1866,
2009-08-25,1879,1908,1879,1902,
2009-08-26,1905,1905,1880,1884,725.0
2009-08-27,1903,1905,1790,1820,
2009-08-28,1840,1841,1792,1806,
2009-09-01,1810,1839,1809,1824,
2009-09-02,1831,1890,1831,1890,905.0
2009-09-03,1890,1901,1861,1862,
2009-09-04,1880,1882,1859,1860,
2009-09-07,1860,1862,1828,1831,
2009-09-08,1835,1865,1835,1857,
2009-09-09,1862,1904,1862,1899,
2009-09-10,1899,1926,1894,1917,
2009-09-11,1922,1936,1900,1918,
2009-09-14,1910,1930,1895,1927,
2009-09-15,1928,1951,1927,1948,
2009-09-16,1998,2011,1887,1982,
2009-09-17,1989,1999,1973,1977,
2009-09-18,1977,2025,1967,2018,
2009-09-21,2032,2037,1979,2003,
2009-09-22,2008,2040,2001,2035,
2009-09-23,2041,2063,2025,2027,
2009-09-24,2014,2040,2005,2015,
2009-09-25,2008,2060,2007,2035,
2009-09-28,2048,2066,2029,2049,
2009-09-29,2048,2061,2015,2036,
2009-09-30,2038,2090,2032,2085,
2009-10-01,2083,2090,2046,2053,
2009-10-02,2044,2048,1978,1988,
2009-10-05,1980,2135,1973,2133,
2009-10-06,2126,2134,2087,2120,
2009-10-07,2127,2147,2120,2133,
2009-10-08,2135,2146,2122,2125,
2009-10-09,2140,2185,2124,2127,
2009-10-12,2113,2118,2050,2064,
2009-10-13,2079,2118,2065,2070,
2009-10-14,2079,2104,2066,2095,
2009-10-15,2090,2136,2084,2127,
2009-10-16,2108,2125,2087,2119,
2009-10-19,2113,2139,2103,2126,
2009-10-20,2126,2149,2125,2143,
2009-10-21,2137,2154,2127,2149,
2009-10-22,2130,2161,2126,2159,
2009-10-23,2160,2193,2157,2174,
2009-10-26,2179,2192,2127,2175,
2009-10-27,2167,2185,2159,2172,
2009-10-28,2159,2168,2122,2153,
2009-10-29,2142,2158,2122,2147,
2009-10-30,2143,2146,2122,2127,
2009-11-02,2132,2144,2101,2109,
2009-11-03,2104,2159,2103,2140,
2009-11-04,2145,2156,2130,2150,
2009-11-05,2139,2145,2105,2108,
2009-11-06,2106,2126,2097,2099,
2009-11-09,2101,2103,2061,2064,
2009-11-10,2060,2067,1995,2026,
2009-11-11,2026,2095,2023,2089,
2009-11-12,2084,2089,2040,2043,
2009-11-13,2040,2041,2012,2019,
2009-11-16,2035,2035,2012,2018,
2009-11-17,2012,2020,1996,2013,
2009-11-18,2027,2082,2014,2078,
2009-11-19,2076,2079,2055,2061,
2009-11-20,2070,2166,2069,2145,
2009-11-23,2140,2154,2130,2144,
2009-11-24,2142,2147,2117,2121,
2009-11-25,2129,2156,2125,2148,
2009-11-26,2148,2183,2148,2158,
2009-11-27,2143,2158,2113,2154,
2009-11-30,2159,2184,2136,2140,
2009-12-01,2140,2169,2138,2167,
2009-12-02,2167,2174,2142,2145,
2009-12-03,2154,2190,2154,2189,
2009-12-04,2195,2204,2176,2183,
2009-12-07,2184,2197,2163,2191,
2009-12-08,2190,2190,2175,2190,
2009-12-09,2190,2210,2176,2204,
2009-12-10,2200,2217,2196,2214,
2009-12-11,2210,2223,2208,2211,
2009-12-14,2214,2215,2185,2207,
2009-12-15,2266,2273,2246,2257,
2009-12-16,2271,2314,2257,2309,
2009-12-17,2309,2337,2286,2304,
2009-12-18,2298,2298,2214,2217,
2009-12-21,2224,2255,2212,2213,
2009-12-22,2227,2241,2214,2239,
2009-12-23,2239,2242,2228,2231,
2009-12-24,2233,2245,2233,2242,752.0
2009-12-29,2235,2240,2217,2234,
2009-12-30,2231,2242,2222,2226,
2009-12-31,2225,2250,2210,2250,
2010-01-04,2237,2246,2205,2222,
2010-01-05,2234,2284,2225,2275,
2010-01-06,2257,2265,2250,2261,
2010-01-07,2257,2290,2249,2284,
2010-01-08,2273,2285,2263,2270,
2010-01-11,2263,2280,2258,2277,
2010-01-12,2280,2286,2267,2278,
2010-01-13,2263,2294,2257,2288,
2010-01-14,2293,2302,2284,2297,
2010-01-15,2301,2312,2285,2305,
2010-01-18,2287,2301,2285,2290,
2010-01-19,2295,2320,2286,2318,
2010-01-20,2310,2324,2299,2303,
2010-01-21,2313,2350,2312,2327,
2010-01-22,2321,2344,2305,2340,
2010-01-25,2323,2340,2318,2324,
2010-01-26,2323,2337,2292,2309,
2010-01-27,2305,2312,2204,2246,
2010-01-28,2236,2271,2208,2245,
2010-01-29,2241,2264,2222,2233,
2010-02-01,2230,2249,2221,2225,
2010-02-02,2227,2230,2157,2213,
2010-02-03,2212,2245,2194,2243,
2010-02-04,2243,2259,2230,2250,
2010-02-05,2236,2255,2199,2205,
2010-02-08,2206,2239,2186,2237,
2010-02-09,2231,2249,2227,2238,
2010-02-10,2233,2250,2219,2246,
2010-02-11,2247,2309,2245,2285,
2010-02-12,2295,2312,2261,2286,
2010-02-15,2294,2322,2294,2298,
2010-02-16,2304,2312,2292,2299,
2010-02-17,2280,2301,2228,2257,
2010-02-18,2257,2277,2246,2250,
2010-02-19,2255,2265,2248,2263,
2010-02-22,2265,2289,2241,2260,
2010-02-23,2260,2272,2171,2177,
2010-02-24,2180,2185,2146,2184,
2010-02-25,2184,2184,2154,2174,
2010-02-26,2177,2199,2174,2181,
2010-03-01,2182,2190,2148,2155,
2010-03-02,2160,2163,2120,2133,
2010-03-03,2120,2127,2096,2125,
2010-03-04,2125,2157,2120,2142,
2010-03-05,2140,2172,2136,2156,942.0
2010-03-08,2151,2155,2139,2144,430.0
2010-03-09,2140,2144,2114,2127,
2010-03-10,2122,2185,2108,2178,
2010-03-11,2179,2187,2165,2171,
2010-03-12,2165,2211,2163,2203,
2010-03-15,2199,2210,2172,2175,
2010-03-16,2169,2172,2120,2155,311.0
2010-03-17,2195,2209,2181,2205,
2010-03-18,2211,2243,2192,2213,
2010-03-19,2215,2229,2178,2198,
2010-03-22,2192,2212,2155,2211,
2010-03-23,2219,2238,2207,2218,
2010-03-24,2208,2215,2172,2201,
2010-03-25,2202,2209,2170,2198,
2010-03-26,2194,2227,2181,2216,
2010-03-29,2217,2251,2217,2246,
2010-03-30,2252,2268,2243,2262,
2010-03-31,2263,2268,2231,2255,
2010-04-01,2251,2273,2242,2251,
2010-04-06,2251,2268,2180,2188,
2010-04-07,2171,2185,2144,2148,
2010-04-08,2151,2159,2131,2141,
2010-04-09,2148,2149,2126,2131,
2010-04-12,2134,2165,2125,2152,
2010-04-13,2149,2153,2100,2121,
2010-04-14,2125,2132,2107,2116,
2010-04-15,2118,2127,2106,2125,
2010-04-16,2142,2181,2130,2180,
2010-04-19,2171,2181,2143,2171,
2010-04-20,2167,2217,2163,2212,
2010-04-21,2219,2241,2206,2239,
2010-04-22,2240,2268,2223,2264,
2010-04-23,2264,2320,2263,2305,
2010-04-26,2314,2334,2295,2328,
2010-04-27,2329,2361,2327,2344,
2010-04-28,2345,2360,2334,2348,
2010-04-29,2347,2367,2345,2364,
2010-04-30,2360,2370,2355,2370,
2010-05-04,2385,2397,2342,2359,
2010-05-05,2358,2369,2349,2368,680.0
2010-05-06,2372,2404,2372,2404,
2010-05-07,2390,2410,2329,2329,
2010-05-10,2332,2350,2323,2331,
2010-05-11,2322,2324,2248,2252,
2010-05-12,2248,2276,2232,2265,
2010-05-13,2253,2264,2250,2259,93.0
2010-05-14,2250,2253,2212,2218,
2010-05-17,2209,2233,2185,2230,
2010-05-18,2232,2267,2217,2261,
2010-05-19,2254,2275,2244,2269,
2010-05-20,2265,2292,2258,2279,
2010-05-21,2276,2328,2269,2315,
2010-05-24,2304,2347,2292,2339,
2010-05-25,2339,2401,2330,2398,
2010-05-26,2397,2437,2388,2432,
2010-05-27,2436,2451,2418,2434,
2010-05-28,2432,2445,2396,2420,
2010-06-01,2409,2446,2390,2444,
2010-06-02,2441,2523,2440,2520,
2010-06-03,2520,2558,2513,2550,
2010-06-04,2565,2606,2553,2559,
2010-06-07,2555,2598,2528,2534,
2010-06-08,2531,2597,2524,2594,
2010-06-09,2585,2608,2540,2560,
2010-06-10,2554,2584,2493,2496,
2010-06-11,2491,2517,2452,2458,
2010-06-14,2468,2510,2464,2485,
2010-06-15,2492,2493,2460,2464,
2010-06-16,2460,2464,2419,2430,
2010-06-17,2434,2434,2410,2418,
2010-06-18,2420,2465,2420,2456,
2010-06-21,2453,2479,2445,2465,
2010-06-22,2465,2520,2460,2516,
2010-06-23,2511,2518,2486,2500,
2010-06-24,2500,2548,2493,2541,
2010-06-25,2541,2559,2517,2554,
2010-06-28,2554,2577,2548,2574,
2010-06-29,2564,2590,2529,2540,
2010-06-30,2540,2559,2495,2503,
2010-07-01,2503,2625,2495,2597,
2010-07-02,2595,2610,2542,2555,
2010-07-05,2556,2556,2516,2557,
2010-07-06,2557,2615,2550,2594,
2010-07-07,2580,2632,2565,2618,
2010-07-08,2631,2637,2589,2601,
2010-07-09,2612,2618,2568,2613,
2010-07-12,2609,2630,2597,2621,
2010-07-13,2625,2650,2520,2601,
2010-07-14,2622,2725,2622,2713,
2010-07-15,2714,2732,2665,2713,
2010-07-16,2425,2470,2424,2445,
2010-07-19,2433,2465,2326,2345,
2010-07-20,2350,2386,2314,2319,
2010-07-21,2320,2335,2280,2286,
2010-07-22,2283,2300,2251,2273,
2010-07-23,2270,2305,2254,2297,
2010-07-26,2294,2314,2274,2279,
2010-07-27,2285,2298,2240,2280,
2010-07-28,2283,2298,2261,2271,
2010-07-29,2274,2289,2250,2286,
2010-07-30,2285,2309,2273,2273,
2010-08-02,2277,2281,2243,2257,
2010-08-03,2250,2273,2243,2259,
2010-08-04,2270,2325,2270,2294,
2010-08-05,2292,2323,2290,2292,
2010-08-06,2293,2297,2179,2193,
2010-08-09,2175,2193,2148,2185,
2010-08-10,2170,2170,2115,2123,
2010-08-11,2123,2132,2100,2106,
2010-08-12,2103,2142,2093,2127,
2010-08-13,2120,2128,2109,2109,
2010-08-16,2106,2113,2073,2104,
2010-08-17,2108,2119,2073,2077,
2010-08-18,2080,2094,2068,2072,
2010-08-19,2075,2085,2063,2066,
2010-08-20,2064,2073,2037,2061,
2010-08-23,2059,2098,2055,2090,
2010-08-24,2092,2096,2072,2093,
2010-08-25,2085,2089,2039,2053,996.0
2010-08-26,2054,2054,2012,2023,
2010-08-27,2017,2033,1981,1981,
2010-08-31,1980,1981,1919,1951,
2010-09-01,1946,1960,1901,1926,
2010-09-02,1929,1948,1915,1943,
2010-09-03,1941,1970,1938,1953,764.0
2010-09-06,1970,1970,1941,1963,
2010-09-07,1962,1962,1922,1925,
2010-09-08,1922,1922,1864,1890,
2010-09-09,1895,1900,1860,1872,
2010-09-10,1867,1867,1834,1839,
2010-09-13,1828,1837,1793,1815,
2010-09-14,1804,1854,1800,1843,
2010-09-15,1849,1851,1809,1816,
2010-09-16,1873,1910,1861,1884,
2010-09-17,1901,1920,1873,1884,
2010-09-20,1890,1893,1862,1865,
2010-09-21,1865,1918,1851,1905,
2010-09-22,1905,1932,1881,1886,
2010-09-23,1888,1897,1872,1879,
2010-09-24,1885,1905,1875,1883,
2010-09-27,1894,1908,1881,1900,
2010-09-28,1900,1903,1884,1893,
2010-09-29,1893,1929,1889,1924,
2010-09-30,1927,1936,1880,1910,
2010-10-01,1921,1938,1866,1868,
2010-10-04,1865,1872,1846,1847,
2010-10-05,1852,1856,1825,1828,
2010-10-06,1840,1857,1832,1848,
2010-10-07,1856,1871,1839,1840,
2010-10-08,1845,1874,1828,1870,
2010-10-11,1878,1905,1860,1905,
2010-10-12,1906,1927,1888,1914,
2010-10-13,1913,1940,1913,1914,
2010-10-14,1881,1905,1870,1902,
2010-10-15,1895,1902,1847,1850,
2010-10-18,1850,1884,1848,1859,
2010-10-19,1861,1871,1839,1853,
2010-10-20,1850,1868,1841,1860,
2010-10-21,1847,1919,1840,1902,
2010-10-22,1906,1934,1904,1925,
2010-10-25,1933,1964,1931,1963,
2010-10-26,1954,1958,1911,1920,
2010-10-27,1923,1959,1913,1917,
2010-10-28,1916,1925,1872,1872,
2010-10-29,1869,1879,1851,1856,
2010-11-01,1847,1863,1838,1842,
2010-11-02,1854,1872,1845,1870,
2010-11-03,1860,1864,1826,1827,
2010-11-04,1830,1844,1816,1818,
2010-11-05,1815,1818,1775,1786,
2010-11-08,1785,1832,1770,1829,
2010-11-09,1842,1875,1829,1873,
2010-11-10,1871,1874,1843,1847,
2010-11-11,1849,1860,1834,1846,
2010-11-12,1829,1838,1798,1800,
2010-11-15,1800,1841,1790,1837,
2010-11-16,1829,1845,1825,1840,
2010-11-17,1837,1878,1833,1870,
2010-11-18,1882,1939,1879,1935,
2010-11-19,1925,1938,1878,1881,
2010-11-22,1885,1905,1877,1878,
2010-11-23,1876,1893,1868,1868,
2010-11-24,1879,1882,1857,1860,
2010-11-25,1855,1857,1845,1847,
2010-11-26,1852,1875,1845,1870,
2010-11-29,1880,1886,1853,1853,
2010-11-30,1855,1906,1848,1892,
2010-12-01,1900,1900,1845,1847,
2010-12-02,1862,1944,1849,1910,
2010-12-03,1927,1964,1918,1954,
2010-12-06,1943,2039,1942,2041,
2010-12-07,2065,2083,2026,2038,
2010-12-08,2025,2035,2006,2008,
2010-12-09,2026,2026,1989,1990,
2010-12-10,1987,1987,1895,1899,
2010-12-13,1893,1923,1884,1900,
2010-12-14,1906,1913,1897,1908,
2010-12-15,1957,1999,1943,1998,
2010-12-16,2010,2035,2003,2006,
2010-12-17,2004,2012,1963,1983,
2010-12-20,1996,2028,1965,1987,
2010-12-21,2003,2018,1985,2008,
2010-12-22,2010,2010,1990,2009,
2010-12-23,2020,2055,2015,2040,
2010-12-24,2042,2050,2014,2036,
2010-12-29,2048,2057,2007,2053,
2010-12-30,2039,2049,2018,2023,
2010-12-31,2030,2044,2001,2017,
2011-01-04,2026,2036,1950,1962,
2011-01-05,1958,1962,1914,1934,
2011-01-06,1933,1954,1922,1924,
2011-01-07,1924,1948,1922,1928,
2011-01-10,1921,1941,1907,1940,
2011-01-11,1935,1973,1932,1970,
2011-01-12,1978,2000,1975,1980,
2011-01-13,1970,1973,1943,1964,
2011-01-14,1970,2011,1954,2006,
2011-01-17,2006,2023,1976,2005,
2011-01-18,2011,2023,1995,2010,
2011-01-19,2005,2060,2003,2055,
2011-01-20,2059,2130,2058,2128,
2011-01-21,2150,2170,2135,2148,
2011-01-24,2290,2307,2170,2190,
2011-01-25,2214,2231,2187,2227,
2011-01-26,2237,2254,2187,2214,
2011-01-27,2225,2249,2195,2200,
2011-01-28,2191,2210,2156,2164,
2011-01-31,2160,2190,2156,2185,
2011-02-01,2193,2197,2141,2160,
2011-02-02,2173,2189,2169,2187,
2011-02-03,2199,2213,2177,2191,
2011-02-04,2176,2183,2128,2139,
2011-02-07,2135,2142,2092,2109,
2011-02-08,2110,2139,2093,2134,
2011-02-09,2125,2159,2120,2147,
2011-02-10,2169,2219,2150,2193,
2011-02-11,2190,2225,2189,2223,
2011-02-14,2240,2256,2232,2239,
2011-02-15,2240,2247,2194,2208,
2011-02-16,2219,2256,2201,2253,
2011-02-17,2245,2261,2230,2244,
2011-02-18,2248,2296,2239,2280,
2011-02-21,2280,2318,2278,2301,
2011-02-22,2318,2378,2318,2362,
2011-02-23,2369,2377,2330,2374,
2011-02-24,2373,2387,2340,2361,
2011-02-25,2365,2390,2357,2378,
2011-02-28,2379,2406,2369,2392,
2011-03-01,2395,2401,2330,2337,
2011-03-02,2338,2355,2300,2354,
2011-03-03,2363,2413,2363,2405,
2011-03-04,2430,2433,2349,2353,
2011-03-07,2347,2367,2298,2350,978.0
2011-03-08,2369,2390,2315,2320,
2011-03-09,2300,2301,2247,2254,
2011-03-10,2231,2240,2147,2239,
2011-03-11,2207,2218,2187,2216,
2011-03-14,2242,2257,2176,2170,
2011-03-15,2160,2160,2094,2119,
2011-03-16,2099,2139,2099,2110,291.0
2011-03-17,2093,2139,2075,2126,
2011-03-18,2138,2142,1999,2003,
2011-03-21,1996,2069,1988,2050,
2011-03-22,2048,2092,2036,2089,
2011-03-23,2089,2118,2076,2089,
2011-03-24,2074,2084,2044,2074,
2011-03-25,2079,2136,2069,2111,
2011-03-28,2102,2134,2101,2124,
2011-03-29,2110,2114,1994,1997,
2011-03-30,1971,2006,1940,1944,
2011-03-31,1935,1942,1907,1915,
2011-04-01,1921,1963,1891,1947,
2011-04-04,1964,1989,1943,1956,
2011-04-05,1900,1922,1888,1912,
2011-04-06,1921,1948,1903,1928,
2011-04-07,1926,1944,1911,1921,
2011-04-08,1913,1929,1883,1898,
2011-04-11,1890,1953,1890,1914,
2011-04-12,1915,1943,1902,1938,
2011-04-13,1944,1967,1935,1948,
2011-04-14,1950,1981,1932,1963,
2011-04-15,1964,1984,1960,1972,
2011-04-18,1973,1991,1924,1927,
2011-04-19,1915,1936,1911,1924,
2011-04-20,1929,1936,1910,1912,
2011-04-21,1905,1916,1871,1874,
2011-04-26,1873,1903,1865,1899,
2011-04-27,1905,1925,1882,1916,
2011-04-28,1918,1975,1903,1975,
2011-04-29,1975,1975,1975,1975,
2011-05-03,1960,1978,1942,1971,
2011-05-04,1980,1997,1932,1937,
2011-05-05,1913,1916,1860,1870,
2011-05-06,1867,1872,1840,1866,
2011-05-09,1866,1899,1852,1867,
2011-05-10,1872,1888,1855,1879,
2011-05-11,1889,1904,1858,1883,
2011-05-12,1894,1895,1822,1845,
2011-05-13,1850,1859,1840,1857,269.0
2011-05-16,1869,1888,1862,1869,
2011-05-17,1869,1874,1846,1855,
2011-05-18,1863,1873,1854,1865,
2011-05-19,1860,1875,1851,1865,
2011-05-20,1859,1861,1814,1816,
2011-05-23,1810,1815,1790,1792,
2011-05-24,1790,1811,1784,1791,
2011-05-25,1790,1855,1783,1841,
2011-05-26,1848,1883,1833,1849,
2011-05-27,1853,1860,1805,1813,
2011-05-30,1813,1813,1813,1813,
2011-05-31,1816,1846,1810,1840,
2011-06-01,1837,1844,1809,1814,
2011-06-02,1814,1824,1795,1796,
2011-06-03,1795,1797,1770,1779,
2011-06-06,1767,1794,1765,1772,
2011-06-07,1769,1808,1768,1781,
2011-06-08,1782,1810,1782,1807,
2011-06-09,1813,1839,1813,1830,
2011-06-10,1850,1861,1841,1848,
2011-06-13,1849,1859,1834,1838,
2011-06-14,1826,1870,1826,1849,
2011-06-15,1852,1866,1834,1837,
2011-06-16,1831,1831,1793,1800,
2011-06-17,1790,1827,1790,1822,999.0
2011-06-20,1818,1850,1800,1848,
2011-06-21,1850,1890,1850,1867,
2011-06-22,1880,1888,1858,1884,
2011-06-23,1889,1920,1859,1879,
2011-06-24,1888,1908,1867,1869,
2011-06-27,1884,1905,1877,1899,
2011-06-28,1903,1911,1885,1899,
2011-06-29,1918,1939,1905,1935,
2011-06-30,1941,1960,1935,1954,
2011-07-01,1954,1964,1939,1963,
2011-07-04,1971,1984,1951,1980,
2011-07-05,1970,2002,1966,2000,
2011-07-06,2000,2018,1976,1981,
2011-07-07,1961,1985,1941,1984,
2011-07-08,1987,2008,1920,1926,
2011-07-11,1906,1928,1903,1905,
2011-07-12,1914,1917,1885,1909,
2011-07-13,1922,1961,1911,1950,
2011-07-14,1950,1970,1921,1948,
2011-07-15,1967,2008,1960,1992,
2011-07-18,1975,2020,1970,2001,
2011-07-19,1992,2009,1972,1994,
2011-07-20,2001,2014,1985,1990,
2011-07-21,1970,1986,1960,1970,
2011-07-22,1957,1960,1896,1901,
2011-07-25,1897,1907,1867,1870,
2011-07-26,1860,1879,1856,1873,
2011-07-27,1865,1904,1864,1890,
2011-07-28,1893,1903,1860,1862,
2011-07-29,1867,1873,1845,1852,
2011-08-01,1851,1863,1844,1857,
2011-08-02,1847,1863,1847,1854,
2011-08-03,1853,1859,1835,1836,
2011-08-04,1840,1855,1831,1833,
2011-08-05,1825,1901,1822,1852,
2011-08-08,1838,1858,1823,1850,
2011-08-09,1854,1868,1845,1865,
2011-08-10,1856,1879,1837,1841,
2011-08-11,1840,1844,1825,1834,
2011-08-12,1835,1850,1833,1838,
2011-08-15,1850,1862,1832,1837,
2011-08-16,1830,1887,1830,1880,
2011-08-17,1880,1901,1872,1895,
2011-08-18,1891,1891,1848,1874,
2011-08-19,1882,1883,1863,1871,
2011-08-22,1877,1909,1877,1906,
2011-08-23,1916,1947,1909,1944,
2011-08-24,1946,1958,1913,1916,
2011-08-25,1917,1928,1883,1891,
2011-08-26,1900,1930,1900,1922,
2011-08-30,1941,1944,1905,1928,
2011-08-31,1925,1940,1923,1936,
2011-09-01,1935,1944,1917,1927,
2011-09-02,1936,1940,1911,1930,
2011-09-05,1925,1935,1914,1916,957.0
2011-09-06,1915,1917,1868,1884,
2011-09-07,1879,1888,1850,1850,
2011-09-08,1840,1841,1815,1815,
2011-09-09,1824,1830,1814,1815,
2011-09-12,1814,1816,1800,1808,
2011-09-13,1809,1821,1800,1809,
2011-09-14,1812,1822,1786,1786,
2011-09-15,1782,1786,1775,1782,
2011-09-16,1820,1825,1805,1807,
2011-09-19,1799,1802,1758,1768,
2011-09-20,1769,1788,1762,1772,
2011-09-21,1771,1786,1756,1781,
2011-09-22,1766,1785,1745,1773,
2011-09-23,1777,1779,1729,1734,
2011-09-26,1725,1757,1721,1747,
2011-09-27,1749,1770,1734,1759,
2011-09-28,1742,1748,1715,1730,
2011-09-29,1725,1747,1714,1745,
2011-09-30,1746,1752,1697,1699,
2011-10-03,1705,1707,1677,1687,
2011-10-04,1680,1718,1674,1706,
2011-10-05,1722,1734,1709,1717,
2011-10-06,1730,1745,1715,1735,
2011-10-07,1740,1740,1707,1717,
2011-10-10,1726,1733,1705,1707,
2011-10-11,1710,1715,1672,1688,
2011-10-12,1692,1707,1681,1687,
2011-10-13,1710,1725,1686,1687,
2011-10-14,1698,1714,1682,1706,
2011-10-17,1708,1713,1673,1693,
2011-10-18,1673,1687,1652,1684,
2011-10-19,1690,1697,1667,1687,
2011-10-20,1668,1685,1666,1671,
2011-10-21,1678,1682,1652,1654,
2011-10-24,1657,1675,1645,1668,
2011-10-25,1675,1689,1664,1674,
2011-10-26,1684,1710,1682,1700,
2011-10-27,1720,1726,1701,1714,
2011-10-28,1712,1716,1685,1700,
2011-10-31,1687,1691,1662,1673,
2011-11-01,1659,1663,1626,1629,
2011-11-02,1637,1660,1630,1654,
2011-11-03,1652,1688,1645,1682,
2011-11-04,1685,1696,1676,1677,
2011-11-07,1689,1697,1673,1689,
2011-11-08,1692,1693,1643,1652,
2011-11-09,1650,1661,1609,1613,
2011-11-10,1614,1624,1580,1583,
2011-11-11,1583,1594,1565,1575,
2011-11-14,1584,1599,1557,1576,
2011-11-15,1575,1580,1552,1579,
2011-11-16,1579,1582,1561,1578,
2011-11-17,1579,1579,1558,1577,
2011-11-18,1572,1572,1533,1537,
2011-11-21,1533,1534,1510,1514,
2011-11-22,1516,1541,1496,1510,
2011-11-23,1509,1529,1508,1516,
2011-11-24,1516,1523,1510,1518,
2011-11-25,1518,1518,1504,1509,
2011-11-28,1517,1521,1485,1488,
2011-11-29,1484,1490,1449,1460,
2011-11-30,1462,1465,1420,1440,
2011-12-01,1443,1450,1428,1429,
2011-12-02,1431,1443,1399,1402,
2011-12-05,1387,1398,1379,1380,
2011-12-06,1380,1387,1352,1359,
2011-12-07,1362,1370,1333,1334,
2011-12-08,1330,1337,1294,1317,
2011-12-09,1315,1328,1279,1281,
2011-12-12,1281,1383,1232,1362,
2011-12-13,1360,1404,1360,1403,
2011-12-14,1477,1482,1414,1423,
2011-12-15,1416,1433,1385,1394,
2011-12-16,1407,1407,1364,1369,
2011-12-19,1359,1379,1340,1343,
2011-12-20,1350,1408,1341,1400,
2011-12-21,1423,1436,1394,1435,
2011-12-22,1434,1440,1397,1414,
2011-12-23,1405,1418,1399,1407,
2011-12-28,1426,1427,1387,1390,
2011-12-29,1398,1398,1362,1364,
2011-12-30,1364,1385,1355,1380,
2012-01-03,1405,1418,1363,1365,
2012-01-04,1358,1381,1344,1345,
2012-01-05,1335,1379,1330,1332,
2012-01-06,1321,1353,1321,1335,
2012-01-09,1337,1445,1331,1428,
2012-01-10,1472,1545,1471,1544,
2012-01-11,1576,1579,1479,1562,
2012-01-12,1568,1576,1537,1545,
2012-01-13,1496,1520,1485,1511,
2012-01-16,1506,1516,1474,1481,
2012-01-17,1504,1507,1470,1504,
2012-01-18,1512,1514,1490,1503,
2012-01-19,1520,1540,1504,1537,
2012-01-20,1529,1541,1487,1489,
2012-01-23,1494,1500,1473,1483,
2012-01-24,1493,1587,1477,1584,
2012-01-25,1588,1612,1571,1589,
2012-01-26,1596,1608,1576,1591,
2012-01-27,1603,1607,1543,1563,
2012-01-30,1526,1532,1486,1489,
2012-01-31,1495,1518,1484,1497,
2012-02-01,1509,1521,1442,1443,
2012-02-02,1447,1466,1442,1449,
2012-02-03,1456,1525,1438,1502,
2012-02-06,1516,1516,1458,1472,
2012-02-07,1464,1480,1457,1472,
2012-02-08,1480,1480,1461,1469,
2012-02-09,1459,1470,1427,1454,
2012-02-10,1435,1442,1404,1411,
2012-02-13,1416,1447,1403,1438,
2012-02-14,1431,1481,1418,1479,
2012-02-15,1491,1556,1486,1552,
2012-02-16,1533,1550,1501,1537,
2012-02-17,1514,1516,1488,1494,
2012-02-20,1491,1515,1487,1505,836.0
2012-02-21,1509,1550,1506,1548,
2012-02-22,1550,1574,1541,1571,
2012-02-23,1576,1578,1494,1510,
2012-02-24,1500,1523,1496,1505,
2012-02-27,1497,1535,1497,1533,
2012-02-28,1552,1570,1506,1513,
2012-02-29,1508,1516,1470,1479,
2012-03-01,1488,1507,1460,1484,
2012-03-02,1497,1497,1467,1470,
2012-03-05,1459,1471,1438,1440,
2012-03-06,1435,1473,1432,1450,
2012-03-07,1461,1462,1448,1452,
2012-03-08,1457,1515,1444,1504,
2012-03-09,1498,1528,1492,1520,
2012-03-12,1521,1544,1508,1513,
2012-03-13,1513,1523,1494,1514,
2012-03-14,1513,1533,1487,1485,
2012-03-15,1466,1466,1442,1428,
2012-03-16,1444,1466,1418,1461,
2012-03-19,1458,1480,1448,1477,
2012-03-20,1479,1532,1474,1519,
2012-03-21,1523,1550,1509,1514,
2012-03-22,1504,1518,1475,1479,
2012-03-23,1489,1494,1466,1492,
2012-03-26,1488,1516,1482,1513,
2012-03-27,1517,1538,1516,1526,
2012-03-28,1519,1546,1504,1513,
2012-03-29,1502,1506,1455,1463,
2012-03-30,1453,1478,1453,1462,
2012-04-02,1470,1497,1445,1446,
2012-04-03,1440,1449,1413,1419,
2012-04-04,1412,1416,1375,1398,
2012-04-05,1394,1437,1389,1421,
2012-04-10,1416,1422,1375,1378,
2012-04-11,1373,1397,1366,1381,
2012-04-12,1370,1414,1360,1412,
2012-04-13,1415,1460,1413,1452,
2012-04-16,1446,1470,1431,1464,
2012-04-17,1458,1488,1454,1478,
2012-04-18,1479,1481,1454,1468,
2012-04-19,1464,1471,1442,1446,
2012-04-20,1434,1481,1434,1476,
2012-04-23,1475,1490,1440,1444,
2012-04-24,1452,1502,1450,1490,
2012-04-25,1489,1514,1478,1483,
2012-04-26,1484,1503,1477,1498,
2012-04-27,1497,1520,1486,1515,
2012-04-30,1518,1526,1441,1472,
2012-05-01,1467,1530,1461,1515,
2012-05-02,1520,1535,1515,1538,
2012-05-03,1542,1547,1513,1517,
2012-05-04,1510,1532,1503,1511,
2012-05-08,1535,1548,1520,1538,
2012-05-09,1525,1543,1525,1540,
2012-05-10,1545,1548,1528,1545,
2012-05-11,1532,1559,1527,1550,
2012-05-14,1530,1538,1520,1526,
2012-05-15,1520,1553,1518,1548,
2012-05-16,1560,1588,1515,1550,573.0
2012-05-17,1537,1550,1525,1528,
2012-05-18,1528,1554,1523,1551,
2012-05-21,1550,1554,1535,1539,
2012-05-22,1527,1552,1496,1511,
2012-05-23,1504,1508,1480,1485,
2012-05-24,1468,1484,1465,1473,
2012-05-25,1482,1485,1467,1476,
2012-05-28,1471,1486,1466,1481,
2012-05-29,1478,1503,1472,1475,
2012-05-30,1467,1469,1442,1450,
2012-05-31,1464,1480,1456,1471,
2012-06-01,1461,1469,1440,1452,
2012-06-05,1452,1452,1452,1452,
2012-06-06,1495,1524,1480,1519,
2012-06-07,1530,1536,1520,1521,
2012-06-08,1515,1545,1512,1530,
2012-06-11,1541,1550,1525,1527,
2012-06-12,1529,1566,1524,1552,
2012-06-13,1565,1570,1548,1568,
2012-06-14,1567,1588,1556,1580,
2012-06-15,1584,1591,1573,1575,
2012-06-18,1585,1585,1526,1530,
2012-06-19,1532,1543,1521,1539,
2012-06-20,1535,1542,1505,1508,
2012-06-21,1503,1546,1499,1516,
2012-06-22,1501,1521,1498,1501,
2012-06-25,1502,1504,1486,1488,
2012-06-26,1496,1515,1493,1509,
2012-06-27,1514,1568,1513,1565,
2012-06-28,1561,1591,1550,1587,
2012-06-29,1590,1616,1578,1614,
2012-07-02,1625,1632,1608,1627,
2012-07-03,1632,1659,1623,1651,
2012-07-04,1646,1651,1626,1635,
2012-07-05,1644,1653,1627,1637,
2012-07-06,1625,1631,1585,1604,
2012-07-09,1598,1639,1584,1634,
2012-07-10,1630,1640,1594,1616,
2012-07-11,1601,1623,1596,1607,
2012-07-12,1560,1575,1540,1540,
2012-07-13,1540,1571,1539,1540,
2012-07-16,1540,1550,1525,1518,399.0
2012-07-17,1505,1518,1488,1501,
2012-07-18,1503,1507,1488,1501,
2012-07-19,1513,1556,1510,1532,
2012-07-20,1529,1554,1523,1543,
2012-07-23,1536,1566,1535,1554,
2012-07-24,1567,1575,1535,1540,
2012-07-25,1552,1562,1533,1553,
2012-07-26,1558,1595,1557,1585,
2012-07-27,1586,1608,1584,1603,
2012-07-30,1601,1615,1599,1609,
2012-07-31,1608,1634,1599,1629,
2012-08-01,1654,1660,1634,1654,
2012-08-02,1651,1660,1636,1649,
2012-08-03,1653,1669,1637,1648,
2012-08-06,1642,1649,1631,1642,
2012-08-07,1654,1673,1649,1672,
2012-08-08,1673,1685,1660,1679,
2012-08-09,1667,1683,1640,1666,
2012-08-10,1656,1679,1656,1650,
2012-08-13,1640,1672,1614,1623,
2012-08-14,1633,1666,1633,1647,
2012-08-15,1656,1660,1629,1638,
2012-08-16,1635,1640,1606,1608,
2012-08-17,1615,1649,1607,1624,
2012-08-20,1644,1644,1600,1605,
2012-08-21,1611,1621,1590,1602,
2012-08-22,1601,1605,1569,1574,
2012-08-23,1578,1590,1560,1570,
2012-08-24,1576,1577,1560,1573,
2012-08-28,1608,1680,1596,1677,
2012-08-29,1681,1697,1670,1677,
2012-08-30,1689,1689,1665,1687,
2012-08-31,1699,1703,1683,1686,
2012-09-03,1669,1686,1646,1652,
2012-09-04,1657,1665,1635,1651,
2012-09-05,1659,1705,1650,1702,
2012-09-06,1696,1730,1696,1718,
2012-09-07,1726,1726,1705,1704,
2012-09-10,1699,1704,1671,1694,
2012-09-11,1702,1704,1658,1665,
2012-09-12,1671,1683,1662,1675,
2012-09-13,1675,1686,1675,1677,
2012-09-14,1700,1713,1682,1692,
2012-09-17,1686,1700,1640,1663,
2012-09-18,1642,1648,1626,1633,
2012-09-19,1640,1649,1629,1642,
2012-09-20,1648,1650,1630,1635,
2012-09-21,1639,1639,1611,1626,
2012-09-24,1623,1624,1577,1583,
2012-09-25,1582,1598,1570,1598,
2012-09-26,1594,1621,1586,1597,
2012-09-27,1592,1605,1586,1601,
2012-09-28,1624,1649,1617,1631,
2012-10-01,1618,1626,1578,1580,
2012-10-02,1580,1603,1560,1599,
2012-10-03,1598,1599,1555,1564,
2012-10-04,1561,1572,1525,1532,
2012-10-05,1524,1543,1523,1525,
2012-10-08,1515,1542,1515,1538,
2012-10-09,1546,1578,1538,1562,
2012-10-10,1555,1567,1533,1535,
2012-10-11,1534,1549,1513,1518,
2012-10-12,1517,1528,1511,1523,
2012-10-15,1510,1522,1509,1514,
2012-10-16,1534,1554,1522,1550,
2012-10-17,1544,1553,1519,1527,
2012-10-18,1528,1577,1520,1575,
2012-10-19,1600,1617,1594,1614,
2012-10-22,1600,1630,1593,1628,
2012-10-23,1616,1631,1607,1630,
2012-10-24,1617,1630,1557,1563,
2012-10-25,1574,1574,1539,1556,
2012-10-26,1557,1568,1541,1544,
2012-10-29,1551,1558,1524,1534,
2012-10-30,1538,1588,1532,1544,
2012-10-31,1536,1558,1534,1548,
2012-11-01,1546,1564,1536,1562,
2012-11-02,1559,1585,1558,1582,
2012-11-05,1574,1597,1571,1579,
2012-11-06,1576,1592,1573,1587,
2012-11-07,1587,1592,1549,1551,
2012-11-08,1556,1556,1516,1519,
2012-11-09,1519,1544,1518,1540,
2012-11-12,1532,1548,1526,1545,
2012-11-13,1538,1561,1536,1553,
2012-11-14,1551,1610,1551,1597,
2012-11-15,1604,1612,1590,1604,
2012-11-16,1598,1598,1550,1556,
2012-11-19,1560,1568,1550,1560,
2012-11-20,1560,1585,1559,1579,
2012-11-21,1572,1590,1565,1588,
2012-11-22,1575,1597,1573,1576,
2012-11-23,1576,1600,1576,1598,814.0
2012-11-26,1601,1605,1566,1586,
2012-11-27,1585,1592,1556,1564,
2012-11-28,1574,1583,1556,1577,
2012-11-29,1588,1600,1563,1593,
2012-11-30,1593,1599,1568,1593,
2012-12-03,1603,1605,1580,1603,
2012-12-04,1598,1618,1584,1592,
2012-12-05,1596,1603,1580,1588,
2012-12-06,1598,1623,1592,1620,
2012-12-07,1623,1630,1607,1621,
2012-12-10,1611,1614,1590,1595,
2012-12-11,1595,1597,1516,1518,
2012-12-12,1520,1570,1515,1533,546.0
2012-12-13,1538,1540,1516,1530,
2012-12-14,1529,1550,1526,1545,
2012-12-17,1538,1543,1522,1532,
2012-12-18,1528,1529,1510,1511,
2012-12-19,1512,1514,1481,1484,
2012-12-20,1483,1485,1457,1471,
2012-12-21,1467,1489,1456,1469,
2012-12-24,1468,1469,1455,1460,992.0
2012-12-27,1451,1455,1439,1441,
2012-12-28,1444,1448,1433,1438,
2012-12-31,1440,1441,1430,1435,
2013-01-02,1440,1440,1420,1429,
2013-01-03,1422,1446,1420,1433,
2013-01-04,1427,1433,1417,1422,
2013-01-07,1420,1444,1416,1441,
2013-01-08,1430,1449,1415,1421,
2013-01-09,1418,1430,1414,1426,
2013-01-10,1435,1444,1428,1442,
2013-01-11,1431,1448,1429,1438,
2013-01-14,1435,1465,1430,1451,
2013-01-15,1438,1465,1436,1455,
2013-01-16,1449,1459,1448,1455,
2013-01-17,1465,1492,1460,1489,
2013-01-18,1497,1499,1477,1482,
2013-01-21,1493,1493,1475,1483,
2013-01-22,1476,1485,1440,1443,
2013-01-23,1447,1454,1431,1447,
2013-01-24,1446,1455,1430,1438,
2013-01-25,1438,1443,1413,1417,
2013-01-28,1417,1429,1417,1421,
2013-01-29,1426,1441,1421,1435,
2013-01-30,1436,1445,1411,1420,
2013-01-31,1422,1440,1415,1428,
2013-02-01,1428,1441,1417,1435,
2013-02-04,1438,1442,1424,1427,
2013-02-05,1431,1465,1424,1464,
2013-02-06,1462,1469,1443,1452,
2013-02-07,1448,1472,1446,1457,
2013-02-08,1459,1463,1440,1442,
2013-02-11,1444,1448,1412,1415,
2013-02-12,1415,1418,1403,1412,
2013-02-13,1416,1427,1413,1423,
2013-02-14,1415,1429,1413,1418,
2013-02-15,1416,1422,1406,1409,
2013-02-18,1410,1419,1399,1400,
2013-02-19,1407,1409,1393,1399,
2013-02-20,1402,1409,1397,1404,
2013-02-21,1409,1424,1399,1419,
2013-02-22,1424,1434,1418,1424,
2013-02-25,1422,1440,1422,1434,
2013-02-26,1431,1436,1411,1416,
2013-02-27,1414,1418,1401,1411,
2013-02-28,1407,1413,1397,1409,
2013-03-01,1411,1415,1379,1381,
2013-03-04,1381,1383,1360,1362,
2013-03-05,1363,1374,1357,1365,
2013-03-06,1365,1373,1357,1367,
2013-03-07,1365,1387,1365,1386,
2013-03-08,1391,1427,1386,1426,
2013-03-11,1430,1440,1426,1440,
2013-03-12,1447,1465,1447,1452,
2013-03-13,1445,1458,1444,1453,
2013-03-14,1469,1469,1439,1441,
2013-03-15,1439,1447,1426,1427,
2013-03-18,1420,1424,1409,1414,
2013-03-19,1423,1423,1413,1418,
2013-03-20,1419,1448,1417,1446,
2013-03-21,1446,1462,1442,1455,
2013-03-22,1456,1464,1443,1446,
2013-03-25,1450,1461,1429,1435,
2013-03-26,1435,1459,1435,1447,
2013-03-27,1444,1458,1440,1452,
2013-03-28,1456,1474,1452,1467,
2013-04-02,1471,1480,1471,1471,
2013-04-03,1471,1480,1442,1452,
2013-04-04,1445,1460,1431,1444,
2013-04-05,1438,1442,1427,1431,
2013-04-08,1428,1475,1427,1473,
2013-04-09,1459,1488,1459,1485,
2013-04-10,1485,1487,1469,1481,
2013-04-11,1482,1493,1481,1488,
2013-04-12,1486,1509,1481,1504,
2013-04-15,1504,1509,1497,1504,
2013-04-16,1504,1540,1500,1534,
2013-04-17,1534,1556,1534,1545,
2013-04-18,1540,1554,1538,1546,
2013-04-19,1560,1560,1546,1558,
2013-04-22,1561,1563,1538,1541,
2013-04-23,1556,1570,1547,1551,
2013-04-24,1554,1563,1541,1551,
2013-04-25,1562,1565,1535,1551,
2013-04-26,1557,1561,1528,1542,
2013-04-29,1532,1538,1511,1523,
2013-04-30,1519,1547,1516,1544,
2013-05-01,1544,1571,1532,1566,
2013-05-02,1564,1578,1557,1565,
2013-05-03,1566,1576,1563,1563,
2013-05-07,1556,1570,1552,1563,
2013-05-08,1560,1566,1540,1556,
2013-05-09,1555,1574,1546,1554,
2013-05-10,1544,1557,1531,1541,
2013-05-13,1533,1585,1527,1580,
2013-05-14,1586,1600,1575,1597,
2013-05-15,1577,1601,1569,1569,
2013-05-16,1557,1559,1527,1529,
2013-05-17,1524,1555,1521,1549,
2013-05-20,1551,1553,1536,1538,
2013-05-21,1536,1572,1533,1569,
2013-05-22,1567,1577,1559,1562,
2013-05-23,1553,1573,1533,1537,
2013-05-24,1529,1534,1520,1522,
2013-05-28,1525,1533,1501,1503,
2013-05-29,1503,1507,1498,1504,
2013-05-30,1502,1513,1497,1500,
2013-05-31,1499,1506,1490,1491,
2013-06-03,1487,1512,1487,1507,
2013-06-04,1507,1532,1500,1528,
2013-06-05,1528,1555,1523,1552,
2013-06-06,1545,1572,1545,1568,
2013-06-07,1569,1570,1546,1563,
2013-06-10,1554,1565,1552,1557,
2013-06-11,1552,1557,1543,1551,
2013-06-12,1543,1551,1539,1548,
2013-06-13,1537,1537,1502,1506,
2013-06-14,1502,1509,1461,1464,
2013-06-17,1453,1460,1435,1440,
2013-06-18,1439,1450,1437,1439,
2013-06-19,1444,1449,1433,1436,
2013-06-20,1437,1437,1413,1415,
2013-06-21,1416,1421,1409,1420,
2013-06-24,1420,1425,1404,1413,
2013-06-25,1420,1429,1410,1428,
2013-06-26,1428,1454,1421,1441,
2013-06-27,1435,1441,1427,1434,
2013-06-28,1434,1446,1422,1440,
2013-07-01,1439,1439,1420,1432,
2013-07-02,1432,1453,1425,1451,
2013-07-03,1455,1481,1452,1476,
2013-07-04,1480,1517,1479,1510,
2013-07-05,1507,1525,1495,1504,
2013-07-08,1503,1516,1484,1484,
2013-07-09,1486,1506,1484,1502,
2013-07-10,1495,1510,1490,1491,
2013-07-11,1499,1522,1496,1520,
2013-07-12,1524,1532,1511,1515,
2013-07-15,1505,1519,1501,1515,
2013-07-16,1519,1543,1518,1538,
2013-07-17,1585,1600,1582,1585,
2013-07-18,1592,1610,1590,1608,
2013-07-19,1615,1626,1603,1609,
2013-07-22,1600,1606,1581,1591,
2013-07-23,1593,1607,1591,1598,
2013-07-24,1592,1603,1571,1595,
2013-07-25,1586,1612,1584,1591,
2013-07-26,1589,1596,1575,1576,
2013-07-29,1564,1575,1541,1543,
2013-07-30,1538,1563,1536,1555,
2013-07-31,1556,1575,1547,1572,
2013-08-01,1578,1587,1567,1575,
2013-08-02,1569,1584,1555,1566,
2013-08-05,1569,1625,1565,1611,
2013-08-06,1621,1621,1600,1610,
2013-08-07,1614,1653,1609,1644,
2013-08-08,1649,1685,1645,1655,
2013-08-09,1653,1654,1633,1648,
2013-08-12,1646,1669,1637,1655,
2013-08-13,1655,1655,1611,1633,
2013-08-14,1629,1662,1625,1652,
2013-08-15,1664,1665,1639,1647,
2013-08-16,1646,1653,1639,1643,
2013-08-19,1637,1653,1623,1651,
2013-08-20,1657,1666,1653,1654,
2013-08-21,1646,1653,1609,1618,
2013-08-22,1625,1637,1620,1630,
2013-08-23,1628,1640,1621,1636,
2013-08-27,1636,1639,1628,1629,
2013-08-28,1630,1659,1629,1654,
2013-08-29,1658,1661,1634,1648,
2013-08-30,1640,1646,1612,1639,
2013-09-02,1628,1628,1616,1622,
2013-09-03,1625,1633,1615,1618,
2013-09-04,1616,1658,1611,1657,
2013-09-05,1661,1717,1655,1715,
2013-09-06,1717,1720,1698,1714,
2013-09-09,1700,1708,1695,1700,
2013-09-10,1702,1706,1686,1703,
2013-09-11,1712,1712,1684,1699,
2013-09-12,1698,1710,1686,1709,
2013-09-13,1712,1714,1699,1699,158.0
2013-09-16,1690,1729,1689,1722,
2013-09-17,1726,1727,1699,1705,
2013-09-18,1705,1717,1702,1712,
2013-09-19,1714,1721,1693,1709,
2013-09-20,1706,1709,1681,1700,
2013-09-23,1699,1711,1696,1703,
2013-09-24,1695,1707,1692,1700,
2013-09-25,1704,1707,1670,1675,
2013-09-26,1667,1702,1662,1698,
2013-09-27,1705,1712,1694,1711,
2013-09-30,1710,1712,1700,1707,
2013-10-01,1707,1708,1685,1691,
2013-10-02,1688,1693,1679,1687,
2013-10-03,1691,1694,1659,1663,
2013-10-04,1666,1699,1664,1694,
2013-10-07,1699,1750,1698,1747,
2013-10-08,1750,1765,1741,1754,
2013-10-09,1761,1764,1747,1753,
2013-10-10,1762,1771,1759,1767,
2013-10-11,1763,1781,1762,1779,
2013-10-14,1777,1780,1744,1753,
2013-10-15,1755,1787,1753,1782,
2013-10-16,1778,1782,1760,1775,
2013-10-17,1778,1778,1763,1768,
2013-10-18,1762,1765,1720,1731,
2013-10-21,1733,1740,1718,1735,
2013-10-22,1740,1756,1731,1753,
2013-10-23,1752,1754,1721,1722,
2013-10-24,1716,1724,1704,1706,
2013-10-25,1706,1727,1697,1720,
2013-10-28,1716,1719,1698,1701,
2013-10-29,1707,1710,1679,1690,
2013-10-30,1690,1690,1674,1682,
2013-10-31,1684,1709,1678,1697,
2013-11-01,1681,1698,1676,1695,
2013-11-04,1694,1695,1677,1688,
2013-11-05,1689,1731,1681,1728,
2013-11-06,1721,1732,1715,1725,
2013-11-07,1725,1727,1690,1702,
2013-11-08,1698,1701,1690,1697,
2013-11-11,1690,1692,1647,1659,
2013-11-12,1655,1704,1654,1683,
2013-11-13,1689,1703,1678,1703,
2013-11-14,1708,1715,1698,1710,
2013-11-15,1708,1741,1692,1739,
2013-11-18,1732,1765,1716,1763,
2013-11-19,1760,1786,1756,1775,
2013-11-20,1771,1789,1770,1783,
2013-11-21,1779,1784,1764,1770,
2013-11-22,1770,1779,1754,1763,
2013-11-25,1760,1769,1755,1766,
2013-11-26,1758,1768,1734,1742,
2013-11-27,1749,1750,1720,1726,
2013-11-28,1722,1738,1720,1736,
2013-11-29,1736,1745,1727,1736,
2013-12-02,1743,1763,1738,1746,
2013-12-03,1746,1746,1733,1735,
2013-12-04,1741,1743,1698,1721,
2013-12-05,1711,1720,1706,1716,
2013-12-06,1719,1752,1714,1742,
2013-12-09,1733,1739,1703,1702,
2013-12-10,1699,1723,1692,1713,
2013-12-11,1707,1722,1705,1718,618.0
2013-12-12,1719,1739,1718,1732,
2013-12-13,1770,1777,1760,1767,
2013-12-16,1752,1800,1747,1784,
2013-12-17,1783,1799,1778,1784,
2013-12-18,1782,1790,1765,1771,
2013-12-19,1776,1789,1771,1780,
2013-12-20,1786,1800,1781,1798,
2013-12-23,1798,1807,1785,1791,
2013-12-24,1798,1809,1793,1809,
2013-12-27,1787,1794,1758,1760,
2013-12-30,1750,1762,1715,1716,
2013-12-31,1716,1734,1714,1730,
2014-01-02,1720,1730,1679,1680,
2014-01-03,1680,1734,1676,1730,
2014-01-06,1737,1738,1703,1706,
2014-01-07,1712,1724,1704,1712,
2014-01-08,1714,1729,1706,1724,
2014-01-09,1726,1736,1715,1716,
2014-01-10,1717,1735,1717,1733,
2014-01-13,1735,1746,1724,1744,
2014-01-14,1737,1764,1736,1762,
2014-01-15,1775,1775,1755,1765,
2014-01-16,1769,1775,1761,1773,
2014-01-17,1763,1764,1715,1730,
2014-01-20,1731,1744,1724,1741,
2014-01-21,1736,1746,1715,1717,
2014-01-22,1713,1724,1697,1718,
2014-01-23,1724,1774,1724,1773,
2014-01-24,1770,1783,1766,1777,
2014-01-27,1772,1834,1757,1830,
2014-01-28,1841,1853,1828,1833,
2014-01-29,1824,1846,1811,1842,
2014-01-30,1841,1851,1835,1849,
2014-01-31,1850,1865,1842,1844,
2014-02-03,1836,1864,1836,1862,
2014-02-04,1861,1865,1835,1840,
2014-02-05,1844,1856,1837,1845,
2014-02-06,1842,1854,1840,1847,
2014-02-07,1848,1871,1846,1867,
2014-02-10,1859,1874,1857,1862,
2014-02-11,1861,1863,1832,1861,
2014-02-12,1865,1879,1862,1871,
2014-02-13,1868,1873,1851,1865,
2014-02-14,1856,1867,1854,1860,
2014-02-17,1858,1866,1858,1863,
2014-02-18,1863,1869,1855,1858,
2014-02-19,1855,1857,1828,1839,
2014-02-20,1842,1866,1834,1856,
2014-02-21,1857,1861,1835,1843,
2014-02-24,1840,1853,1831,1840,
2014-02-25,1836,1836,1790,1810,
2014-02-26,1808,1816,1789,1814,
2014-02-27,1812,1827,1805,1825,
2014-02-28,1822,1858,1819,1838,
2014-03-03,1836,1838,1811,1814,
2014-03-04,1816,1832,1812,1828,
2014-03-05,1826,1836,1819,1833,
2014-03-06,1832,1836,1825,1829,
2014-03-07,1826,1842,1823,1842,
2014-03-10,1842,1851,1838,1849,
2014-03-11,1846,1877,1845,1866,
2014-03-12,1866,1868,1842,1847,
2014-03-13,1845,1882,1845,1871,
2014-03-14,1867,1896,1867,1888,
2014-03-17,1876,1901,1868,1898,
2014-03-18,1896,1901,1883,1897,
2014-03-19,1896,1902,1894,1899,
2014-03-20,1896,1898,1870,1882,
2014-03-21,1882,1896,1874,1879,
2014-03-24,1881,1893,1867,1873,
2014-03-25,1868,1876,1860,1875,
2014-03-26,1875,1879,1862,1875,
2014-03-27,1868,1875,1862,1870,
2014-03-28,1865,1898,1847,1883,
2014-03-31,1879,1895,1862,1867,
2014-04-01,1868,1872,1853,1856,
2014-04-02,1856,1862,1841,1845,
2014-04-03,1854,1859,1843,1849,
2014-04-04,1853,1886,1845,1875,
2014-04-07,1875,1883,1867,1869,
2014-04-08,1865,1876,1852,1875,
2014-04-09,1875,1886,1870,1881,
2014-04-10,1865,1872,1857,1862,
2014-04-11,1865,1879,1861,1876,
2014-04-14,1869,1872,1865,1870,
2014-04-15,1869,1875,1859,1860,
2014-04-16,1858,1860,1845,1849,
2014-04-17,1845,1875,1845,1872,
2014-04-22,1865,1875,1858,1860,
2014-04-23,1862,1871,1854,1868,
2014-04-24,1864,1869,1847,1849,
2014-04-25,1845,1851,1834,1837,
2014-04-28,1834,1846,1829,1834,
2014-04-29,1837,1844,1828,1831,
2014-04-30,1835,1849,1824,1835,
2014-05-01,1832,1833,1801,1808,
2014-05-02,1807,1809,1801,1806,
2014-05-05,1806,1806,1806,1806,
2014-05-06,1810,1810,1792,1801,
2014-05-07,1800,1800,1782,1788,
2014-05-08,1788,1788,1757,1784,
2014-05-09,1777,1786,1770,1771,
2014-05-12,1770,1772,1753,1761,
2014-05-13,1766,1824,1764,1812,
2014-05-14,1804,1804,1790,1794,114.0
2014-05-15,1810,1830,1807,1820,
2014-05-16,1815,1828,1810,1825,
2014-05-19,1824,1840,1811,1839,
2014-05-20,1836,1859,1834,1857,
2014-05-21,1858,1872,1853,1865,
2014-05-22,1863,1888,1862,1883,
2014-05-23,1879,1905,1877,1903,
2014-05-26,1903,1903,1903,1903,
2014-05-27,1906,1921,1883,1913,
2014-05-28,1913,1923,1912,1922,
2014-05-29,1922,1933,1915,1932,
2014-05-30,1932,1952,1931,1950,
2014-06-02,1945,1951,1941,1945,
2014-06-03,1942,1948,1935,1946,
2014-06-04,1946,1965,1945,1961,
2014-06-05,1960,1965,1946,1958,
2014-06-06,1956,1964,1951,1953,
2014-06-09,1951,1961,1944,1956,
2014-06-10,1959,1964,1954,1961,
2014-06-11,1960,1987,1947,1984,
2014-06-12,1990,1995,1961,1964,
2014-06-13,1957,1985,1948,1973,
2014-06-16,1972,1972,1954,1960,
2014-06-17,1957,1973,1957,1970,
2014-06-18,1970,1975,1962,1974,
2014-06-19,1969,1972,1957,1964,
2014-06-20,1962,1968,1942,1965,
2014-06-23,1964,1967,1947,1948,
2014-06-24,1949,1951,1932,1940,
2014-06-25,1944,1955,1937,1950,
2014-06-26,1950,1954,1937,1942,
2014-06-27,1943,1990,1942,1988,
2014-06-30,1984,1992,1969,1979,
2014-07-01,1978,1978,1954,1962,
2014-07-02,1963,1967,1936,1957,
2014-07-03,1964,1974,1951,1954,
2014-07-04,1952,1959,1941,1952,
2014-07-07,1947,1953,1940,1948,
2014-07-08,1947,1957,1932,1952,
2014-07-09,1952,1954,1920,1933,
2014-07-10,1927,1950,1921,1949,
2014-07-11,1945,1958,1942,1959,
2014-07-14,1957,1961,1947,1960,
2014-07-15,1958,1982,1948,1953,
2014-07-16,1951,1958,1935,1944,
2014-07-17,1911,1929,1906,1916,
2014-07-18,1924,1935,1918,1930,
2014-07-21,1929,1951,1922,1948,
2014-07-22,1946,1959,1941,1958,
2014-07-23,1955,1996,1954,1988,
2014-07-24,1990,2000,1975,1986,
2014-07-25,1982,1986,1976,1983,
2014-07-28,1984,1988,1961,1962,
2014-07-29,1965,1982,1959,1980,
2014-07-30,1981,2008,1978,2004,
2014-07-31,2003,2021,2003,2019,
2014-08-01,2017,2028,1983,2014,
2014-08-04,2014,2038,2010,2013,
2014-08-05,2012,2025,1994,2007,
2014-08-06,2009,2026,2009,2024,
2014-08-07,2023,2028,2016,2027,
2014-08-08,2028,2036,2019,2027,
2014-08-11,2030,2033,2021,2026,
2014-08-12,2026,2035,2023,2029,
2014-08-13,2026,2050,2023,2047,
2014-08-14,2046,2073,2046,2072,
2014-08-15,2069,2081,2068,2075,
2014-08-18,2067,2082,2062,2076,
2014-08-19,2076,2079,2051,2052,
2014-08-20,2054,2081,2046,2068,
2014-08-21,2066,2074,2051,2052,
2014-08-22,2058,2062,2042,2057,
2014-08-25,2057,2057,2057,2057,
2014-08-26,2075,2075,2049,2071,
2014-08-27,2071,2088,2044,2054,
2014-08-28,2055,2083,2045,2075,
2014-08-29,2073,2097,2054,2057,
2014-09-01,2060,2067,2029,2031,
2014-09-02,2028,2039,2000,2002,
2014-09-03,2000,2022,1985,2000,
2014-09-04,2004,2006,1979,1997,
2014-09-05,1998,2004,1986,1997,
2014-09-08,1991,2016,1984,2008,
2014-09-09,2004,2024,1994,2021,
2014-09-10,2031,2037,2018,2027,
2014-09-11,2025,2025,2010,2016,
2014-09-12,2010,2061,2009,2044,
2014-09-15,2053,2070,2035,2038,711.0
2014-09-16,2000,2023,1994,2010,
2014-09-17,2008,2051,2004,2045,
2014-09-18,2045,2070,2044,2065,
2014-09-19,2063,2108,2061,2105,
2014-09-22,2105,2140,2095,2136,
2014-09-23,2138,2155,2103,2110,
2014-09-24,2115,2172,2115,2168,
2014-09-25,2165,2187,2138,2140,
2014-09-26,2147,2158,2112,2124,
2014-09-29,2126,2136,2110,2121,
2014-09-30,2123,2139,2105,2110,
2014-10-01,2105,2106,2012,2028,
2014-10-02,2028,2055,1991,1994,
2014-10-03,1995,2015,1990,1995,
2014-10-06,1995,2017,1995,2007,
2014-10-07,2009,2011,1982,1986,
2014-10-08,1991,1996,1978,1978,
2014-10-09,1978,1988,1969,1983,
2014-10-10,1988,2061,1987,2053,
2014-10-13,2050,2087,1993,1998,
2014-10-14,2000,2040,1982,2035,
2014-10-15,2050,2070,2035,2064,
2014-10-16,2045,2060,2015,2021,
2014-10-17,2039,2050,2026,2034,
2014-10-20,2020,2037,1993,2028,
2014-10-21,2033,2035,2005,2023,
2014-10-22,2024,2032,2018,2029,
2014-10-23,2022,2066,2005,2031,
2014-10-24,2025,2035,1977,1984,
2014-10-27,1980,1985,1931,1933,
2014-10-28,1927,1934,1895,1899,
2014-10-29,1905,1920,1888,1915,
2014-10-30,1929,1936,1917,1930,
2014-10-31,1936,1938,1901,1910,
2014-11-03,1905,1914,1888,1889,
2014-11-04,1893,1907,1891,1900,
2014-11-05,1904,1912,1895,1896,
2014-11-06,1894,1918,1890,1915,
2014-11-07,1921,1943,1913,1927,
2014-11-10,1923,1943,1905,1929,
2014-11-11,1929,1943,1929,1941,
2014-11-12,1932,1941,1897,1902,
2014-11-13,1899,1901,1862,1889,
2014-11-14,1894,1900,1870,1881,
2014-11-17,1885,1901,1876,1897,
2014-11-18,1895,1917,1883,1889,
2014-11-19,1895,1898,1884,1896,
2014-11-20,1893,1900,1890,1895,
2014-11-21,1897,1897,1888,1894,
2014-11-24,1895,1918,1888,1916,
2014-11-25,1920,1925,1893,1895,
2014-11-26,1895,1930,1891,1929,
2014-11-27,1930,1945,1924,1944,
2014-11-28,1945,1949,1921,1924,
2014-12-01,1928,1959,1926,1959,
2014-12-02,1960,1974,1948,1949,
2014-12-03,1951,1952,1936,1938,
2014-12-04,1943,1953,1941,1950,
2014-12-05,1950,1985,1948,1978,
2014-12-08,1980,1984,1973,1980,
2014-12-09,1982,2003,1980,1999,
2014-12-10,2001,2008,1999,1999,
2014-12-11,1996,2000,1920,1922,
2014-12-12,1924,1924,1895,1909,
2014-12-15,1890,1914,1889,1907,
2014-12-16,1908,1931,1906,1928,
2014-12-17,1924,1939,1921,1939,
2014-12-18,1940,1975,1939,1969,
2014-12-19,1975,1994,1965,1988,
2014-12-22,1995,2000,1975,1991,
2014-12-23,1989,1996,1983,1991,
2014-12-24,1991,1996,1987,1989,787.0
2014-12-26,1989,1989,1989,1989,787.0
2014-12-29,1982,1999,1963,1982,
2014-12-30,1979,1997,1974,1986,
2014-12-31,1985,1989,1974,1980,
2015-01-02,1958,1991,1953,1987,
2015-01-05,1994,2017,1991,2012,
2015-01-06,2016,2018,1991,2000,
2015-01-07,2000,2020,2000,2016,
2015-01-08,2020,2060,2020,2046,
2015-01-09,2046,2055,2031,2037,
2015-01-12,2030,2056,2026,2055,
2015-01-13,2060,2062,2045,2051,
2015-01-14,2047,2053,2031,2049,
2015-01-15,2038,2049,2026,2044,
2015-01-16,2030,2042,2023,2031,
2015-01-19,2032,2047,2016,2034,
2015-01-20,2030,2040,2018,2019,
2015-01-21,2017,2024,1985,1986,
2015-01-22,1983,1985,1952,1961,
2015-01-23,1952,1968,1936,1937,
2015-01-26,1939,1948,1917,1919,
2015-01-27,1918,1927,1904,1914,
2015-01-28,1916,1917,1899,1902,
2015-01-29,1903,1907,1893,1900,
2015-01-30,1901,1920,1895,1905,
2015-02-02,1903,1907,1891,1893,
2015-02-03,1895,1935,1891,1912,
2015-02-04,1916,1955,1901,1921,
2015-02-05,1918,1938,1911,1934,
2015-02-06,1930,1958,1930,1957,
2015-02-09,1961,2011,1958,2008,
2015-02-10,2008,2010,1976,1993,
2015-02-11,1988,2009,1981,2009,
2015-02-12,2006,2016,2006,2016,
2015-02-13,2015,2020,1995,2018,
2015-02-16,2013,2018,2001,2005,
2015-02-17,2003,2027,2003,2024,
2015-02-18,2024,2030,2002,2029,
2015-02-19,2027,2033,2009,2025,
2015-02-20,2020,2040,2017,2038,
2015-02-23,2040,2044,2026,2042,
2015-02-24,2040,2050,2034,2048,
2015-02-25,2053,2055,1999,2000,
2015-02-26,2003,2020,1984,2019,
2015-02-27,2024,2038,2017,2035,
2015-03-02,2033,2037,2018,2037,
2015-03-03,2038,2046,2029,2045,
2015-03-04,2046,2052,2037,2051,
2015-03-05,2050,2054,2032,2051,
2015-03-06,2050,2054,2031,2032,
2015-03-09,2028,2040,2003,2018,
2015-03-10,2018,2023,1985,1988,
2015-03-11,1985,1988,1967,1966,
2015-03-12,1960,1983,1959,1982,715.0
2015-03-13,1989,2000,1977,1991,
2015-03-16,1994,1994,1977,1977,388.0
2015-03-17,1967,1974,1931,1968,
2015-03-18,1970,1972,1935,1949,
2015-03-19,1945,1956,1919,1923,
2015-03-20,1920,1947,1908,1945,
2015-03-23,1938,1941,1918,1920,
2015-03-24,1918,1953,1905,1948,
2015-03-25,1945,1967,1935,1951,
2015-03-26,1946,1954,1933,1940,
2015-03-27,1940,1940,1913,1921,
2015-03-30,1918,1936,1901,1903,
2015-03-31,1899,1905,1893,1901,
2015-04-01,1898,1930,1897,1920,
2015-04-02,1922,1945,1918,1939,
2015-04-06,1939,1939,1939,1939,
2015-04-07,1948,1950,1939,1942,
2015-04-08,1941,1957,1937,1944,
2015-04-09,1940,1952,1933,1947,
2015-04-10,1945,1964,1937,1940,
2015-04-13,1942,1957,1941,1953,
2015-04-14,1950,1971,1947,1967,
2015-04-15,1966,1968,1943,1945,
2015-04-16,1949,1976,1949,1964,
2015-04-17,1954,1963,1937,1938,
2015-04-20,1939,1939,1903,1905,
2015-04-21,1906,1915,1896,1902,
2015-04-22,1907,1922,1891,1900,
2015-04-23,1899,1919,1894,1916,
2015-04-24,1917,1969,1917,1965,
2015-04-27,1959,1983,1954,1980,
2015-04-28,1982,1995,1967,1971,
2015-04-29,1962,1978,1954,1966,
2015-04-30,1969,1995,1965,1992,
2015-05-01,1988,2005,1962,1974,
2015-05-04,1974,1974,1974,1974,
2015-05-05,1979,2004,1964,2002,
2015-05-06,2000,2006,1986,1989,
2015-05-07,1996,2003,1987,1995,
2015-05-08,1987,1995,1975,1980,
2015-05-11,1985,2026,1975,2018,
2015-05-12,2025,2045,2012,2040,
2015-05-13,2045,2051,2040,2046,457.0
2015-05-14,2039,2050,2034,2049,
2015-05-15,2050,2069,2044,2068,
2015-05-18,2068,2080,2061,2079,
2015-05-19,2080,2100,2077,2098,
2015-05-20,2097,2098,2070,2084,
2015-05-21,2085,2104,2082,2096,
2015-05-22,2095,2113,2087,2112,
2015-05-25,2112,2112,2112,2112,
2015-05-26,2106,2119,2096,2119,
2015-05-27,2117,2128,2104,2126,
2015-05-28,2124,2131,2107,2125,
2015-05-29,2125,2127,2104,2107,
2015-06-01,2107,2110,2093,2094,
2015-06-02,2093,2114,2091,2111,
2015-06-03,2112,2116,2107,2113,
2015-06-04,2116,2117,2096,2102,
2015-06-05,2105,2114,2083,2112,
2015-06-08,2112,2118,2099,2110,
2015-06-09,2106,2109,2087,2097,
2015-06-10,2092,2112,2088,2096,
2015-06-11,2094,2110,2084,2087,
2015-06-12,2081,2110,2080,2102,
2015-06-15,2108,2141,2106,2137,
2015-06-16,2130,2149,2130,2147,
2015-06-17,2147,2147,2123,2128,
2015-06-18,2123,2148,2118,2145,
2015-06-19,2141,2150,2112,2120,
2015-06-22,2117,2138,2112,2135,
2015-06-23,2133,2139,2122,2124,
2015-06-24,2121,2150,2119,2146,
2015-06-25,2150,2161,2136,2138,
2015-06-26,2136,2173,2133,2168,
2015-06-29,2164,2177,2155,2169,
2015-06-30,2169,2174,2133,2139,
2015-07-01,2130,2160,2125,2155,
2015-07-02,2154,2164,2140,2163,
2015-07-03,2152,2166,2147,2159,
2015-07-06,2151,2162,2145,2146,
2015-07-07,2148,2158,2145,2155,
2015-07-08,2150,2163,2150,2161,
2015-07-09,2160,2183,2152,2180,
2015-07-10,2180,2186,2175,2184,
2015-07-13,2174,2186,2171,2182,
2015-07-14,2191,2219,2184,2214,
2015-07-15,2208,2225,2205,2207,
2015-07-16,2199,2205,2194,2194,
2015-07-17,2213,2225,2202,2217,
2015-07-20,2220,2224,2205,2222,
2015-07-21,2222,2233,2214,2223,
2015-07-22,2219,2226,2163,2180,
2015-07-23,2178,2183,2161,2165,
2015-07-24,2167,2181,2130,2131,
2015-07-27,2133,2147,2121,2131,
2015-07-28,2127,2137,2117,2134,
2015-07-29,2134,2142,2126,2139,
2015-07-30,2138,2148,2132,2144,
2015-07-31,2150,2150,2123,2131,
2015-08-03,2129,2133,2108,2110,
2015-08-04,2110,2120,2101,2102,
2015-08-05,2102,2107,2057,2068,
2015-08-06,2060,2067,2032,2033,
2015-08-07,2032,2083,2018,2079,
2015-08-10,2073,2073,2048,2062,
2015-08-11,2062,2085,2016,2049,
2015-08-12,2047,2050,2007,2013,
2015-08-13,2010,2035,1994,2024,
2015-08-14,2024,2036,2010,2020,
2015-08-17,2017,2033,2013,2017,
2015-08-18,2016,2035,2016,2032,
2015-08-19,2030,2066,2029,2061,
2015-08-20,2053,2071,2042,2067,
2015-08-21,2061,2067,2034,2036,
2015-08-24,2022,2049,1975,2040,
2015-08-25,2041,2069,2038,2050,
2015-08-26,2048,2069,2045,2068,
2015-08-27,2066,2085,2063,2081,
2015-08-28,2085,2104,2076,2086,
2015-08-31,2086,2086,2086,2086,
2015-09-01,2081,2110,2080,2110,
2015-09-02,2109,2110,2091,2095,
2015-09-03,2091,2105,2085,2091,
2015-09-04,2097,2146,2097,2133,
2015-09-07,2133,2152,2133,2147,
2015-09-08,2143,2155,2139,2153,
2015-09-09,2156,2190,2156,2189,
2015-09-10,2190,2195,2178,2183,
2015-09-11,2180,2195,2167,2172,863.0
2015-09-14,2184,2204,2184,2202,
2015-09-15,2186,2186,2186,2186,232.0
2015-09-16,2190,2198,2179,2189,
2015-09-17,2182,2199,2177,2197,
2015-09-18,2194,2215,2191,2208,
2015-09-21,2206,2218,2202,2216,
2015-09-22,2215,2237,2212,2235,
2015-09-23,2235,2254,2234,2253,
2015-09-24,2253,2254,2227,2238,
2015-09-25,2238,2256,2234,2240,
2015-09-28,2236,2240,2205,2210,
2015-09-29,2216,2218,2171,2179,
2015-09-30,2179,2181,2136,2140,
2015-10-01,2140,2164,2126,2132,
2015-10-02,2132,2146,2118,2121,
2015-10-05,2126,2131,2112,2126,
2015-10-06,2125,2126,2113,2120,
2015-10-07,2116,2144,2101,2107,
2015-10-08,2101,2104,2082,2093,
2015-10-09,2093,2103,2082,2084,
2015-10-12,2085,2104,2066,2091,
2015-10-13,2103,2150,2084,2141,
2015-10-14,2141,2142,2100,2108,
2015-10-15,2107,2107,2088,2101,
2015-10-16,2095,2120,2092,2117,
2015-10-19,2109,2156,2108,2155,
2015-10-20,2152,2193,2151,2177,
2015-10-21,2178,2193,2136,2145,
2015-10-22,2141,2167,2129,2141,
2015-10-23,2140,2155,2128,2147,
2015-10-26,2148,2181,2146,2175,
2015-10-27,2170,2195,2170,2193,
2015-10-28,2189,2204,2187,2200,
2015-10-29,2200,2210,2177,2200,
2015-10-30,2196,2216,2193,2208,
2015-11-02,2208,2222,2190,2219,
2015-11-03,2217,2225,2211,2223,
2015-11-04,2218,2218,2180,2186,
2015-11-05,2181,2228,2180,2223,
2015-11-06,2229,2236,2209,2233,
2015-11-09,2228,2230,2202,2206,
2015-11-10,2200,2250,2200,2248,
2015-11-11,2243,2261,2236,2260,
2015-11-12,2255,2276,2254,2275,
2015-11-13,2276,2308,2273,2307,
2015-11-16,2303,2322,2297,2315,
2015-11-17,2305,2318,2300,2306,
2015-11-18,2305,2313,2289,2291,
2015-11-19,2293,2308,2291,2297,
2015-11-20,2301,2328,2281,2298,
2015-11-23,2297,2298,2258,2261,
2015-11-24,2266,2286,2264,2284,
2015-11-25,2280,2285,2243,2253,
2015-11-26,2258,2273,2245,2248,
2015-11-27,2243,2264,2243,2260,
2015-11-30,2263,2276,2253,2261,
2015-12-01,2257,2260,2238,2251,
2015-12-02,2255,2270,2244,2269,
2015-12-03,2270,2281,2263,2280,
2015-12-04,2277,2290,2272,2287,
2015-12-07,2290,2302,2287,2298,
2015-12-08,2297,2305,2250,2255,
2015-12-09,2258,2267,2252,2265,
2015-12-10,2268,2269,2241,2244,
2015-12-11,2252,2253,2226,2257,
2015-12-14,2251,2252,2241,2251,282.0
2015-12-15,2300,2302,2276,2286,
2015-12-16,2291,2294,2261,2262,
2015-12-17,2269,2272,2245,2261,
2015-12-18,2262,2269,2246,2257,
2015-12-21,2255,2259,2222,2248,
2015-12-22,2245,2247,2225,2230,
2015-12-23,2224,2263,2215,2261,
2015-12-24,2254,2268,2252,2264,
2015-12-28,2264,2264,2264,2264,
2015-12-29,2233,2246,2230,2243,
2015-12-30,2238,2252,2233,2251,
2015-12-31,2248,2270,2235,2262,
2016-01-04,2257,2258,2207,2209,
2016-01-05,2209,2224,2159,2163,
2016-01-06,2155,2161,2111,2115,
2016-01-07,2110,2110,2060,2107,
2016-01-08,2111,2158,2111,2155,
2016-01-11,2136,2143,2055,2068,
2016-01-12,2060,2079,2044,2063,
2016-01-13,2060,2082,2053,2073,
2016-01-14,2073,2083,2057,2061,
2016-01-15,2070,2117,2070,2115,
2016-01-18,2122,2128,2107,2114,
2016-01-19,2115,2147,2115,2144,
2016-01-20,2130,2133,2039,2054,
2016-01-21,2046,2092,2016,2082,
2016-01-22,2082,2107,2074,2084,
2016-01-25,2084,2091,2043,2049,
2016-01-26,2044,2057,2024,2041,
2016-01-27,2041,2050,1995,2005,
2016-01-28,1999,2037,1972,2012,
2016-01-29,2006,2049,2006,2009,
2016-02-01,2005,2072,1988,2067,
2016-02-02,2067,2069,1985,1990,
2016-02-03,2000,2033,1961,2015,
2016-02-04,2010,2041,1966,1969,
2016-02-05,1975,2024,1964,1990,
2016-02-08,1994,2060,1989,2058,
2016-02-09,2056,2060,2005,2037,
2016-02-10,2032,2065,2013,2046,
2016-02-11,2036,2042,2009,2012,
2016-02-12,2014,2062,2000,2060,
2016-02-15,2058,2075,2027,2037,
2016-02-16,2043,2059,2022,2052,
2016-02-17,2046,2090,2039,2073,
2016-02-18,2068,2110,2065,2109,
2016-02-19,2099,2123,2054,2058,
2016-02-22,2056,2123,2050,2108,
2016-02-23,2109,2132,2084,2125,
2016-02-24,2131,2180,2127,2176,
2016-02-25,2176,2209,2176,2195,
2016-02-26,2189,2212,2150,2161,
2016-02-29,2162,2222,2147,2215,
2016-03-01,2206,2213,2185,2198,
2016-03-02,2201,2204,2163,2192,
2016-03-03,2199,2211,2180,2185,
2016-03-04,2182,2220,2182,2216,
2016-03-07,2213,2230,2200,2215,
2016-03-08,2209,2216,2189,2196,
2016-03-09,2198,2232,2190,2224,
2016-03-10,2222,2243,2222,2239,
2016-03-11,2238,2252,2229,2232,
2016-03-14,2242,2242,2235,2220,
2016-03-15,2257,2269,2255,2258,
2016-03-16,2257,2262,2242,2261,
2016-03-17,2255,2266,2223,2260,
2016-03-18,2260,2275,2251,2256,
2016-03-21,2256,2269,2229,2238,
2016-03-22,2243,2250,2223,2235,
2016-03-23,2240,2246,2180,2211,
2016-03-24,2211,2217,2175,2202,
2016-03-29,2200,2202,2179,2186,
2016-03-30,2182,2196,2169,2171,
2016-03-31,2170,2177,2119,2156,
2016-04-01,2152,2166,2124,2127,
2016-04-04,2130,2137,2098,2108,
2016-04-05,2098,2137,2092,2132,
2016-04-06,2135,2155,2125,2149,
2016-04-07,2154,2159,2120,2124,
2016-04-08,2122,2144,2120,2136,
2016-04-11,2137,2156,2122,2146,
2016-04-12,2149,2167,2133,2166,
2016-04-13,2151,2173,2126,2165,
2016-04-14,2173,2200,2161,2197,
2016-04-15,2188,2220,2175,2184,
2016-04-18,2177,2213,2166,2212,
2016-04-19,2217,2226,2204,2221,
2016-04-20,2223,2238,2220,2232,
2016-04-21,2228,2255,2224,2247,
2016-04-22,2256,2274,2252,2270,
2016-04-25,2272,2277,2253,2266,
2016-04-26,2260,2287,2257,2287,
2016-04-27,2288,2294,2270,2279,
2016-04-28,2278,2283,2257,2269,
2016-04-29,2266,2314,2266,2313,
2016-05-02,2313,2313,2313,2313,
2016-05-03,2310,2310,2288,2300,
2016-05-04,2297,2303,2264,2299,
2016-05-05,2292,2292,2273,2274,
2016-05-06,2272,2272,2216,2225,
2016-05-09,2217,2242,2216,2236,
2016-05-10,2241,2261,2240,2253,
2016-05-11,2259,2269,2240,2240,
2016-05-12,2247,2247,2194,2201,
2016-05-13,2179,2182,2179,2180,
2016-05-16,2190,2201,2142,2157,
2016-05-17,2151,2153,2129,2133,
2016-05-18,2137,2150,2118,2141,
2016-05-19,2144,2150,2118,2120,
2016-05-20,2125,2152,2124,2148,
2016-05-23,2141,2215,2139,2214,
2016-05-24,2225,2242,2184,2194,
2016-05-25,2195,2208,2163,2170,
2016-05-26,2172,2172,2146,2167,
2016-05-27,2179,2218,2179,2210,
2016-05-30,2210,2210,2210,2210,
2016-05-31,2203,2243,2203,2238,
2016-06-01,2239,2248,2211,2237,
2016-06-02,2232,2259,2226,2249,
2016-06-03,2248,2261,2215,2241,
2016-06-06,2241,2274,2241,2258,
2016-06-07,2255,2260,2238,2257,
2016-06-08,2262,2262,2243,2253,
2016-06-09,2256,2267,2243,2258,
2016-06-10,2260,2278,2244,2276,
2016-06-13,2275,2306,2275,2299,
2016-06-14,2304,2312,2292,2308,
2016-06-15,2308,2330,2304,2325,
2016-06-16,2322,2329,2216,2296,
2016-06-17,2296,2307,2270,2286,
2016-06-20,2270,2278,2258,2263,
2016-06-21,2267,2271,2245,2270,
2016-06-22,2272,2285,2269,2281,
2016-06-23,2279,2288,2260,2286,
2016-06-24,2344,2351,2309,2343,
2016-06-27,2350,2412,2350,2395,
2016-06-28,2395,2402,2378,2395,
2016-06-29,2395,2401,2365,2390,
2016-06-30,2392,2400,2360,2385,
2016-07-01,2386,2405,2374,2404,
2016-07-04,2406,2429,2404,2417,851.0
2016-07-05,2420,2489,2420,2485,
2016-07-06,2501,2530,2496,2525,
2016-07-07,2531,2549,2517,2549,
2016-07-08,2550,2559,2540,2546,
2016-07-11,2547,2575,2547,2564,
2016-07-12,2555,2555,2538,2545,
2016-07-13,2558,2578,2554,2577,
2016-07-14,2578,2578,2575,2522,488.0
2016-07-15,2473,2489,2445,2450,
2016-07-18,2460,2473,2449,2470,
2016-07-19,2473,2480,2435,2437,
2016-07-20,2432,2451,2414,2417,
2016-07-21,2410,2413,2355,2362,
2016-07-22,2344,2426,2344,2384,
2016-07-25,2382,2397,2343,2347,
2016-07-26,2350,2364,2335,2342,
2016-07-27,2334,2362,2334,2352,
2016-07-28,2356,2361,2322,2332,
2016-07-29,2332,2334,2291,2297,
2016-08-01,2301,2368,2289,2356,
2016-08-02,2352,2380,2315,2323,
2016-08-03,2325,2386,2307,2379,
2016-08-04,2377,2409,2363,2404,
2016-08-05,2409,2436,2399,2420,
2016-08-08,2415,2427,2401,2404,
2016-08-09,2405,2425,2387,2390,
2016-08-10,2391,2431,2368,2420,
2016-08-11,2427,2427,2400,2413,
2016-08-12,2409,2425,2401,2420,
2016-08-15,2422,2472,2422,2468,
2016-08-16,2475,2486,2455,2485,
2016-08-17,2487,2502,2472,2500,
2016-08-18,2505,2512,2487,2512,
2016-08-19,2505,2514,2477,2492,
2016-08-22,2485,2485,2403,2406,
2016-08-23,2421,2440,2381,2434,
2016-08-24,2437,2453,2391,2415,
2016-08-25,2415,2444,2405,2426,
2016-08-26,2425,2443,2408,2429,
2016-08-29,2429,2429,2429,2429,
2016-08-30,2404,2411,2357,2361,
2016-08-31,2356,2370,2339,2359,
2016-09-01,2355,2360,2300,2311,
2016-09-02,2302,2307,2290,2290,
2016-09-05,2288,2289,2278,2288,
2016-09-06,2287,2298,2259,2277,
2016-09-07,2283,2309,2270,2281,
2016-09-08,2276,2283,2265,2274,
2016-09-09,2256,2256,2187,2189,
2016-09-12,2195,2208,2168,2207,
2016-09-13,2202,2215,2194,2215,
2016-09-14,2222,2249,2222,2245,576.0
2016-09-15,2257,2257,2257,2274,
2016-09-16,2254,2264,2238,2246,
2016-09-19,2252,2307,2252,2298,
2016-09-20,2285,2318,2285,2305,
2016-09-21,2300,2316,2295,2308,
2016-09-22,2299,2335,2299,2320,
2016-09-23,2322,2334,2257,2290,
2016-09-26,2290,2290,2259,2273,
2016-09-27,2275,2290,2266,2285,
2016-09-28,2285,2287,2241,2263,
2016-09-29,2263,2263,2194,2212,
2016-09-30,2208,2228,2192,2223,
2016-10-03,2239,2270,2223,2267,
2016-10-04,2262,2298,2256,2295,
2016-10-05,2291,2315,2289,2311,
2016-10-06,2309,2309,2263,2279,
2016-10-07,2291,2324,2289,2319,
2016-10-10,2315,2328,2202,2230,
2016-10-11,2236,2253,2224,2249,
2016-10-12,2249,2261,2217,2232,
2016-10-13,2237,2258,2228,2251,
2016-10-14,2247,2281,2247,2268,
2016-10-17,2265,2268,2219,2246,
2016-10-18,2244,2258,2211,2224,
2016-10-19,2221,2240,2217,2238,
2016-10-20,2238,2258,2218,2237,
2016-10-21,2233,2243,2211,2235,
2016-10-24,2233,2235,2211,2231,
2016-10-25,2234,2267,2231,2263,
2016-10-26,2269,2279,2258,2277,
2016-10-27,2277,2281,2250,2272,
2016-10-28,2270,2283,2252,2279,
2016-10-31,2279,2283,2251,2262,
2016-11-01,2260,2260,2224,2229,
2016-11-02,2230,2236,2212,2226,
2016-11-03,2226,2232,2185,2192,
2016-11-04,2185,2187,2080,2103,
2016-11-07,2108,2125,2030,2045,
2016-11-08,2050,2076,2042,2064,
2016-11-09,2033,2058,2033,2050,
2016-11-10,2055,2065,2043,2055,
2016-11-11,2059,2075,2042,2068,
2016-11-14,2068,2075,2029,2034,
2016-11-15,2030,2033,2015,2019,
2016-11-16,2017,2038,2010,2034,
2016-11-17,2030,2037,1985,2031,
2016-11-18,2027,2058,2023,2057,
2016-11-21,2057,2060,2025,2040,
2016-11-22,2045,2065,2025,2055,
2016-11-23,2058,2063,2036,2060,
2016-11-24,2063,2063,2049,2057,
2016-11-25,2062,2065,2020,2044,
2016-11-28,2050,2053,2030,2033,
2016-11-29,2031,2031,1974,1993,
2016-11-30,1996,1998,1946,1964,
2016-12-01,1964,1968,1954,1961,
2016-12-02,1950,1950,1894,1901,
2016-12-05,1896,1896,1844,1861,
2016-12-06,1854,1855,1803,1830,
2016-12-07,1822,1825,1782,1808,
2016-12-08,1816,1818,1770,1773,
2016-12-09,1770,1770,1711,1698,
2016-12-12,1693,1733,1668,1732,
2016-12-13,1744,1757,1741,1754,
2016-12-14,1820,1843,1791,1829,
2016-12-15,1833,1844,1802,1823,
2016-12-16,1818,1825,1773,1818,
2016-12-19,1823,1867,1820,1863,
2016-12-20,1855,1865,1836,1844,
2016-12-21,1849,1861,1838,1852,
2016-12-22,1849,1852,1798,1802,
2016-12-23,1804,1818,1790,1816,
2016-12-27,1816,1816,1816,1816,
2016-12-28,1829,1833,1788,1805,
2016-12-29,1805,1809,1760,1767,
2016-12-30,1757,1779,1723,1732,
2017-01-02,1732,1732,1732,1732,
2017-01-03,1736,1765,1725,1757,
2017-01-04,1754,1812,1754,1806,
2017-01-05,1797,1812,1785,1809,
2017-01-06,1809,1848,1805,1821,
2017-01-09,1821,1821,1752,1781,
2017-01-10,1778,1801,1764,1798,
2017-01-11,1792,1805,1742,1751,
2017-01-12,1757,1814,1749,1811,
2017-01-13,1815,1815,1788,1797,
2017-01-16,1795,1798,1783,1792,
2017-01-17,1788,1797,1763,1792,
2017-01-18,1801,1820,1785,1799,
2017-01-19,1798,1813,1753,1758,
2017-01-20,1750,1762,1735,1748,
2017-01-23,1742,1762,1733,1746,
2017-01-24,1748,1769,1741,1757,
2017-01-25,1759,1770,1735,1747,
2017-01-26,1747,1749,1716,1720,
2017-01-27,1709,1714,1684,1696,
2017-01-30,1690,1705,1685,1687,
2017-01-31,1691,1718,1683,1686,
2017-02-01,1680,1708,1676,1686,
2017-02-02,1689,1691,1663,1687,
2017-02-03,1690,1695,1670,1687,
2017-02-06,1691,1704,1673,1676,
2017-02-07,1677,1681,1639,1641,
2017-02-08,1638,1646,1618,1624,
2017-02-09,1624,1645,1618,1622,
2017-02-10,1624,1625,1596,1598,
2017-02-13,1593,1598,1555,1558,
2017-02-14,1548,1575,1524,1540,
2017-02-15,1545,1605,1539,1602,
2017-02-16,1603,1643,1595,1641,
2017-02-17,1650,1663,1608,1613,
2017-02-20,1610,1610,1588,1599,
2017-02-21,1598,1610,1583,1601,
2017-02-22,1605,1614,1593,1594,
2017-02-23,1600,1623,1595,1617,
2017-02-24,1618,1618,1586,1590,
2017-02-27,1588,1601,1568,1578,
2017-02-28,1575,1580,1529,1529,
2017-03-01,1531,1546,1522,1525,
2017-03-02,1530,1571,1519,1561,
2017-03-03,1551,1603,1551,1590,
2017-03-06,1600,1600,1571,1577,
2017-03-07,1577,1589,1563,1580,
2017-03-08,1575,1580,1565,1576,
2017-03-09,1574,1580,1556,1572,
2017-03-10,1578,1611,1564,1597,
2017-03-13,1601,1668,1594,1663,
2017-03-14,1664,1697,1664,1696,
2017-03-15,1688,1707,1681,1683,
2017-03-16,1686,1704,1686,1678,293.0
2017-03-17,1654,1659,1633,1636,
2017-03-20,1645,1729,1627,1722,
2017-03-21,1728,1759,1708,1730,
2017-03-22,1738,1751,1708,1744,
2017-03-23,1744,1754,1727,1750,
2017-03-24,1750,1750,1709,1714,
2017-03-27,1712,1738,1695,1719,
2017-03-28,1728,1728,1698,1708,
2017-03-29,1698,1707,1675,1686,
2017-03-30,1687,1695,1658,1683,
2017-03-31,1683,1689,1668,1679,
2017-04-03,1676,1692,1650,1689,
2017-04-04,1692,1703,1674,1696,
2017-04-05,1693,1701,1679,1691,
2017-04-06,1696,1696,1665,1671,
2017-04-07,1660,1664,1606,1614,
2017-04-10,1612,1616,1577,1579,
2017-04-11,1577,1598,1559,1590,
2017-04-12,1580,1585,1553,1568,
2017-04-13,1555,1561,1515,1522,
2017-04-18,1520,1537,1472,1497,
2017-04-19,1489,1497,1442,1449,
2017-04-20,1433,1438,1336,1385,
2017-04-21,1378,1425,1366,1423,
2017-04-24,1407,1437,1386,1390,
2017-04-25,1390,1424,1374,1418,
2017-04-26,1430,1460,1417,1445,
2017-04-27,1438,1441,1415,1435,
2017-04-28,1433,1441,1394,1403,
2017-05-02,1391,1416,1382,1384,
2017-05-03,1378,1378,1351,1359,
2017-05-04,1359,1414,1357,1411,
2017-05-05,1408,1437,1383,1432,
2017-05-08,1446,1508,1439,1498,
2017-05-09,1499,1509,1483,1495,
2017-05-10,1495,1499,1481,1493,
2017-05-11,1496,1504,1489,1495,
2017-05-12,1497,1544,1488,1536,
2017-05-15,1570,1570,1570,1570,
2017-05-16,1593,1607,1540,1578,
2017-05-17,1578,1591,1554,1589,
2017-05-18,1586,1607,1577,1605,
2017-05-19,1603,1605,1559,1563,
2017-05-22,1569,1583,1549,1566,
2017-05-23,1560,1582,1551,1554,
2017-05-24,1539,1548,1456,1468,
2017-05-25,1466,1490,1443,1449,
2017-05-26,1460,1500,1459,1495,
2017-05-30,1499,1584,1482,1582,
2017-05-31,1579,1615,1572,1583,
2017-06-01,1575,1583,1527,1571,
2017-06-02,1570,1578,1549,1554,
2017-06-05,1555,1559,1501,1541,
2017-06-06,1553,1553,1528,1540,
2017-06-07,1530,1551,1522,1530,
2017-06-08,1530,1601,1518,1536,
2017-06-09,1560,1610,1540,1605,
2017-06-12,1609,1661,1605,1657,
2017-06-13,1660,1672,1620,1622,
2017-06-14,1622,1633,1608,1630,
2017-06-15,1640,1653,1628,1631,
2017-06-16,1634,1644,1594,1607,
2017-06-19,1608,1619,1546,1550,
2017-06-20,1550,1568,1542,1555,
2017-06-21,1552,1559,1510,1512,
2017-06-22,1508,1510,1465,1488,
2017-06-23,1475,1529,1475,1520,
2017-06-26,1512,1526,1478,1490,
2017-06-27,1484,1533,1483,1500,
2017-06-28,1500,1519,1492,1504,
2017-06-29,1497,1509,1483,1486,
2017-06-30,1482,1550,1474,1533,
2017-07-03,1540,1578,1540,1547,
2017-07-04,1548,1556,1518,1535,
2017-07-05,1542,1546,1522,1539,
2017-07-06,1537,1537,1487,1506,
2017-07-07,1506,1508,1479,1487,887.0
2017-07-10,1488,1499,1443,1458,
2017-07-11,1459,1465,1417,1443,
2017-07-12,1441,1450,1434,1452,
2017-07-13,1461,1510,1461,1500,
2017-07-14,1506,1514,1498,1505,278.0
2017-07-17,1506,1514,1488,1507,
2017-07-18,1512,1534,1508,1512,
2017-07-19,1505,1539,1502,1533,
2017-07-20,1541,1559,1535,1548,
2017-07-21,1544,1569,1537,1561,
2017-07-24,1552,1568,1543,1554,
2017-07-25,1558,1558,1515,1521,
2017-07-26,1521,1529,1502,1506,
2017-07-27,1502,1569,1502,1565,
2017-07-28,1562,1598,1558,1595,
2017-07-31,1594,1606,1582,1590,
2017-08-01,1590,1607,1554,1561,
2017-08-02,1541,1582,1537,1580,
2017-08-03,1587,1604,1579,1594,
2017-08-04,1594,1614,1554,1563,
2017-08-07,1570,1593,1563,1584,
2017-08-08,1575,1608,1574,1576,
2017-08-09,1570,1572,1540,1557,
2017-08-10,1555,1572,1530,1538,
2017-08-11,1536,1554,1522,1542,
2017-08-14,1529,1534,1488,1492,
2017-08-15,1494,1494,1456,1459,
2017-08-16,1460,1472,1438,1446,
2017-08-17,1450,1469,1442,1464,
2017-08-18,1477,1496,1465,1481,
2017-08-21,1485,1491,1456,1482,
2017-08-22,1484,1499,1471,1481,
2017-08-23,1468,1480,1460,1472,
2017-08-24,1464,1493,1464,1489,
2017-08-25,1496,1518,1496,1514,
2017-08-29,1560,1560,1520,1528,
2017-08-30,1517,1529,1480,1500,
2017-08-31,1507,1518,1483,1503,
2017-09-01,1497,1519,1494,1503,
2017-09-04,1512,1514,1492,1497,
2017-09-05,1505,1529,1495,1498,
2017-09-06,1495,1503,1450,1459,
2017-09-07,1458,1461,1428,1432,
2017-09-08,1427,1437,1417,1436,
2017-09-11,1441,1442,1414,1427,
2017-09-12,1428,1432,1416,1432,
2017-09-13,1434,1454,1430,1459,
2017-09-14,1466,1466,1466,1466,
2017-09-15,1473,1489,1460,1484,
2017-09-18,1479,1498,1471,1474,
2017-09-19,1471,1487,1460,1468,
2017-09-20,1466,1483,1462,1480,
2017-09-21,1483,1503,1478,1492,
2017-09-22,1495,1508,1467,1472,
2017-09-25,1466,1493,1461,1470,
2017-09-26,1471,1481,1466,1473,
2017-09-27,1472,1499,1471,1498,
2017-09-28,1498,1509,1474,1476,
2017-09-29,1478,1518,1474,1516,
2017-10-02,1520,1530,1496,1529,
2017-10-03,1530,1561,1519,1554,
2017-10-04,1550,1571,1548,1558,
2017-10-05,1562,1580,1556,1579,
2017-10-06,1580,1594,1571,1593,
2017-10-09,1584,1597,1528,1533,
2017-10-10,1535,1563,1531,1547,
2017-10-11,1548,1585,1548,1583,
2017-10-12,1590,1602,1571,1580,
2017-10-13,1578,1582,1553,1566,
2017-10-16,1564,1569,1534,1537,
2017-10-17,1537,1558,1535,1556,
2017-10-18,1558,1571,1551,1560,
2017-10-19,1563,1599,1553,1596,
2017-10-20,1600,1615,1586,1592,
2017-10-23,1587,1593,1566,1580,
2017-10-24,1579,1585,1556,1561,
2017-10-25,1562,1566,1540,1548,
2017-10-26,1550,1577,1550,1576,
2017-10-27,1583,1586,1559,1573,
2017-10-30,1575,1575,1550,1571,
2017-10-31,1571,1571,1551,1553,
2017-11-01,1556,1575,1541,1571,
2017-11-02,1570,1582,1544,1550,
2017-11-03,1549,1561,1536,1559,
2017-11-06,1554,1588,1547,1585,
2017-11-07,1585,1598,1578,1596,
2017-11-08,1600,1635,1599,1629,
2017-11-09,1630,1640,1624,1632,
2017-11-10,1633,1654,1628,1642,
2017-11-13,1647,1652,1630,1638,
2017-11-14,1638,1639,1604,1606,
2017-11-15,1608,1609,1562,1581,
2017-11-16,1585,1593,1580,1587,
2017-11-17,1587,1589,1566,1577,
2017-11-20,1570,1570,1536,1544,
2017-11-21,1544,1554,1533,1544,
2017-11-22,1549,1555,1543,1552,
2017-11-23,1547,1551,1536,1542,
2017-11-24,1545,1545,1510,1533,
2017-11-27,1530,1536,1500,1503,
2017-11-28,1503,1505,1481,1487,
2017-11-29,1477,1500,1464,1496,
2017-11-30,1494,1494,1429,1444,
2017-12-01,1444,1449,1423,1438,
2017-12-04,1440,1443,1401,1406,
2017-12-05,1406,1409,1351,1364,
2017-12-06,1371,1382,1343,1344,
2017-12-07,1340,1363,1324,1326,
2017-12-08,1324,1350,1320,1336,
2017-12-11,1357,1361,1301,1329,
2017-12-12,1307,1320,1307,1371,804.0
2017-12-13,1409,1420,1389,1414,
2017-12-14,1418,1423,1402,1411,
2017-12-15,1407,1415,1402,1407,
2017-12-18,1418,1425,1407,1420,
2017-12-19,1419,1421,1395,1410,
2017-12-20,1409,1422,1397,1420,
2017-12-21,1416,1416,1388,1407,
2017-12-22,1398,1398,1376,1379,
2017-12-26,1379,1379,1379,1379,
2017-12-27,1375,1382,1346,1366,
2017-12-28,1376,1398,1368,1393,
2017-12-29,1380,1389,1366,1378,
2018-01-02,1375,1390,1350,1383,
2018-01-03,1390,1393,1366,1374,
2018-01-04,1363,1370,1322,1367,
2018-01-05,1357,1369,1338,1364,
2018-01-08,1360,1374,1346,1371,
2018-01-09,1370,1395,1364,1376,
2018-01-10,1380,1405,1380,1404,
2018-01-11,1408,1415,1381,1396,
2018-01-12,1387,1400,1368,1380,
2018-01-15,1390,1405,1375,1404,
2018-01-16,1404,1408,1372,1391,
2018-01-17,1389,1422,1378,1417,
2018-01-18,1424,1427,1399,1403,
2018-01-19,1394,1397,1367,1380,
2018-01-22,1381,1389,1366,1370,
2018-01-23,1374,1384,1363,1364,
2018-01-24,1366,1366,1329,1357,
2018-01-25,1354,1366,1348,1356,
2018-01-26,1360,1388,1346,1381,
2018-01-29,1385,1395,1363,1370,
2018-01-30,1369,1390,1357,1385,
2018-01-31,1381,1405,1381,1399,
2018-02-01,1391,1411,1387,1408,
2018-02-02,1414,1457,1408,1455,
2018-02-05,1451,1471,1448,1457,
2018-02-06,1458,1481,1444,1462,
2018-02-07,1470,1480,1444,1448,
2018-02-08,1438,1467,1436,1460,
2018-02-09,1459,1473,1448,1468,
2018-02-12,1470,1470,1427,1435,
2018-02-13,1426,1456,1424,1446,
2018-02-14,1455,1469,1440,1463,
2018-02-15,1470,1490,1464,1476,
2018-02-16,1477,1491,1464,1484,
2018-02-19,1479,1487,1478,1483,
2018-02-20,1482,1498,1480,1497,
2018-02-21,1498,1525,1489,1519,
2018-02-22,1507,1527,1506,1510,
2018-02-23,1505,1535,1504,1532,
2018-02-26,1535,1556,1515,1551,
2018-02-27,1554,1574,1541,1568,
2018-02-28,1568,1576,1550,1574,
2018-03-01,1577,1607,1571,1602,
2018-03-02,1608,1638,1597,1638,
2018-03-05,1639,1733,1635,1729,
2018-03-06,1734,1753,1701,1750,
2018-03-07,1751,1761,1742,1749,
2018-03-08,1737,1810,1737,1807,
2018-03-09,1812,1829,1786,1771,
2018-03-12,1773,1824,1773,1822,
2018-03-13,1815,1830,1809,1813,
2018-03-14,1815,1815,1813,1787,309.0
2018-03-15,1791,1810,1774,1796,
2018-03-16,1792,1809,1789,1796,
2018-03-19,1804,1805,1730,1731,
2018-03-20,1734,1779,1711,1756,
2018-03-21,1761,1779,1741,1775,
2018-03-22,1780,1794,1764,1786,
2018-03-23,1781,1829,1772,1821,
2018-03-26,1830,1836,1801,1820,
2018-03-27,1820,1820,1758,1770,
2018-03-28,1776,1799,1722,1796,
2018-03-29,1792,1800,1749,1753,
2018-04-03,1778,1783,1712,1733,
2018-04-04,1723,1749,1696,1725,
2018-04-05,1727,1746,1701,1728,
2018-04-06,1722,1732,1680,1685,
2018-04-09,1685,1732,1671,1724,
2018-04-10,1722,1727,1693,1710,
2018-04-11,1712,1750,1705,1741,
2018-04-12,1743,1750,1724,1728,
2018-04-13,1727,1745,1719,1735,
2018-04-16,1729,1795,1728,1791,
2018-04-17,1790,1796,1774,1787,
2018-04-18,1792,1850,1790,1836,
2018-04-19,1842,1849,1826,1838,
2018-04-20,1840,1840,1774,1788,
2018-04-23,1789,1809,1772,1783,
2018-04-24,1781,1819,1772,1804,
2018-04-25,1805,1816,1775,1812,
2018-04-26,1820,1842,1760,1829,
2018-04-27,1834,1840,1810,1837,
2018-04-30,1833,1856,1820,1856,
2018-05-01,1844,1896,1838,1887,
2018-05-02,1890,1914,1873,1881,
2018-05-03,1872,1899,1862,1897,644.0
2018-05-04,1900,1902,1875,1884,604.0
2018-05-08,1905,1915,1865,1866,
2018-05-09,1868,1872,1817,1870,
2018-05-10,1864,1870,1846,1866,
2018-05-11,1857,1870,1840,1855,
2018-05-14,1848,1853,1809,1822,
2018-05-15,1819,1840,1809,1813,168.0
2018-05-16,1868,1901,1844,1895,
2018-05-17,1895,1933,1852,1856,
2018-05-18,1852,1908,1840,1882,
2018-05-21,1874,1886,1861,1863,
2018-05-22,1856,1896,1850,1857,
2018-05-23,1866,1885,1866,1882,
2018-05-24,1881,1885,1860,1865,
2018-05-25,1868,1884,1842,1844,
2018-05-28,1844,1844,1844,1844,
2018-05-29,1843,1855,1810,1815,
2018-05-30,1820,1831,1808,1821,
2018-05-31,1815,1819,1767,1773,
2018-06-01,1770,1777,1739,1760,
2018-06-04,1758,1758,1682,1693,
2018-06-05,1681,1693,1632,1639,
2018-06-06,1636,1664,1615,1646,
2018-06-07,1644,1657,1611,1615,
2018-06-08,1612,1697,1609,1689,
2018-06-11,1679,1681,1626,1676,
2018-06-12,1676,1706,1660,1685,
2018-06-13,1675,1686,1626,1636,
2018-06-14,1633,1691,1631,1687,
2018-06-15,1686,1756,1672,1750,
2018-06-18,1747,1765,1714,1747,
2018-06-19,1753,1790,1740,1784,
2018-06-20,1786,1847,1785,1845,
2018-06-21,1850,1850,1810,1832,
2018-06-22,1831,1842,1799,1835,
2018-06-25,1841,1846,1830,1834,
2018-06-26,1840,1844,1806,1827,
2018-06-27,1834,1834,1796,1820,
2018-06-28,1813,1893,1797,1885,
2018-06-29,1875,1905,1850,1898,
2018-07-02,1890,1908,1877,1906,
2018-07-03,1900,1915,1859,1868,
2018-07-04,1850,1860,1849,1860,621.0
2018-07-05,1852,1900,1844,1897,876.0
2018-07-06,1881,1900,1850,1876,
2018-07-09,1874,1874,1855,1867,924.0
2018-07-10,1873,1891,1864,1882,803.0
2018-07-11,1874,1881,1844,1867,512.0
2018-07-12,1857,1872,1846,1862,709.0
2018-07-13,1858,1860,1844,1860,
2018-07-16,1915,1920,1890,1885,140.0
2018-07-17,1754,1766,1740,1743,
2018-07-18,1753,1768,1706,1709,
2018-07-19,1707,1742,1688,1693,
2018-07-20,1703,1718,1686,1699,
2018-07-23,1703,1707,1674,1678,
2018-07-24,1673,1679,1648,1653,
2018-07-25,1649,1658,1637,1646,
2018-07-26,1649,1706,1636,1693,
2018-07-27,1694,1709,1644,1648,
2018-07-30,1640,1664,1640,1646,
2018-07-31,1643,1651,1595,1601,
2018-08-01,1592,1597,1527,1529,
2018-08-02,1536,1556,1522,1536,
2018-08-03,1537,1548,1518,1525,
2018-08-06,1528,1584,1514,1583,
2018-08-07,1581,1583,1538,1542,
2018-08-08,1546,1576,1535,1554,
2018-08-09,1553,1566,1532,1539,
2018-08-10,1536,1554,1532,1544,
2018-08-13,1545,1559,1533,1537,
2018-08-14,1533,1538,1522,1529,
2018-08-15,1530,1570,1527,1532,
2018-08-16,1536,1557,1532,1539,
2018-08-17,1539,1547,1529,1534,
2018-08-20,1533,1572,1528,1557,
2018-08-21,1557,1593,1544,1592,
2018-08-22,1595,1625,1591,1625,
2018-08-23,1625,1648,1614,1646,
2018-08-24,1650,1670,1647,1664,
2018-08-28,1658,1659,1635,1649,
2018-08-29,1646,1651,1632,1643,
2018-08-30,1642,1654,1608,1610,
2018-08-31,1617,1636,1606,1635,
2018-09-03,1628,1628,1592,1611,
2018-09-04,1610,1629,1598,1625,
2018-09-05,1614,1638,1604,1615,
2018-09-06,1615,1630,1601,1606,
2018-09-07,1604,1630,1595,1600,
2018-09-10,1605,1613,1586,1603,
2018-09-11,1602,1602,1553,1564,
2018-09-12,1553,1555,1515,1541,
2018-09-13,1560,1560,1539,1549,290.0
2018-09-14,1634,1640,1582,1584,
2018-09-17,1584,1615,1582,1585,
2018-09-18,1587,1607,1580,1592,
2018-09-19,1596,1602,1565,1566,
2018-09-20,1566,1581,1556,1563,
2018-09-21,1568,1582,1555,1565,
2018-09-24,1560,1605,1552,1597,
2018-09-25,1588,1596,1560,1563,
2018-09-26,1564,1566,1537,1539,
2018-09-27,1547,1560,1526,1529,
2018-09-28,1531,1544,1494,1496,
2018-10-01,1503,1511,1455,1463,
2018-10-02,1476,1549,1471,1541,
2018-10-03,1541,1545,1494,1498,
2018-10-04,1498,1531,1487,1508,
2018-10-05,1504,1544,1504,1527,
2018-10-08,1544,1566,1530,1553,
2018-10-09,1560,1577,1550,1573,
2018-10-10,1570,1576,1537,1545,
2018-10-11,1538,1567,1534,1552,
2018-10-12,1560,1598,1560,1596,
2018-10-15,1597,1610,1540,1569,
2018-10-16,1569,1608,1551,1589,
2018-10-17,1603,1617,1588,1615,
2018-10-18,1618,1618,1575,1581,
2018-10-19,1582,1608,1571,1606,
2018-10-22,1607,1643,1602,1641,
2018-10-23,1636,1640,1608,1629,
2018-10-24,1640,1658,1614,1616,
2018-10-25,1628,1677,1626,1675,
2018-10-26,1676,1716,1673,1704,
2018-10-29,1711,1718,1665,1673,
2018-10-30,1675,1705,1669,1703,
2018-10-31,1702,1705,1670,1695,
2018-11-01,1682,1693,1657,1676,
2018-11-02,1671,1677,1646,1675,
2018-11-05,1672,1700,1664,1696,
2018-11-06,1696,1703,1681,1696,
2018-11-07,1696,1702,1675,1698,
2018-11-08,1698,1699,1637,1648,
2018-11-09,1650,1658,1629,1638,
2018-11-12,1643,1643,1616,1618,
2018-11-13,1618,1618,1587,1593,
2018-11-14,1592,1600,1566,1582,
2018-11-15,1587,1620,1585,1599,
2018-11-16,1599,1623,1588,1609,
2018-11-19,1620,1621,1587,1597,
2018-11-20,1592,1592,1576,1578,
2018-11-21,1578,1578,1556,1558,855.0
2018-11-22,1559,1560,1549,1551,
2018-11-23,1551,1552,1530,1533,
2018-11-26,1534,1544,1516,1530,
2018-11-27,1533,1578,1533,1566,
2018-11-28,1564,1568,1542,1556,
2018-11-29,1552,1585,1546,1569,
2018-11-30,1568,1580,1548,1571,
2018-12-03,1580,1587,1546,1572,
2018-12-04,1573,1583,1557,1568,
2018-12-05,1564,1565,1514,1521,
2018-12-06,1529,1535,1498,1501,
2018-12-07,1504,1554,1493,1545,
2018-12-10,1545,1556,1525,1547,
2018-12-11,1532,1533,1471,1486,
2018-12-12,1490,1559,1480,1525,438.0
2018-12-13,1610,1680,1610,1674,
2018-12-14,1675,1693,1656,1665,
2018-12-17,1663,1679,1646,1657,
2018-12-18,1653,1687,1650,1685,
2018-12-19,1693,1711,1672,1709,
2018-12-20,1709,1711,1656,1685,
2018-12-21,1699,1701,1658,1682,
2018-12-24,1679,1707,1679,1704,
2018-12-26,1704,1704,1704,1704,
2018-12-27,1747,1761,1726,1753,
2018-12-28,1755,1765,1712,1764,
2018-12-31,1760,1769,1741,1766,
2019-01-02,1769,1769,1740,1763,
2019-01-03,1765,1773,1751,1760,
2019-01-04,1761,1761,1705,1724,
2019-01-07,1725,1749,1718,1746,
2019-01-08,1740,1740,1714,1730,
2019-01-09,1728,1731,1702,1709,
2019-01-10,1707,1735,1690,1710,
2019-01-11,1710,1726,1695,1698,
2019-01-14,1704,1711,1673,1678,
2019-01-15,1681,1701,1647,1666,
2019-01-16,1666,1699,1661,1687,
2019-01-17,1684,1705,1679,1684,
2019-01-18,1695,1697,1669,1671,
2019-01-21,1676,1682,1667,1668,
2019-01-22,1669,1673,1621,1633,
2019-01-23,1634,1637,1611,1623,
2019-01-24,1622,1649,1618,1633,
2019-01-25,1634,1641,1600,1601,
2019-01-28,1601,1638,1596,1607,
2019-01-29,1604,1623,1584,1590,
2019-01-30,1595,1599,1572,1582,
2019-01-31,1580,1587,1567,1571,
2019-02-01,1575,1604,1572,1591,
2019-02-04,1592,1635,1591,1633,
2019-02-05,1623,1674,1623,1671,
2019-02-06,1681,1719,1681,1708,
2019-02-07,1715,1729,1669,1698,
2019-02-08,1706,1718,1683,1686,
2019-02-11,1687,1724,1673,1719,
2019-02-12,1720,1730,1705,1709,
2019-02-13,1706,1717,1692,1713,
2019-02-14,1711,1718,1690,1714,
2019-02-15,1716,1762,1712,1761,
2019-02-18,1759,1774,1753,1772,
2019-02-19,1767,1780,1754,1778,
2019-02-20,1779,1782,1760,1766,
2019-02-21,1763,1775,1727,1759,
2019-02-22,1759,1785,1753,1757,
2019-02-25,1757,1762,1728,1736,
2019-02-26,1731,1750,1715,1734,
2019-02-27,1734,1748,1727,1746,
2019-02-28,1749,1749,1704,1709,
2019-03-01,1715,1724,1686,1691,
2019-03-04,1687,1687,1652,1655,
2019-03-05,1652,1658,1640,1646,
2019-03-06,1645,1720,1635,1715,
2019-03-07,1710,1710,1672,1675,
2019-03-08,1680,1710,1679,1703,
2019-03-11,1711,1715,1700,1704,
2019-03-12,1700,1734,1692,1733,
2019-03-13,1733,1743,1711,1727,
2019-03-14,1717,1717,1699,1700,590.0
2019-03-15,1681,1688,1653,1656,
2019-03-18,1662,1673,1646,1654,
2019-03-19,1648,1681,1638,1650,
2019-03-20,1651,1656,1612,1614,
2019-03-21,1616,1622,1609,1620,
2019-03-22,1619,1637,1611,1628,
2019-03-25,1630,1685,1619,1677,
2019-03-26,1678,1698,1669,1687,
2019-03-27,1683,1696,1670,1691,
2019-03-28,1690,1712,1688,1710,
2019-03-29,1708,1731,1703,1728,
2019-04-01,1730,1750,1726,1749,
2019-04-02,1750,1773,1742,1770,
2019-04-03,1765,1783,1760,1780,
2019-04-04,1783,1810,1772,1807,
2019-04-05,1806,1811,1779,1810,
2019-04-08,1808,1810,1790,1795,
2019-04-09,1789,1807,1752,1804,
2019-04-10,1803,1813,1783,1810,
2019-04-11,1808,1821,1792,1809,
2019-04-12,1805,1839,1800,1835,
2019-04-15,1835,1837,1805,1815,
2019-04-16,1825,1825,1773,1809,
2019-04-17,1804,1868,1804,1865,
2019-04-18,1849,1877,1845,1859,
2019-04-23,1845,1862,1835,1846,
2019-04-24,1835,1848,1812,1829,
2019-04-25,1832,1857,1832,1838,
2019-04-26,1839,1879,1818,1876,
2019-04-29,1878,1910,1875,1908,
2019-04-30,1905,1939,1900,1936,
2019-05-01,1935,1955,1910,1918,
2019-05-02,1922,1940,1914,1933,
2019-05-03,1930,1950,1904,1909,
2019-05-07,1900,1900,1867,1887,
2019-05-08,1879,1901,1876,1877,
2019-05-09,1880,1883,1859,1879,
2019-05-10,1868,1875,1847,1868,
2019-05-13,1874,1880,1855,1855,
2019-05-14,1855,1855,1768,1768,
2019-05-15,1681,1736,1681,1727,220.0
2019-05-16,1697,1745,1690,1743,
2019-05-17,1744,1747,1723,1729,
2019-05-20,1727,1749,1710,1743,
2019-05-21,1742,1774,1732,1771,
2019-05-22,1773,1779,1759,1761,
2019-05-23,1761,1782,1757,1773,
2019-05-24,1773,1794,1766,1789,
2019-05-28,1788,1801,1777,1785,
2019-05-29,1793,1800,1769,1783,
2019-05-30,1784,1803,1779,1796,
2019-05-31,1800,1814,1779,1785,
2019-06-03,1792,1799,1747,1751,
2019-06-04,1748,1780,1732,1769,
2019-06-05,1775,1789,1757,1780,
2019-06-06,1775,1789,1758,1782,
2019-06-07,1780,1800,1771,1798,
2019-06-10,1799,1833,1794,1832,
2019-06-11,1826,1850,1826,1836,
2019-06-12,1843,1862,1843,1853,
2019-06-13,1852,1856,1822,1836,
2019-06-14,1840,1849,1828,1831,
2019-06-17,1833,1848,1811,1826,
2019-06-18,1832,1838,1823,1835,
2019-06-19,1833,1849,1830,1838,
2019-06-20,1830,1837,1792,1794,
2019-06-21,1790,1833,1790,1824,
2019-06-24,1824,1828,1809,1812,
2019-06-25,1814,1819,1798,1800,
2019-06-26,1802,1819,1795,1801,
2019-06-27,1792,1802,1770,1786,
2019-06-28,1788,1805,1767,1771,
2019-07-01,1789,1810,1789,1799,
2019-07-02,1799,1804,1783,1784,
2019-07-03,1784,1796,1764,1766,
2019-07-04,1776,1800,1776,1796,
2019-07-05,1799,1800,1771,1785,
2019-07-08,1796,1863,1790,1862,
2019-07-09,1864,1875,1830,1840,
2019-07-10,1842,1849,1801,1802,705.0
2019-07-11,1803,1805,1765,1766,
2019-07-12,1780,1791,1759,1777,814.0
2019-07-15,1757,1765,1717,1720,
2019-07-16,1757,1759,1669,1722,266.0
2019-07-17,1841,1857,1822,1836,
2019-07-18,1831,1857,1831,1833,
2019-07-19,1837,1853,1833,1836,
2019-07-22,1849,1869,1842,1866,
2019-07-23,1859,1868,1848,1853,
2019-07-24,1858,1864,1837,1842,
2019-07-25,1846,1851,1825,1843,
2019-07-26,1852,1859,1822,1825,
2019-07-29,1829,1843,1821,1841,
2019-07-30,1846,1856,1833,1847,
2019-07-31,1841,1848,1816,1825,
2019-08-01,1825,1854,1819,1823,
2019-08-02,1829,1843,1819,1822,
2019-08-05,1824,1827,1787,1791,
2019-08-06,1794,1795,1759,1762,
2019-08-07,1764,1777,1735,1738,
2019-08-08,1748,1748,1724,1728,
2019-08-09,1730,1738,1725,1726,
2019-08-12,1735,1747,1717,1719,
2019-08-13,1722,1725,1683,1684,
2019-08-14,1688,1690,1667,1668,
2019-08-15,1677,1686,1643,1646,
2019-08-16,1650,1653,1626,1629,
2019-08-19,1633,1650,1632,1636,
2019-08-20,1636,1642,1621,1625,
2019-08-21,1624,1659,1624,1654,
2019-08-22,1653,1673,1641,1649,
2019-08-23,1652,1659,1644,1647,
2019-08-27,1647,1658,1631,1644,
2019-08-28,1645,1647,1628,1641,
2019-08-29,1639,1643,1617,1618,
2019-08-30,1621,1647,1616,1640,
2019-09-02,1641,1659,1640,1652,947.0
2019-09-03,1660,1680,1652,1674,
2019-09-04,1673,1700,1670,1690,
2019-09-05,1678,1678,1660,1661,
2019-09-06,1661,1675,1657,1664,
2019-09-09,1659,1664,1635,1654,
2019-09-10,1663,1663,1622,1629,
2019-09-11,1625,1625,1608,1613,
2019-09-12,1619,1663,1614,1634,539.0
2019-09-13,1623,1700,1623,1697,218.0
2019-09-16,1784,1832,1784,1821,
2019-09-17,1815,1829,1798,1824,
2019-09-18,1829,1839,1821,1838,
2019-09-19,1837,1875,1833,1873,
2019-09-20,1867,1883,1861,1876,
2019-09-23,1883,1888,1871,1881,
2019-09-24,1884,1888,1856,1869,
2019-09-25,1870,1919,1869,1918,
2019-09-26,1920,1948,1918,1944,
2019-09-27,1944,1954,1930,1940,
2019-09-30,1938,1941,1914,1917,
2019-10-01,1921,1938,1914,1919,
2019-10-02,1922,1939,1922,1933,
2019-10-03,1931,1970,1928,1968,
2019-10-04,1970,1992,1949,1956,
2019-10-07,1956,1959,1907,1922,
2019-10-08,1927,1952,1909,1938,
2019-10-09,1938,1938,1899,1916,
2019-10-10,1911,1945,1908,1942,
2019-10-11,1932,1953,1916,1931,
2019-10-14,1933,1934,1888,1898,
2019-10-15,1911,1950,1898,1934,
2019-10-16,1930,1931,1904,1922,
2019-10-17,1930,1945,1905,1909,
2019-10-18,1920,1930,1883,1897,
2019-10-21,1891,1897,1865,1880,
2019-10-22,1888,1888,1860,1870,
2019-10-23,1878,1896,1864,1894,
2019-10-24,1894,1933,1893,1927,
2019-10-25,1929,1937,1912,1913,
2019-10-28,1919,1926,1901,1921,
2019-10-29,1923,1925,1902,1915,
2019-10-30,1917,1919,1895,1897,
2019-10-31,1900,1900,1854,1861,
2019-11-01,1860,1905,1852,1898,
2019-11-04,1887,1917,1887,1908,
2019-11-05,1909,1910,1884,1892,
2019-11-06,1891,1894,1874,1888,
2019-11-07,1888,1890,1880,1885,
2019-11-08,1885,1932,1885,1926,
2019-11-11,1920,1948,1914,1946,
2019-11-12,1946,2034,1940,2030,
2019-11-13,2024,2059,2013,2053,
2019-11-14,2053,2071,2053,2056,
2019-11-15,2056,2061,2040,2054,
2019-11-18,2054,2059,2034,2041,
2019-11-19,2041,2045,2030,2036,
2019-11-20,2036,2044,2022,2035,
2019-11-21,2030,2049,2023,2047,
2019-11-22,2047,2050,2039,2047,
2019-11-25,2045,2050,2039,2049,
2019-11-26,2049,2064,2041,2056,
2019-11-27,2058,2064,2015,2026,
2019-11-28,2025,2026,2008,2014,
2019-11-29,2015,2017,1992,1999,
2019-12-02,1997,2027,1980,1984,
2019-12-03,1997,2001,1979,1984,
2019-12-04,1987,1989,1970,1972,
2019-12-05,1976,1988,1967,1982,
2019-12-06,2000,2022,1993,2002,
2019-12-09,1996,1999,1981,1990,
2019-12-10,1992,1992,1929,1974,
2019-12-11,1990,1990,1860,1864,
2019-12-12,1850,1850,1846,1858,908.0
2019-12-13,1780,1797,1763,1795,
2019-12-16,1795,1800,1766,1768,
2019-12-17,1778,1788,1761,1783,
2019-12-18,1783,1796,1771,1781,
2019-12-19,1780,1788,1752,1753,
2019-12-20,1755,1765,1745,1749,
2019-12-23,1746,1774,1743,1768,
2019-12-24,1764,1773,1760,1763,
2019-12-27,1759,1829,1759,1817,
2019-12-30,1814,1839,1796,1799,
2019-12-31,1799,1828,1795,1819,
2020-01-02,1816,1850,1809,1838,
2020-01-03,1837,1866,1826,1829,
2020-01-06,1827,1827,1780,1789,
2020-01-07,1788,1831,1783,1823,
2020-01-08,1825,1827,1810,1812,
2020-01-09,1815,1853,1810,1848,
2020-01-10,1844,1897,1844,1880,
2020-01-13,1880,1908,1880,1900,
2020-01-14,1904,1969,1904,1965,
2020-01-15,1962,1994,1959,1977,
2020-01-16,1991,1999,1950,1955,
2020-01-17,1952,2007,1931,2003,
2020-01-20,2003,2004,1987,1999,
2020-01-21,1994,2029,1983,2027,
2020-01-22,2024,2037,1996,1998,
2020-01-23,1994,1998,1963,1969,
2020-01-24,1968,1982,1944,1946,
2020-01-27,1945,1969,1922,1955,
2020-01-28,1957,1978,1937,1939,
2020-01-29,1932,1965,1925,1953,
2020-01-30,1960,2017,1958,1991,
2020-01-31,1990,1993,1951,1955,
2020-02-03,1952,1954,1914,1935,
2020-02-04,1930,1940,1912,1928,
2020-02-05,1916,1977,1916,1970,
2020-02-06,1965,2003,1949,1999,
2020-02-07,1998,2044,1993,2012,
2020-02-10,2012,2030,1998,2008,
2020-02-11,2001,2044,1999,2003,
2020-02-12,2015,2020,1969,1975,
2020-02-13,1969,1985,1958,1974,
2020-02-14,1974,1987,1960,1963,
2020-02-17,1971,1990,1967,1983,752.0
2020-02-18,1988,1999,1955,1972,
2020-02-19,1977,2000,1975,1988,
2020-02-20,1990,2009,1987,2005,
2020-02-21,2009,2025,1993,2000,
2020-02-24,1990,1994,1968,1976,
2020-02-25,1988,1991,1970,1976,
2020-02-26,1976,1979,1960,1966,
2020-02-27,1966,1973,1956,1959,
2020-02-28,1956,1956,1911,1926,
2020-03-02,1934,1944,1895,1914,
2020-03-03,1921,1933,1899,1906,
2020-03-04,1907,1915,1889,1892,
2020-03-05,1891,1893,1851,1854,
2020-03-06,1861,1864,1833,1850,
2020-03-09,1837,1837,1793,1806,
2020-03-10,1827,1845,1812,1833,
2020-03-11,1839,1870,1834,1860,
2020-03-12,1860,1860,1808,1816,
2020-03-13,1807,1807,1778,1782,
2020-03-16,1743,1743,1732,1723,353.0
2020-03-17,1840,1862,1798,1853,
2020-03-18,1835,1886,1835,1865,
2020-03-19,1850,1854,1789,1813,
2020-03-20,1818,1835,1775,1832,
2020-03-23,1806,1852,1806,1846,
2020-03-24,1850,1880,1839,1848,
2020-03-25,1846,1864,1830,1836,
2020-03-26,1835,1836,1797,1809,
2020-03-27,1809,1809,1780,1785,
2020-03-30,1792,1796,1769,1771,
2020-03-31,1770,1782,1751,1754,
2020-04-01,1752,1758,1738,1740,
2020-04-02,1747,1772,1740,1768,
2020-04-03,1769,1830,1761,1817,
2020-04-06,1822,1898,1810,1896,
2020-04-07,1898,1916,1895,1906,
2020-04-08,1896,1899,1861,1888,
2020-04-09,1894,1902,1853,1863,
2020-04-14,1840,1842,1808,1813,
2020-04-15,1811,1813,1774,1776,
2020-04-16,1783,1812,1781,1810,740.0
2020-04-17,1815,1881,1808,1878,
2020-04-20,1878,1898,1874,1895,
2020-04-21,1884,1926,1878,1914,
2020-04-22,1911,2001,1906,1999,
2020-04-23,1981,2001,1981,1994,
2020-04-24,1992,1992,1964,1990,
2020-04-27,1990,1999,1944,1982,
2020-04-28,1980,1982,1940,1945,
2020-04-29,1945,2020,1945,2010,
2020-04-30,2017,2034,1987,2025,
2020-05-01,2008,2020,1970,1973,
2020-05-04,1970,2000,1961,1998,
2020-05-05,1996,2009,1970,1972,
2020-05-06,1983,1993,1956,1973,
2020-05-07,1983,2015,1976,2011,976.0
2020-05-11,2008,2039,2008,2037,
2020-05-12,2018,2034,1993,2029,676.0
2020-05-13,2033,2037,2008,1991,136.0
2020-05-14,1970,1998,1945,1958,
2020-05-15,1954,1991,1953,1967,
2020-05-18,1960,1969,1948,1953,
2020-05-19,1951,1973,1946,1969,
2020-05-20,1966,1985,1955,1958,
2020-05-21,1961,1968,1931,1945,
2020-05-22,1946,1989,1938,1983,
2020-05-26,1980,1990,1942,1943,
2020-05-27,1954,1956,1920,1926,
2020-05-28,1912,1965,1912,1963,
2020-05-29,1963,1969,1924,1960,
2020-06-01,1947,1970,1942,1957,
2020-06-02,1963,1963,1891,1898,
2020-06-03,1903,1920,1892,1913,
2020-06-04,1927,1943,1888,1895,
2020-06-05,1905,1905,1866,1867,
2020-06-08,1881,1881,1845,1849,
2020-06-09,1853,1893,1844,1880,
2020-06-10,1881,1881,1861,1868,
2020-06-11,1862,1879,1833,1841,
2020-06-12,1842,1890,1839,1876,
2020-06-15,1872,1872,1824,1840,
2020-06-16,1851,1866,1842,1845,
2020-06-17,1843,1846,1811,1813,
2020-06-18,1812,1846,1803,1845,
2020-06-19,1847,1852,1803,1804,
2020-06-22,1793,1818,1783,1811,
2020-06-23,1804,1826,1798,1809,
2020-06-24,1810,1829,1803,1826,
2020-06-25,1821,1908,1821,1892,
2020-06-26,1893,1900,1780,1789,
2020-06-29,1789,1790,1748,1750,
2020-06-30,1755,1755,1618,1623,
2020-07-01,1617,1617,1589,1601,
2020-07-02,1600,1625,1588,1602,
2020-07-03,1604,1605,1548,1558,489.0
2020-07-06,1568,1570,1538,1542,675.0
2020-07-07,1561,1584,1489,1489,883.0
2020-07-08,1486,1499,1448,1469,676.0
2020-07-09,1493,1500,1466,1483,204.0
2020-07-10,1500,1513,1497,1510,69.0
2020-07-13,1501,1507,1490,1502,348.0
2020-07-14,1477,1494,1477,1487,384.0
2020-07-15,1492,1492,1460,1455,337.0
2020-07-16,1536,1536,1536,1536,337.0
2020-07-17,1545,1579,1540,1549,
2020-07-20,1546,1565,1521,1562,
2020-07-21,1558,1590,1533,1536,
2020-07-22,1541,1551,1529,1541,
2020-07-23,1545,1570,1531,1545,
2020-07-24,1540,1563,1538,1546,
2020-07-27,1547,1582,1542,1559,
2020-07-28,1564,1564,1547,1562,
2020-07-29,1564,1620,1562,1608,
2020-07-30,1615,1638,1597,1600,
2020-07-31,1607,1626,1605,1621,
2020-08-03,1630,1681,1624,1674,
2020-08-04,1678,1686,1662,1668,
2020-08-05,1669,1681,1660,1677,
2020-08-06,1678,1689,1669,1688,
2020-08-07,1690,1710,1688,1706,
2020-08-10,1710,1725,1700,1708,
2020-08-11,1700,1703,1659,1678,
2020-08-12,1678,1700,1676,1692,
2020-08-13,1691,1700,1679,1694,
2020-08-14,1707,1750,1691,1693,
2020-08-17,1693,1700,1639,1667,
2020-08-18,1660,1660,1634,1648,
2020-08-19,1643,1649,1621,1645,
2020-08-20,1638,1667,1618,1626,
2020-08-21,1626,1641,1602,1637,
2020-08-24,1626,1715,1626,1684,
2020-08-25,1684,1713,1684,1696,
2020-08-26,1696,1708,1651,1657,
2020-08-27,1659,1704,1651,1691,
2020-08-28,1692,1740,1680,1729,
2020-09-01,1730,1761,1730,1755,
2020-09-02,1760,1789,1753,1787,954.0
2020-09-03,1785,1823,1781,1787,
2020-09-04,1785,1809,1774,1776,
2020-09-07,1788,1788,1757,1758,832.0
2020-09-08,1762,1765,1737,1747,
2020-09-09,1762,1764,1741,1745,
2020-09-10,1749,1770,1749,1751,
2020-09-11,1761,1779,1761,1770,697.0
2020-09-14,1750,1788,1722,1736,975.0
2020-09-15,1707,1707,1707,1707,975.0
2020-09-16,1903,1920,1841,1842,
2020-09-17,1844,1900,1833,1856,
2020-09-18,1861,1889,1856,1870,
2020-09-21,1886,1936,1876,1889,
2020-09-22,1885,1909,1848,1855,
2020-09-23,1855,1884,1842,1867,
2020-09-24,1874,1913,1861,1891,
2020-09-25,1892,1906,1850,1867,
2020-09-28,1867,1885,1847,1851,
2020-09-29,1851,1852,1810,1833,
2020-09-30,1838,1856,1790,1796,
2020-10-01,1796,1804,1745,1772,
2020-10-02,1762,1764,1707,1733,
2020-10-05,1726,1735,1705,1725,
2020-10-06,1730,1730,1689,1698,
2020-10-07,1698,1713,1686,1710,
2020-10-08,1710,1727,1702,1712,
2020-10-09,1712,1714,1676,1689,
2020-10-12,1695,1695,1670,1673,
2020-10-13,1668,1683,1641,1643,
2020-10-14,1642,1649,1628,1636,
2020-10-15,1639,1655,1627,1632,
2020-10-16,1632,1646,1625,1639,
2020-10-19,1644,1676,1642,1669,
2020-10-20,1664,1671,1641,1644,
2020-10-21,1650,1676,1645,1658,
2020-10-22,1657,1695,1657,1688,
2020-10-23,1683,1710,1683,1695,
2020-10-26,1695,1719,1689,1705,
2020-10-27,1705,1714,1671,1678,
2020-10-28,1665,1670,1632,1634,
2020-10-29,1633,1644,1620,1621,
2020-10-30,1616,1629,1597,1605,
2020-11-02,1605,1609,1575,1579,
2020-11-03,1578,1596,1566,1594,
2020-11-04,1594,1596,1578,1592,
2020-11-05,1597,1617,1580,1601,
2020-11-06,1603,1615,1594,1596,
2020-11-09,1604,1633,1595,1625,
2020-11-10,1627,1629,1584,1598,
2020-11-11,1611,1616,1596,1599,
2020-11-12,1599,1602,1577,1597,
2020-11-13,1584,1599,1577,1592,
2020-11-16,1619,1660,1617,1659,
2020-11-17,1660,1725,1656,1716,
2020-11-18,1719,1746,1710,1742,
2020-11-19,1743,1776,1737,1771,
2020-11-20,1763,1816,1763,1790,
2020-11-23,1794,1844,1788,1836,
2020-11-24,1850,1946,1848,1887,
2020-11-25,1882,1895,1831,1842,
2020-11-26,1850,1870,1850,1869,775.0
2020-11-27,1883,1883,1835,1876,
2020-11-30,1867,1867,1831,1839,
2020-12-01,1840,1840,1820,1821,
2020-12-02,1755,1764,1714,1744,
2020-12-03,1744,1775,1716,1725,342.0
2020-12-04,1727,1738,1704,1717,433.0
2020-12-07,1715,1725,1705,1722,824.0
2020-12-08,1722,1724,1685,1689,532.0
2020-12-09,1691,1693,1659,1662,718.0
2020-12-10,1667,1667,1614,1630,
2020-12-11,1627,1695,1626,1671,265.0
2020-12-14,1833,1833,1683,1720,20.0
2020-12-15,1749,1776,1712,1714,
2020-12-16,1711,1718,1681,1688,
2020-12-17,1686,1705,1673,1693,
2020-12-18,1701,1710,1677,1685,
2020-12-21,1689,1723,1671,1718,
2020-12-22,1726,1726,1679,1707,
2020-12-23,1695,1721,1685,1709,
2020-12-24,1702,1707,1688,1691,920.0
2020-12-29,1694,1707,1670,1674,
2020-12-30,1671,1743,1662,1737,
2020-12-31,1735,1748,1721,1737,
2021-01-04,1745,1774,1720,1722,
2021-01-05,1722,1722,1678,1692,
2021-01-06,1696,1700,1667,1675,
2021-01-07,1669,1712,1661,1705,
2021-01-08,1696,1714,1684,1686,
2021-01-11,1686,1692,1666,1679,
2021-01-12,1677,1703,1676,1694,
2021-01-13,1690,1721,1683,1703,
2021-01-14,1705,1708,1683,1695,
2021-01-15,1709,1743,1709,1734,
2021-01-18,1737,1758,1728,1755,
2021-01-19,1755,1783,1725,1768,
2021-01-20,1768,1777,1751,1762,
2021-01-21,1757,1766,1729,1741,
2021-01-22,1734,1742,1704,1733,
2021-01-25,1729,1736,1710,1720,
2021-01-26,1716,1732,1710,1725,
2021-01-27,1725,1769,1719,1720,
2021-01-28,1718,1731,1703,1721,
2021-01-29,1715,1748,1715,1728,
2021-02-01,1719,1744,1709,1739,
2021-02-02,1735,1769,1733,1763,
2021-02-03,1754,1757,1718,1722,
2021-02-04,1722,1740,1722,1728,
2021-02-05,1732,1746,1720,1742,
2021-02-08,1747,1747,1723,1739,
2021-02-09,1745,1769,1742,1754,
2021-02-10,1758,1774,1740,1771,
2021-02-11,1774,1775,1737,1743,
2021-02-12,1743,1754,1735,1746,
2021-02-15,1749,1778,1744,1764,
2021-02-16,1764,1765,1747,1755,
2021-02-17,1758,1770,1750,1752,
2021-02-18,1751,1755,1746,1750,
2021-02-19,1752,1790,1750,1786,
2021-02-22,1785,1837,1785,1836,
2021-02-23,1837,1853,1815,1835,
2021-02-24,1835,1839,1820,1838,
2021-02-25,1840,1900,1840,1888,
2021-02-26,1900,1917,1888,1912,
2021-03-01,1913,1951,1910,1936,
2021-03-02,1938,1957,1910,1953,
2021-03-03,1958,1979,1936,1970,
2021-03-04,1966,1968,1956,1966,
2021-03-05,1965,1965,1921,1929,
2021-03-08,1919,1927,1890,1904,
2021-03-09,1905,1906,1885,1887,
2021-03-10,1888,1907,1880,1900,
2021-03-11,1908,1953,1905,1912,
2021-03-12,1919,1919,1900,1909,
2021-03-15,1905,1910,1888,1892,
2021-03-16,1890,1898,1853,1834,461.0
2021-03-17,1743,1749,1720,1736,
2021-03-18,1732,1759,1731,1752,
2021-03-19,1754,1754,1717,1736,
2021-03-22,1728,1738,1718,1728,
2021-03-23,1737,1742,1712,1714,
2021-03-24,1720,1733,1710,1726,
2021-03-25,1721,1754,1718,1741,
2021-03-26,1743,1753,1725,1738,
2021-03-29,1730,1742,1725,1734,
2021-03-30,1730,1735,1688,1691,
2021-03-31,1686,1710,1684,1693,
2021-04-01,1703,1721,1698,1713,
2021-04-06,1700,1711,1693,1702,
2021-04-07,1704,1708,1686,1693,
2021-04-08,1691,1706,1634,1641,
2021-04-09,1640,1641,1594,1598,
2021-04-12,1597,1601,1578,1580,
2021-04-13,1584,1623,1581,1613,
2021-04-14,1608,1611,1587,1606,
2021-04-15,1598,1622,1598,1606,
2021-04-16,1606,1613,1594,1602,
2021-04-19,1599,1630,1599,1610,
2021-04-20,1605,1616,1590,1591,
2021-04-21,1594,1623,1593,1608,
2021-04-22,1603,1629,1603,1618,
2021-04-23,1618,1627,1616,1620,681.0
2021-04-26,1618,1626,1603,1623,
2021-04-27,1622,1622,1607,1618,
2021-04-28,1613,1626,1604,1617,
2021-04-29,1616,1642,1614,1629,
2021-04-30,1629,1629,1575,1576,
2021-05-04,1578,1580,1541,1544,
2021-05-05,1543,1567,1543,1562,
2021-05-06,1569,1590,1560,1589,
2021-05-07,1582,1625,1576,1620,781.0
2021-05-10,1613,1665,1613,1650,
2021-05-11,1644,1650,1635,1641,726.0
2021-05-12,1640,1689,1640,1687,651.0
2021-05-13,1693,1693,1692,1703,135.0
2021-05-14,1706,1714,1687,1689,
2021-05-17,1693,1724,1689,1711,
2021-05-18,1706,1713,1686,1687,
2021-05-19,1687,1687,1639,1651,
2021-05-20,1654,1655,1624,1632,
2021-05-21,1632,1643,1621,1634,
2021-05-24,1636,1686,1627,1630,
2021-05-25,1630,1641,1621,1624,
2021-05-26,1624,1644,1624,1638,
2021-05-27,1640,1640,1602,1613,
2021-05-28,1617,1624,1605,1617,
2021-06-01,1617,1637,1611,1623,
2021-06-02,1626,1626,1600,1609,
2021-06-03,1610,1623,1609,1614,
2021-06-04,1608,1630,1599,1616,
2021-06-07,1617,1622,1591,1593,
2021-06-08,1590,1606,1588,1595,
2021-06-09,1595,1601,1589,1592,
2021-06-10,1603,1623,1594,1609,
2021-06-11,1614,1614,1598,1605,
2021-06-14,1603,1620,1603,1618,
2021-06-15,1618,1618,1605,1613,
2021-06-16,1609,1609,1593,1603,
2021-06-17,1595,1615,1595,1605,
2021-06-18,1605,1616,1599,1603,
2021-06-21,1602,1615,1598,1599,
2021-06-22,1599,1612,1598,1609,
2021-06-23,1606,1606,1590,1595,
2021-06-24,1595,1595,1581,1588,
2021-06-25,1588,1605,1583,1596,
2021-06-28,1593,1596,1581,1590,
2021-06-29,1592,1612,1583,1600,
2021-06-30,1597,1609,1584,1607,
2021-07-01,1603,1615,1593,1594,
2021-07-02,1599,1600,1581,1584,
2021-07-05,1594,1603,1589,1602,
2021-07-06,1600,1607,1580,1585,
2021-07-07,1588,1597,1557,1572,
2021-07-08,1560,1563,1554,1559,
2021-07-09,1559,1573,1551,1565,
2021-07-12,1571,1588,1543,1579,
2021-07-13,1580,1599,1567,1597,481.0
2021-07-14,1570,1585,1560,1542,198.0
2021-07-15,1533,1533,1521,1554,35.0
2021-07-16,1609,1617,1581,1592,
2021-07-19,1590,1591,1557,1558,
2021-07-20,1563,1567,1551,1559,
2021-07-21,1563,1598,1556,1570,
2021-07-22,1570,1580,1563,1579,
2021-07-23,1582,1603,1567,1591,
2021-07-26,1590,1639,1584,1633,
2021-07-27,1629,1650,1624,1639,
2021-07-28,1634,1665,1632,1652,
2021-07-29,1645,1659,1637,1643,
2021-07-30,1634,1641,1612,1617,
2021-08-02,1630,1630,1599,1616,
2021-08-03,1614,1650,1612,1648,
2021-08-04,1649,1662,1634,1638,
2021-08-05,1633,1649,1633,1637,
2021-08-06,1638,1664,1638,1660,
2021-08-09,1650,1674,1650,1668,
2021-08-10,1674,1690,1668,1689,
2021-08-11,1688,1697,1682,1695,
2021-08-12,1696,1700,1686,1687,
2021-08-13,1692,1704,1692,1703,
2021-08-16,1701,1715,1701,1710,
2021-08-17,1705,1733,1705,1728,
2021-08-18,1732,1742,1727,1728,
2021-08-19,1724,1731,1712,1729,
2021-08-20,1730,1738,1724,1726,
2021-08-23,1729,1729,1715,1719,
2021-08-24,1721,1733,1717,1725,
2021-08-25,1722,1744,1722,1738,
2021-08-26,1733,1747,1728,1745,
2021-08-27,1740,1747,1729,1732,
2021-08-31,1742,1760,1714,1719,
2021-09-01,1723,1745,1716,1738,
2021-09-02,1737,1787,1737,1784,
2021-09-03,1786,1796,1764,1766,
2021-09-06,1771,1776,1761,1769,657.0
2021-09-07,1771,1791,1761,1786,628.0
2021-09-08,1792,1793,1768,1772,384.0
2021-09-09,1777,1792,1765,1770,450.0
2021-09-10,1794,1794,1730,1731,
2021-09-13,1738,1753,1737,1738,526.0
2021-09-14,1740,1756,1740,1753,55.0
2021-09-15,1785,1785,1785,1785,55.0
2021-09-16,1805,1819,1802,1816,
2021-09-17,1817,1825,1810,1824,
2021-09-20,1821,1825,1800,1802,
2021-09-21,1805,1826,1804,1816,
2021-09-22,1822,1842,1820,1838,
2021-09-23,1843,1844,1810,1813,
2021-09-24,1810,1819,1781,1789,
2021-09-27,1784,1793,1762,1766,
2021-09-28,1765,1804,1763,1794,
2021-09-29,1794,1842,1794,1839,
2021-09-30,1844,1878,1836,1874,
2021-10-01,1875,1904,1859,1883,
2021-10-04,1883,1919,1882,1897,
2021-10-05,1907,1915,1880,1887,
2021-10-06,1890,1897,1852,1861,
2021-10-07,1865,1882,1860,1863,
2021-10-08,1863,1889,1859,1886,
2021-10-11,1883,1889,1855,1860,
2021-10-12,1857,1886,1853,1856,
2021-10-13,1862,1867,1817,1819,
2021-10-14,1819,1826,1798,1814,
2021-10-15,1815,1829,1796,1809,
2021-10-18,1800,1815,1790,1809,
2021-10-19,1819,1819,1773,1776,
2021-10-20,1766,1773,1737,1742,
2021-10-21,1742,1766,1736,1753,
2021-10-22,1754,1763,1740,1754,
2021-10-25,1748,1766,1747,1755,
2021-10-26,1747,1752,1736,1748,
2021-10-27,1748,1751,1722,1733,
2021-10-28,1732,1738,1718,1719,
2021-10-29,1720,1722,1689,1694,
2021-11-01,1686,1698,1675,1686,
2021-11-02,1684,1684,1652,1657,
2021-11-03,1651,1667,1643,1658,
2021-11-04,1653,1676,1646,1666,
2021-11-05,1666,1674,1647,1655,
2021-11-08,1655,1663,1625,1640,
2021-11-09,1654,1664,1632,1643,
2021-11-10,1643,1698,1643,1678,
2021-11-11,1682,1697,1674,1690,
2021-11-12,1691,1693,1665,1674,
2021-11-15,1673,1691,1672,1680,
2021-11-16,1680,1681,1649,1669,
2021-11-17,1673,1684,1667,1673,
2021-11-18,1673,1693,1673,1688,
2021-11-19,1690,1690,1672,1685,813.0
2021-11-22,1687,1704,1683,1702,
2021-11-23,1702,1719,1701,1713,
2021-11-24,1700,1707,1677,1681,
2021-11-25,1671,1686,1671,1681,725.0
2021-11-26,1663,1666,1616,1626,
2021-11-29,1643,1647,1615,1617,
2021-11-30,1611,1614,1590,1598,
2021-12-01,1605,1605,1540,1580,
2021-12-02,1578,1615,1571,1605,795.0
2021-12-03,1609,1618,1597,1601,932.0
2021-12-06,1601,1601,1540,1562,
2021-12-07,1564,1618,1564,1611,
2021-12-08,1606,1606,1567,1566,549.0
2021-12-09,1541,1560,1527,1547,688.0
2021-12-10,1527,1527,1498,1511,739.0
2021-12-13,1538,1574,1521,1571,430.0
2021-12-14,1610,1610,1610,1610,430.0
2021-12-15,1711,1724,1690,1720,
2021-12-16,1724,1729,1690,1717,
2021-12-17,1709,1719,1700,1704,
2021-12-20,1684,1691,1665,1669,
2021-12-21,1684,1691,1668,1690,
2021-12-22,1690,1703,1677,1682,
2021-12-23,1694,1695,1670,1680,
2021-12-28,1690,1699,1673,1681,
2021-12-29,1685,1699,1678,1699,
2021-12-30,1697,1717,1692,1710,
2021-12-31,1714,1716,1692,1701,
2022-01-04,1696,1704,1665,1668,
2022-01-05,1678,1690,1651,1676,
2022-01-06,1675,1678,1650,1653,
2022-01-07,1656,1708,1654,1705,
2022-01-10,1703,1711,1691,1698,
2022-01-11,1708,1727,1692,1718,
2022-01-12,1725,1727,1703,1707,
2022-01-13,1712,1742,1702,1733,
2022-01-14,1740,1776,1737,1773,
2022-01-17,1779,1790,1773,1779,
2022-01-18,1785,1785,1760,1769,
2022-01-19,1775,1775,1746,1764,
2022-01-20,1765,1771,1751,1758,
2022-01-21,1752,1754,1733,1737,
2022-01-24,1730,1735,1695,1698,
2022-01-25,1698,1706,1688,1691,
2022-01-26,1688,1712,1688,1703,
2022-01-27,1691,1703,1678,1680,
2022-01-28,1679,1700,1677,1696,
2022-01-31,1703,1711,1693,1703,
2022-02-01,1706,1752,1695,1745,
2022-02-02,1749,1763,1740,1749,
2022-02-03,1758,1760,1734,1754,
2022-02-04,1757,1779,1755,1768,
2022-02-07,1768,1773,1741,1746,
2022-02-08,1756,1768,1743,1759,
2022-02-09,1764,1798,1755,1795,
2022-02-10,1797,1809,1792,1807,
2022-02-11,1808,1808,1782,1798,
2022-02-14,1790,1790,1753,1757,
2022-02-15,1769,1773,1755,1757,
2022-02-16,1757,1769,1713,1718,
2022-02-17,1716,1724,1694,1696,
2022-02-18,1699,1704,1685,1690,
2022-02-21,1690,1695,1665,1665,
2022-02-22,1661,1689,1659,1683,
2022-02-23,1681,1734,1681,1709,
2022-02-24,1700,1700,1663,1684,
2022-02-25,1685,1692,1671,1674,
2022-02-28,1673,1673,1636,1642,
2022-03-01,1663,1663,1623,1648,
2022-03-02,1631,1663,1631,1650,
2022-03-03,1653,1661,1640,1653,946.0
2022-03-04,1648,1696,1648,1694,
2022-03-07,1694,1715,1687,1710,
2022-03-08,1714,1765,1714,1737,
2022-03-09,1745,1757,1730,1740,
2022-03-10,1740,1794,1740,1778,796.0
2022-03-11,1789,1803,1751,1782,813.0
2022-03-14,1798,1801,1785,1782,
2022-03-15,1771,1771,1703,1714,78.0
2022-03-16,1719,1719,1719,1719,78.0
2022-03-17,1710,1720,1672,1693,
2022-03-18,1689,1720,1686,1713,
2022-03-21,1701,1706,1682,1687,
2022-03-22,1687,1725,1687,1722,
2022-03-23,1721,1760,1718,1756,
2022-03-24,1760,1772,1733,1739,
2022-03-25,1717,1740,1711,1723,
2022-03-28,1717,1756,1716,1749,
2022-03-29,1755,1775,1748,1771,
2022-03-30,1773,1784,1751,1772,
2022-03-31,1770,1788,1757,1769,
2022-04-01,1764,1768,1740,1749,
2022-04-04,1744,1769,1730,1736,
2022-04-05,1737,1749,1715,1719,
2022-04-06,1722,1744,1717,1738,
2022-04-07,1733,1772,1733,1769,
2022-04-08,1774,1806,1774,1804,
2022-04-11,1807,1825,1784,1796,
2022-04-12,1799,1809,1757,1773,
2022-04-13,1763,1788,1753,1762,
2022-04-14,1766,1777,1763,1770,986.0
2022-04-19,1759,1764,1734,1738,
2022-04-20,1745,1769,1740,1756,
2022-04-21,1760,1763,1740,1757,
2022-04-22,1745,1757,1722,1738,
2022-04-25,1730,1732,1713,1716,
2022-04-26,1730,1740,1711,1737,
2022-04-27,1737,1763,1724,1738,
2022-04-28,1738,1760,1735,1760,
2022-04-29,1764,1768,1746,1751,
2022-05-03,1765,1788,1759,1774,
2022-05-04,1779,1785,1737,1739,
2022-05-05,1758,1758,1710,1711,
2022-05-06,1710,1714,1694,1708,
2022-05-09,1700,1712,1684,1690,
2022-05-10,1686,1695,1665,1668,
2022-05-11,1693,1713,1685,1691,984.0
2022-05-12,1687,1691,1621,1634,660.0
2022-05-13,1623,1700,1623,1679,187.0
2022-05-16,1657,1679,1612,1691,51.0
2022-05-17,1799,1804,1773,1776,
2022-05-18,1783,1788,1763,1769,
2022-05-19,1764,1773,1740,1743,
2022-05-20,1744,1749,1715,1719,
2022-05-23,1710,1742,1709,1728,
2022-05-24,1720,1746,1720,1732,
2022-05-25,1720,1735,1702,1705,
2022-05-26,1701,1731,1696,1719,
2022-05-27,1725,1728,1707,1716,
2022-05-30,1708,1757,1707,1756,
2022-05-31,1757,1764,1732,1744,
2022-06-01,1757,1776,1746,1774,
2022-06-06,1761,1766,1739,1755,
2022-06-07,1763,1768,1742,1748,
2022-06-08,1745,1758,1738,1745,
2022-06-09,1745,1759,1730,1753,
2022-06-10,1755,1765,1746,1749,
2022-06-13,1743,1747,1699,1707,
2022-06-14,1708,1729,1705,1716,
2022-06-15,1722,1723,1700,1716,
2022-06-16,1715,1719,1688,1690,
2022-06-17,1695,1725,1692,1724,
2022-06-20,1714,1737,1714,1734,
2022-06-21,1734,1764,1734,1753,
2022-06-22,1747,1755,1733,1750,
2022-06-23,1746,1770,1741,1748,
2022-06-24,1745,1771,1742,1754,
2022-06-27,1754,1771,1726,1732,
2022-06-28,1728,1746,1723,1727,
2022-06-29,1729,1730,1705,1708,
2022-06-30,1708,1717,1692,1696,
2022-07-01,1698,1707,1690,1698,
2022-07-04,1693,1702,1691,1693,623.0
2022-07-05,1700,1710,1675,1704,
2022-07-06,1700,1743,1699,1739,
2022-07-07,1744,1749,1721,1724,591.0
2022-07-08,1738,1745,1700,1701,448.0
2022-07-11,1706,1739,1698,1733,397.0
2022-07-12,1739,1744,1725,1734,378.0
2022-07-13,1750,1750,1688,1696,17.0
2022-07-14,1723,1724,1723,1688,18.0
2022-07-15,1687,1730,1687,1720,
2022-07-18,1719,1727,1704,1714,
2022-07-19,1710,1737,1696,1734,
2022-07-20,1734,1755,1734,1747,
2022-07-21,1750,1751,1711,1714,
2022-07-22,1709,1723,1696,1699,
2022-07-25,1695,1744,1687,1742,
2022-07-26,1745,1769,1739,1768,
2022-07-27,1769,1770,1731,1742,
2022-07-28,1744,1756,1701,1704,
2022-07-29,1704,1727,1699,1704,
2022-08-01,1700,1721,1693,1711,
2022-08-02,1715,1740,1714,1734,
2022-08-03,1739,1739,1702,1705,
2022-08-04,1707,1742,1688,1738,
2022-08-05,1744,1753,1722,1726,
2022-08-08,1734,1743,1720,1736,
2022-08-09,1737,1755,1737,1754,
2022-08-10,1755,1757,1743,1757,
2022-08-11,1760,1765,1750,1761,
2022-08-12,1760,1760,1740,1747,
2022-08-15,1754,1765,1746,1752,
2022-08-16,1752,1755,1720,1728,
2022-08-17,1730,1765,1714,1761,
2022-08-18,1765,1776,1757,1765,
2022-08-19,1765,1776,1757,1759,
2022-08-22,1757,1768,1742,1753,
2022-08-23,1738,1762,1719,1724,
2022-08-24,1735,1769,1730,1766,
2022-08-25,1754,1778,1752,1772,
2022-08-26,1770,1781,1761,1779,
2022-08-30,1779,1797,1774,1795,
2022-08-31,1795,1810,1795,1800,
2022-09-01,1807,1807,1779,1787,985.0
2022-09-02,1771,1805,1771,1804,
2022-09-05,1805,1808,1792,1803,
2022-09-06,1803,1810,1792,1798,
2022-09-07,1800,1807,1796,1802,
2022-09-08,1800,1802,1782,1784,
2022-09-09,1781,1807,1752,1765,
2022-09-12,1765,1765,1728,1747,530.0
2022-09-13,1742,1794,1725,1782,322.0
2022-09-14,1794,1838,1794,1760,39.0
2022-09-15,1779,1779,1779,1779,39.0
2022-09-16,1862,1880,1858,1879,
2022-09-20,1880,1898,1873,1877,
2022-09-21,1884,1895,1872,1881,
2022-09-22,1895,1895,1859,1861,
2022-09-23,1855,1880,1834,1857,
2022-09-26,1860,1899,1846,1897,
2022-09-27,1887,1927,1887,1924,
2022-09-28,1929,1967,1918,1932,
2022-09-29,1941,1972,1935,1941,
2022-09-30,1940,1958,1925,1940,
2022-10-03,1941,1952,1908,1915,
2022-10-04,1907,1941,1904,1922,
2022-10-05,1932,1973,1921,1963,
2022-10-06,1974,1997,1959,1965,
2022-10-07,1969,2011,1966,2008,
2022-10-10,2008,2023,1990,1992,
2022-10-11,1991,2009,1969,1971,
2022-10-12,1978,1995,1943,1950,
2022-10-13,1949,1987,1930,1966,
2022-10-14,1963,1998,1960,1981,
2022-10-17,1973,1987,1930,1931,
2022-10-18,1934,1940,1919,1921,
2022-10-19,1918,1937,1907,1933,
2022-10-20,1928,1961,1928,1949,
2022-10-21,1942,1972,1942,1954,
2022-10-24,1955,1978,1953,1977,
2022-10-25,1978,1981,1925,1928,
2022-10-26,1921,1925,1892,1897,
2022-10-27,1894,1916,1880,1909,
2022-10-28,1897,1914,1881,1894,
2022-10-31,1893,1923,1886,1919,
2022-11-01,1918,1934,1909,1929,
2022-11-02,1934,1959,1929,1956,
2022-11-03,1967,1994,1951,1991,
2022-11-04,1997,2047,1994,2040,
2022-11-07,2030,2064,2025,2049,
2022-11-08,2050,2065,2038,2050,
2022-11-09,2057,2100,2045,2098,
2022-11-10,2100,2104,2053,2069,
2022-11-11,2074,2078,2009,2013,
2022-11-14,2006,2014,1988,2003,
2022-11-15,1998,2050,1997,1998,
2022-11-16,1995,2011,1981,2008,
2022-11-17,2004,2008,1987,2002,
2022-11-18,1997,2017,1981,2016,
2022-11-21,2014,2056,2006,2050,
2022-11-22,2051,2054,2022,2027,
2022-11-23,2020,2027,2011,2018,
2022-11-24,2018,2036,2017,2031,
2022-11-25,2047,2095,2021,2088,
2022-11-28,2087,2118,2083,2116,
2022-11-29,2116,2132,2102,2132,
2022-11-30,2130,2140,2089,2139,
2022-12-01,2139,2151,2121,2149,
2022-12-02,2149,2153,2119,2144,
2022-12-05,2140,2140,2110,2120,
2022-12-06,2120,2133,2113,2117,
2022-12-07,2116,2131,2112,2130,
2022-12-08,2130,2143,2128,2142,
2022-12-09,2142,2174,2115,2119,
2022-12-12,2110,2110,2088,2108,569.0
2022-12-13,2079,2079,2079,2098,8.0
2022-12-14,1945,1961,1940,1950,
2022-12-15,1954,1980,1952,1975,
2022-12-16,1979,1980,1956,1966,
2022-12-19,1966,1982,1957,1975,
2022-12-20,1977,1998,1969,1988,
2022-12-21,1991,2009,1988,2008,
2022-12-22,2010,2053,2006,2050,
2022-12-23,2051,2067,2045,2065,
2022-12-28,2065,2090,2059,2073,
2022-12-29,2073,2078,2032,2044,
2022-12-30,2040,2066,2038,2062,
2023-01-03,2063,2068,2019,2047,
2023-01-04,2046,2057,2034,2046,
2023-01-05,2048,2079,2040,2070,
2023-01-06,2072,2076,2045,2047,
2023-01-09,2047,2074,2042,2066,
2023-01-10,2058,2069,2028,2030,
2023-01-11,2034,2059,2024,2056,
2023-01-12,2056,2074,2043,2052,
2023-01-13,2057,2083,2046,2069,
2023-01-16,2067,2074,2050,2056,
2023-01-17,2055,2074,2041,2055,
2023-01-18,2054,2062,2020,2026,
2023-01-19,2026,2030,1980,1982,
2023-01-20,1978,1986,1947,1978,
2023-01-23,1972,2016,1967,2003,
2023-01-24,2000,2017,1988,1994,
2023-01-25,1998,2013,1991,2004,
2023-01-26,2004,2035,2004,2033,
2023-01-27,2025,2047,2023,2035,
2023-01-30,2038,2047,2025,2038,
2023-01-31,2042,2044,2018,2025,
2023-02-01,2030,2035,2014,2024,
2023-02-02,2014,2029,2006,2012,
2023-02-03,2015,2016,1990,1999,
2023-02-06,1997,2035,1996,2018,
2023-02-07,2026,2035,2007,2032,
2023-02-08,2032,2036,2013,2025,
2023-02-09,2023,2023,1983,1989,
2023-02-10,1985,2003,1976,1994,
2023-02-13,2004,2034,2003,2028,
2023-02-14,2026,2035,2017,2031,
2023-02-15,2044,2105,2044,2086,
2023-02-16,2087,2101,2077,2092,
2023-02-17,2107,2136,2097,2099,
2023-02-20,2103,2129,2098,2123,793.0
2023-02-21,2122,2125,2085,2095,
2023-02-22,2102,2110,2090,2101,
2023-02-23,2100,2106,2091,2096,
2023-02-24,2100,2100,2088,2093,
2023-02-27,2091,2122,2080,2096,
2023-02-28,2094,2108,2086,2102,
2023-03-01,2105,2148,2105,2139,
2023-03-02,2140,2147,2114,2117,
2023-03-03,2122,2124,2086,2089,
2023-03-06,2096,2110,2081,2104,
2023-03-07,2106,2109,2088,2104,
2023-03-08,2106,2115,2093,2097,
2023-03-09,2100,2102,2078,2087,
2023-03-10,2078,2080,2031,2050,
2023-03-13,2046,2049,2014,2017,
2023-03-14,2011,2057,2002,2050,
2023-03-15,2051,2064,2022,2045,727.0
2023-03-16,2147,2147,2147,2038,138.0
2023-03-17,2076,2115,2073,2102,
2023-03-20,2093,2109,2080,2102,
2023-03-21,2108,2129,2101,2125,
2023-03-22,2121,2150,2108,2146,
2023-03-23,2144,2146,2104,2120,
2023-03-24,2124,2141,2112,2136,
2023-03-27,2144,2156,2129,2142,
2023-03-28,2147,2148,2128,2141,
2023-03-29,2150,2152,2119,2121,
2023-03-30,2117,2135,2084,2130,
2023-03-31,2121,2165,2121,2159,
2023-04-03,2162,2162,2108,2121,
2023-04-04,2122,2147,2107,2138,
2023-04-05,2137,2171,2134,2169,
2023-04-06,2174,2203,2167,2186,
2023-04-11,2191,2203,2171,2194,
2023-04-12,2192,2203,2164,2164,
2023-04-13,2184,2205,2172,2191,
2023-04-14,2190,2229,2190,2203,
2023-04-17,2200,2245,2187,2243,
2023-04-18,2242,2271,2232,2269,
2023-04-19,2269,2279,2252,2270,
2023-04-20,2270,2275,2255,2259,
2023-04-21,2260,2290,2258,2280,
2023-04-24,2283,2285,2248,2254,
2023-04-25,2260,2265,2225,2228,
2023-04-26,2228,2244,2204,2227,
2023-04-27,2227,2238,2213,2218,
2023-04-28,2230,2230,2196,2205,
2023-05-02,2200,2224,2192,2193,
2023-05-03,2194,2195,2168,2171,
2023-05-04,2170,2200,2166,2191,
2023-05-05,2190,2212,2186,2201,
2023-05-09,2211,2233,2202,2230,
2023-05-10,2233,2247,2220,2241,
2023-05-11,2245,2251,2238,2250,
2023-05-12,2254,2485,2252,2413,
2023-05-15,2413,2413,2404,2311,163.0
2023-05-16,2252,2296,2246,2293,
2023-05-17,2287,2310,2284,2303,
2023-05-18,2303,2348,2303,2332,
2023-05-19,2339,2405,2323,2398,
2023-05-22,2386,2414,2362,2372,
2023-05-23,2370,2389,2354,2358,
2023-05-24,2357,2368,2347,2355,
2023-05-25,2356,2374,2351,2366,
2023-05-26,2365,2375,2355,2360,
2023-05-30,2362,2370,2345,2350,
2023-05-31,2350,2359,2340,2346,
2023-06-01,2349,2379,2334,2340,
2023-06-02,2341,2349,2316,2341,
2023-06-05,2340,2366,2333,2361,
2023-06-06,2355,2385,2352,2357,
2023-06-07,2358,2396,2345,2391,
2023-06-08,2399,2418,2388,2414,
2023-06-09,2412,2469,2412,2462,
2023-06-12,2455,2476,2437,2441,
2023-06-13,2446,2513,2437,2495,
2023-06-14,2501,2547,2489,2532,
2023-06-15,2528,2613,2528,2605,
2023-06-16,2608,2608,2563,2571,
2023-06-19,2571,2596,2571,2575,740.0
2023-06-20,2570,2596,2544,2551,
2023-06-21,2550,2571,2532,2566,
2023-06-22,2563,2568,2552,2560,
2023-06-23,2559,2585,2553,2560,
2023-06-26,2560,2629,2560,2612,
2023-06-27,2608,2637,2604,2626,
2023-06-28,2642,2671,2634,2667,
2023-06-29,2670,2674,2637,2642,
2023-06-30,2658,2725,2649,2722,
2023-07-03,2722,2859,2719,2858,
2023-07-04,2855,2873,2813,2818,
2023-07-05,2830,2850,2820,2827,802.0
2023-07-06,2826,2856,2806,2812,
2023-07-07,2812,2833,2801,2812,763.0
2023-07-10,2803,2811,2762,2774,
2023-07-11,2779,2789,2683,2692,
2023-07-12,2704,2705,2623,2624,782.0
2023-07-13,2602,2602,2447,2458,209.0
2023-07-14,2462,2462,2462,2457,37.0
2023-07-17,2492,2521,2490,2514,
2023-07-18,2510,2548,2494,2532,
2023-07-19,2532,2587,2527,2584,
2023-07-20,2577,2581,2543,2563,
2023-07-21,2540,2587,2534,2577,
2023-07-24,2575,2588,2562,2582,
2023-07-25,2572,2635,2572,2625,
2023-07-26,2626,2675,2616,2668,
2023-07-27,2676,2711,2674,2682,
2023-07-28,2700,2711,2683,2686,
2023-07-31,2688,2708,2688,2698,
2023-08-01,2707,2718,2676,2703,
2023-08-02,2710,2716,2668,2700,
2023-08-03,2700,2711,2650,2653,
2023-08-04,2653,2683,2640,2654,
2023-08-07,2646,2735,2643,2668,
2023-08-08,2661,2665,2589,2621,
2023-08-09,2620,2655,2603,2619,
2023-08-10,2610,2623,2591,2614,
2023-08-11,2612,2634,2582,2629,
2023-08-14,2635,2679,2630,2666,
2023-08-15,2660,2714,2655,2691,
2023-08-16,2707,2707,2665,2697,
2023-08-17,2699,2744,2696,2722,
2023-08-18,2725,2729,2687,2698,965.0
2023-08-21,2698,2711,2693,2697,798.0
2023-08-22,2703,2712,2675,2698,
2023-08-23,2704,2711,2692,2702,697.0
2023-08-24,2699,2742,2699,2731,
2023-08-25,2735,2786,2734,2782,
2023-08-29,2790,2872,2790,2870,
2023-08-30,2870,2915,2850,2913,
2023-08-31,2914,2988,2913,2944,
2023-09-01,2949,2957,2901,2906,
2023-09-04,2903,2907,2880,2884,
2023-09-05,2900,2955,2878,2938,
2023-09-06,2949,2977,2922,2964,893.0
2023-09-07,2962,2970,2927,2961,
2023-09-08,2964,3035,2964,3033,
2023-09-11,3045,3050,3005,3017,
2023-09-12,3025,3034,3004,3013,
2023-09-13,3019,3065,3015,3064,
2023-09-14,3102,3102,3102,3102,
2023-09-15,3104,3125,3099,3121,
2023-09-18,3128,3131,3027,3031,
2023-09-19,3034,3095,3031,3052,
2023-09-20,3057,3061,2960,2986,
2023-09-21,2990,3023,2983,3001,
2023-09-22,3007,3058,2998,3022,
2023-09-25,3022,3042,2978,2979,
2023-09-26,2987,3023,2986,3001,
2023-09-27,3007,3007,2942,2953,
2023-09-28,2971,2991,2951,2978,
2023-09-29,2976,2997,2937,2949,
2023-10-02,2949,3036,2939,3032,
2023-10-03,3032,3047,2963,2978,
2023-10-04,2977,2983,2950,2965,
2023-10-05,2959,2981,2925,2940,
2023-10-06,2937,3003,2921,2985,
2023-10-09,2986,3001,2950,2970,
2023-10-10,2973,3000,2966,2998,
2023-10-11,2996,3011,2962,2965,
2023-10-12,2990,3069,2990,3064,
2023-10-13,3059,3103,3042,3101,
2023-10-16,3104,3191,3099,3171,
2023-10-17,3168,3209,3155,3189,
2023-10-18,3185,3202,3161,3183,
2023-10-19,3185,3260,3185,3220,
2023-10-20,3204,3275,3184,3269,
2023-10-23,3272,3345,3271,3321,
2023-10-24,3319,3337,3255,3285,
2023-10-25,3282,3342,3277,3310,
2023-10-26,3318,3388,3311,3368,
2023-10-27,3368,3402,3344,3391,
2023-10-30,3413,3425,3359,3393,
2023-10-31,3411,3420,3372,3381,
2023-11-01,3395,3397,3337,3345,
2023-11-02,3345,3389,3342,3385,
2023-11-03,3379,3389,3329,3382,
2023-11-06,3389,3395,3342,3378,
2023-11-07,3390,3412,3380,3387,
2023-11-08,3388,3417,3372,3411,
2023-11-09,3421,3488,3419,3484,
2023-11-10,3495,3532,3493,3531,
2023-11-13,3535,3579,3523,3569,
2023-11-14,3579,3634,3489,3491,
2023-11-15,3493,3536,3469,3510,
2023-11-16,3520,3565,3520,3555,
2023-11-17,3561,3580,3550,3579,
2023-11-20,3578,3579,3480,3482,
2023-11-21,3485,3511,3464,3502,
2023-11-22,3517,3517,3470,3487,
2023-11-23,3490,3500,3479,3497,
2023-11-24,3496,3507,3479,3489,
2023-11-27,3493,3519,3489,3516,
2023-11-28,3520,3556,3504,3554,
2023-11-29,3561,3591,3538,3582,
2023-11-30,3589,3606,3557,3580,
2023-12-01,3580,3580,3479,3501,
2023-12-04,3501,3549,3477,3485,
2023-12-05,3483,3492,3435,3441,
2023-12-06,3441,3454,3381,3435,
2023-12-07,3483,3596,3483,3568,
2023-12-08,3579,3586,3502,3572,599.0
2023-12-11,3585,3585,3533,3482,933.0
2023-12-12,3492,3492,3492,3492,933.0
2023-12-13,3559,3571,3537,3564,
2023-12-14,3570,3586,3536,3547,
2023-12-15,3550,3568,3504,3549,
2023-12-18,3559,3588,3539,3563,
2023-12-19,3571,3579,3535,3548,
2023-12-20,3559,3575,3550,3574,
2023-12-21,3574,3585,3553,3570,
2023-12-22,3577,3577,3553,3557,
2023-12-27,3584,3588,3537,3540,
2023-12-28,3543,3560,3525,3549,
2023-12-29,3545,3563,3505,3506,
2024-01-02,3505,3575,3498,3573,
2024-01-03,3574,3576,3533,3553,
2024-01-04,3546,3567,3531,3554,
2024-01-05,3565,3573,3484,3494,
2024-01-08,3498,3515,3331,3381,
2024-01-09,3387,3470,3378,3443,
2024-01-10,3460,3520,3441,3496,
2024-01-11,3497,3574,3497,3567,
2024-01-12,3575,3623,3572,3606,
2024-01-15,3600,3629,3581,3627,
2024-01-16,3630,3723,3629,3717,
2024-01-17,3720,3760,3696,3729,
2024-01-18,3694,3740,3674,3712,
2024-01-19,3756,3798,3729,3776,
2024-01-22,3785,3792,3724,3744,
2024-01-23,3750,3799,3720,3729,
2024-01-24,3751,3800,3722,3793,
2024-01-25,3795,3834,3715,3722,
2024-01-26,3748,3765,3721,3749,
2024-01-29,3758,3799,3735,3794,
2024-01-30,3805,3892,3787,3868,
2024-01-31,3868,3910,3848,3883,
2024-02-01,3885,3992,3885,3975,
2024-02-02,3980,4048,3961,4040,
2024-02-05,4036,4200,4030,4183,
2024-02-06,4222,4303,4181,4242,
2024-02-07,4241,4354,4223,4344,
2024-02-08,4360,4670,4352,4660,
2024-02-09,4700,4916,4567,4757,
2024-02-12,4760,4818,4707,4769,
2024-02-13,4779,4881,4719,4852,
2024-02-14,4871,4875,4798,4823,
2024-02-15,4830,4870,4786,4818,
2024-02-16,4812,4833,4625,4629,
2024-02-19,4629,4782,4599,4716,
2024-02-20,4735,4949,4705,4855,
2024-02-21,4879,5114,4877,5092,
2024-02-22,5176,5284,5018,5258,
2024-02-23,5285,5594,5227,5576,
2024-02-26,5590,5830,5580,5792,
2024-02-27,5766,5946,5758,5827,
2024-02-28,5794,5811,5414,5446,
2024-02-29,5435,5693,5363,5566,
2024-03-01,5601,5718,5568,5620,
2024-03-04,5608,5917,5591,5867,
2024-03-05,5904,5920,5760,5790,
2024-03-06,5800,5865,5642,5771,
2024-03-07,5800,5805,5595,5665,879.0
2024-03-08,5665,5726,5500,5549,686.0
2024-03-11,5530,5948,5530,5947,911.0
2024-03-12,5947,6180,5853,6169,406.0
2024-03-13,6157,6157,5901,6088,238.0
2024-03-14,5773,6275,5773,6137,
2024-03-15,6124,6574,6034,6542,
2024-03-18,6616,6995,6520,6804,
2024-03-19,6854,6999,6675,6691,
2024-03-20,6706,6960,6499,6937,
2024-03-21,6939,7173,6883,7138,
2024-03-22,7127,7500,7058,7461,
2024-03-25,7474,8232,7422,8193,
2024-03-26,8214,8682,8194,8211,
2024-03-27,8150,8230,7861,8208,
2024-03-28,8266,8400,8174,8276,
2024-04-02,8665,8690,8347,8384,
2024-04-03,8380,8459,7783,7867,
2024-04-04,7894,7905,7584,7737,
2024-04-05,7841,8080,7735,7996,
2024-04-08,8070,8430,8038,8199,
2024-04-09,8050,8253,7884,8235,
2024-04-10,8282,8500,8180,8448,
2024-04-11,8490,8700,8459,8570,
2024-04-12,8570,9000,8550,8986,
2024-04-15,8914,9235,8869,9177,
2024-04-16,9238,9312,8600,8646,
2024-04-17,8547,9003,8547,8841,
2024-04-18,9001,9809,9001,9680,
2024-04-19,9823,10265,9699,10137,
2024-04-22,10265,10265,9900,9937,
2024-04-23,9910,9969,9200,9455,
2024-04-24,9500,9800,9500,9791,
2024-04-25,10000,10051,9504,9617,
2024-04-26,9633,9870,9385,9444,
2024-04-29,9414,9414,8030,8195,
2024-04-30,8229,8617,7249,8520,
2024-05-01,8314,8730,7797,7808,
2024-05-02,7300,7679,7000,7144,814.0
2024-05-03,7047,7464,6619,7463,
2024-05-07,7074,8032,6941,7999,922.0
2024-05-08,8415,8454,7883,7929,766.0
2024-05-09,7981,8123,7559,7691,701.0
2024-05-10,7867,8130,7500,7556,740.0
2024-05-13,7700,7700,5855,5862,957.0
2024-05-14,5800,6379,5800,6015,202.0
2024-05-15,6294,6294,6294,6294,202.0
2024-05-16,6520,6731,6070,6229,
2024-05-17,6222,6495,6028,6121,
2024-05-20,6100,6156,5659,5988,
2024-05-21,5988,6183,5730,6111,
2024-05-22,6049,6278,6045,6243,
2024-05-23,6185,6684,6082,6652,
2024-05-24,6701,6880,6512,6819,
2024-05-28,6819,7096,6609,7080,
2024-05-29,6985,7619,6983,7544,
2024-05-30,7535,7700,7300,7420,
2024-05-31,7430,7529,7268,7444,
2024-06-03,7441,7846,7359,7664,
2024-06-04,7480,7712,7252,7639,
2024-06-05,7491,7636,7384,7598,
2024-06-06,7698,7886,7670,7859,
2024-06-07,7835,8000,7797,7989,
2024-06-10,8021,8100,7817,7935,
2024-06-11,7853,8128,7846,8113,
2024-06-12,8127,8737,8127,8659,
2024-06-13,8675,9150,8675,9035,
2024-06-14,8851,9092,8100,8837,
2024-06-17,8792,8901,8282,8419,
2024-06-18,8472,8602,8261,8484,
2024-06-19,8461,8589,8252,8516,555.0
2024-06-20,8535,8673,8160,8215,
2024-06-21,8145,8766,8100,8311,
2024-06-24,8229,8362,7414,7673,
2024-06-25,7699,7919,7097,7811,
2024-06-26,7800,7860,7464,7814,554.0
2024-06-27,7800,7800,6971,7160,
2024-06-28,7050,7549,6818,7525,
2024-07-01,7352,7458,7097,7395,
2024-07-02,7334,7721,7283,7705,826.0
2024-07-03,7688,7985,7651,7696,
2024-07-04,7686,7758,7205,7230,777.0
2024-07-05,7299,7425,7180,7360,
2024-07-08,7407,7436,7091,7129,602.0
2024-07-09,7223,7489,6919,7461,722.0
2024-07-10,7478,7520,7290,7367,249.0
2024-07-11,7510,7629,7268,7598,405.0
2024-07-12,7585,7756,7288,7345,313.0
2024-07-15,7166,8240,7155,8214,275.0
2024-07-16,8141,8141,8141,7488,18.0
2024-07-17,6521,6661,6290,6320,
2024-07-18,6323,6695,6301,6623,
2024-07-19,6655,6830,6290,6338,
2024-07-22,6355,6860,6302,6842,
2024-07-23,6790,6880,6698,6806,
2024-07-24,6823,6870,6650,6677,
2024-07-25,6677,6728,6381,6395,
2024-07-26,6478,6563,6310,6515,
2024-07-29,6515,6538,6293,6328,
2024-07-30,6369,6612,6290,6548,
2024-07-31,6565,6598,6381,6427,
2024-08-01,6421,6449,5971,6004,
2024-08-02,5996,6207,5970,6024,
2024-08-05,6010,6346,5881,6284,
2024-08-06,6321,6500,6231,6492,
2024-08-07,6500,6820,6493,6593,
2024-08-08,6698,6796,6295,6347,
2024-08-09,6460,6812,6408,6693,
2024-08-12,6687,6764,6441,6474,
2024-08-13,6546,6616,6411,6484,
2024-08-14,6559,6559,6400,6426,
2024-08-15,6468,6545,6310,6332,
2024-08-16,6393,6478,6315,6349,
2024-08-19,6355,6646,6255,6372,
2024-08-20,6378,6490,6251,6433,
2024-08-21,6460,6550,6300,6342,
2024-08-22,6351,6379,6115,6342,
2024-08-23,6315,6402,6260,6280,
2024-08-27,6350,6410,5664,5733,
2024-08-28,5750,5800,5571,5667,
2024-08-29,5672,5809,5568,5575,
2024-08-30,5604,5729,5530,5586,
2024-09-02,5526,5609,5520,5597,463.0
2024-09-03,5580,5606,5071,5084,
2024-09-04,5082,5098,4842,4879,
2024-09-05,4895,5241,4895,5168,986.0
2024-09-06,5260,5375,5208,5225,696.0
2024-09-09,5302,5459,5300,5444,633.0
2024-09-10,5423,5424,5118,5133,876.0
2024-09-11,5164,5411,5158,5391,210.0
2024-09-12,5401,5448,5359,5362,77.0
2024-09-13,5307,5307,5307,5538,23.0
2024-09-16,5393,5500,5288,5396,
2024-09-17,5410,5439,5200,5280,
2024-09-18,5273,5409,5267,5395,
2024-09-19,5401,5432,5294,5306,
2024-09-20,5301,5342,5240,5268,
2024-09-23,5298,5327,5229,5268,
2024-09-24,5268,5296,5134,5187,
2024-09-25,5200,5371,5138,5304,
2024-09-26,5312,5730,5298,5325,
2024-09-27,5352,5582,5301,5537,
2024-09-30,5553,5554,5225,5241,
2024-10-01,5292,5367,5100,5106,
2024-10-02,5117,5349,4894,4958,
2024-10-03,4975,5132,4862,5056,
2024-10-04,5128,5142,4900,5108,
2024-10-07,5118,5131,4992,5032,
2024-10-08,5095,5236,5038,5121,
2024-10-09,5140,5449,5118,5375,
2024-10-10,5392,5538,5252,5521,
2024-10-11,5518,5790,5489,5643,
2024-10-14,5676,5798,5629,5642,
2024-10-15,5640,5805,5614,5791,
2024-10-16,5830,6058,5728,5749,
2024-10-17,5725,5941,5616,5820,
2024-10-18,5835,5984,5523,5577,
2024-10-21,5607,5687,5500,5602,
2024-10-22,5602,5641,5338,5448,
2024-10-23,5458,5524,5323,5380,
2024-10-24,5462,5476,5162,5175,
2024-10-25,5176,5380,4924,5232,
2024-10-28,5237,5481,5200,5456,
2024-10-29,5456,5826,5450,5795,
2024-10-30,5788,5900,5639,5859,
2024-10-31,5915,5933,5827,5846,
2024-11-01,5861,5937,5784,5871,
2024-11-04,5871,5933,5715,5791,
2024-11-05,5801,5802,5546,5673,
2024-11-06,5664,5712,5484,5497,
2024-11-07,5510,5844,5471,5826,
2024-11-08,5814,5930,5797,5825,
2024-11-11,5888,6000,5864,5935,
2024-11-12,5985,6263,5953,6245,
2024-11-13,6265,6785,6240,6505,
2024-11-14,6535,7080,6535,7017,
2024-11-15,7087,7269,6999,7106,
2024-11-18,7157,7157,6853,6991,
2024-11-19,6928,7285,6914,7235,
2024-11-20,7250,7300,7144,7206,
2024-11-21,7206,7390,7179,7343,810.0
2024-11-22,7370,7920,7370,7756,
2024-11-25,7749,7811,7579,7661,
2024-11-26,7655,7879,7550,7831,
2024-11-27,7840,7919,7650,7668,
2024-11-28,7745,7854,7584,7841,445.0
2024-11-29,7865,8000,7753,7933,
2024-12-02,7950,8067,7894,7992,690.0
2024-12-03,8010,8100,7357,7376,
2024-12-04,7512,7646,7340,7592,971.0
2024-12-05,7655,8190,7633,7992,558.0
2024-12-06,8025,8284,7968,8156,698.0
2024-12-09,8251,8579,8193,8363,401.0
2024-12-10,8469,8560,8396,8454,351.0
2024-12-11,8518,8537,8187,8266,279.0
2024-12-12,8264,8264,8264,8264,279.0
2024-12-13,8622,8953,8561,8926,
2024-12-16,8926,9440,8926,9353,
2024-12-17,9302,9501,9127,9266,
2024-12-18,9391,10100,9288,9926,
2024-12-19,9935,9994,9568,9665,
2024-12-20,9400,9750,9100,9492,
2024-12-23,9482,9577,9300,9372,
2024-12-24,9334,9389,9101,9134,
2024-12-27,8820,8950,8069,8117,
2024-12-30,8078,9218,7809,9114,
2024-12-31,8999,9272,8884,9143,
2025-01-02,9133,9272,8785,8974,
2025-01-03,9090,9188,8935,9020,
2025-01-06,9171,9380,8858,9030,
2025-01-07,8999,9225,8914,9009,
2025-01-08,9017,9050,8500,8515,
2025-01-09,9090,9237,8610,8804,
2025-01-10,8825,8825,8512,8580,
2025-01-13,8644,8873,8550,8847,
2025-01-14,8860,9080,8812,8857,
2025-01-15,8856,8900,8659,8746,
2025-01-16,8636,8745,8500,8529,
2025-01-17,8522,9036,8508,8955,
2025-01-20,8957,9027,8775,9004,
2025-01-21,9035,9308,8998,9240,
2025-01-22,9199,9427,9103,9347,
2025-01-23,9380,9411,9109,9183,
2025-01-24,9213,9269,9002,9186,
2025-01-27,9120,9214,8982,9055,
2025-01-28,9075,9090,8919,9044,
2025-01-29,9050,9200,9050,9196,
2025-01-30,9191,9191,8733,8829,
2025-01-31,8788,8829,8280,8611,
2025-02-03,8613,8850,8501,8665,
2025-02-04,8670,8737,8430,8582,
2025-02-05,8578,8650,8217,8267,
2025-02-06,8295,8298,7859,8011,
2025-02-07,7970,8178,7620,7919,
2025-02-10,7779,7906,7717,7802,
2025-02-11,7802,8081,7802,8063,
2025-02-12,8054,8150,7917,8008,
2025-02-13,8000,8218,8000,8172,
2025-02-14,8172,8262,7999,8016,
2025-02-17,8016,8100,8000,8064,482.0
2025-02-18,8099,8126,7962,8041,
2025-02-19,8043,8108,7987,8067,
2025-02-20,8065,8065,7905,7919,
2025-02-21,7930,7944,7281,7314,
2025-02-24,7320,7524,6572,6748,
2025-02-25,6800,7055,6641,7042,
2025-02-26,7050,7403,7000,7357,
2025-02-27,7357,7414,7137,7383,
2025-02-28,7375,7400,7044,7195,
2025-03-03,7181,7181,6393,6426,
2025-03-04,6400,6590,6051,6452,
2025-03-05,6509,6695,6173,6225,940.0
2025-03-06,6280,6407,6152,6301,
2025-03-07,6301,6626,6301,6400,
2025-03-10,6430,6454,6057,6397,
2025-03-11,6328,6335,6161,6283,516.0
2025-03-12,6259,6449,6250,6387,678.0
2025-03-13,6510,6648,6510,6431,896.0
2025-03-14,6196,6196,6196,6230,64.0
2025-03-17,6082,6220,5994,6098,
2025-03-18,6102,6350,6034,6172,
2025-03-19,6190,6334,6051,6234,
2025-03-20,6225,6470,6124,6234,
2025-03-21,6281,6319,5969,6072,
2025-03-24,6090,6347,6090,6315,
2025-03-25,6337,6370,6110,6187,
2025-03-26,6225,6410,6206,6256,
2025-03-27,6234,6332,6124,6165,
2025-03-28,6139,6270,6107,6259,
2025-03-31,6260,6331,6133,6198,
2025-04-01,6221,6351,6165,6301,
2025-04-02,6369,6818,6321,6770,
2025-04-03,6790,6826,6438,6652,
2025-04-04,6731,6800,6268,6342,
2025-04-07,6330,6334,5939,5970,
2025-04-08,6000,6040,5576,5743,
2025-04-09,5801,6144,5574,6099,
2025-04-10,6155,6314,5929,5989,
2025-04-11,5970,6240,5944,6210,
2025-04-14,6194,6284,5938,5973,
2025-04-15,5969,5983,5776,5790,
2025-04-16,5818,5892,5689,5842,
2025-04-17,5890,6170,5880,6083,
2025-04-22,6250,6510,6150,6458,
2025-04-23,6463,6680,6147,6324,
2025-04-24,6261,6430,6122,6383,
2025-04-25,6365,6500,6299,6487,
2025-04-28,6492,6506,6250,6287,
2025-04-29,6299,6500,6211,6314,
2025-04-30,6330,6500,6051,6474,
2025-05-01,6430,6482,6279,6360,846.0
2025-05-02,6350,6500,6275,6334,
2025-05-06,6160,6540,6160,6556,
2025-05-07,6500,6999,6497,6955,
2025-05-08,6975,7025,6412,6662,
2025-05-09,6650,6950,6562,6671,592.0
2025-05-12,6656,6800,6655,6753,463.0
2025-05-13,6786,7259,6724,7309,291.0
2025-05-14,6963,6963,6950,7087,115.0
2025-05-15,7047,7368,6975,7341,
2025-05-16,7400,7862,7285,7726,
2025-05-19,7674,7680,7262,7652,
2025-05-20,7644,7832,7553,7640,
2025-05-21,7640,7718,7326,7453,
2025-05-22,7452,7452,7040,7099,
2025-05-23,7128,7202,6558,6644,
2025-05-27,6655,6803,6547,6562,
2025-05-28,6592,6615,6325,6506,
2025-05-29,6566,6566,6168,6201,
2025-05-30,6205,6568,6168,6541,
2025-06-02,6506,6624,6279,6323,
2025-06-03,6345,6535,6286,6474,
2025-06-04,6471,6600,6303,6547,
2025-06-05,6465,6657,6459,6612,
2025-06-06,6629,6964,6629,6837,
2025-06-09,6829,6930,6623,6815,
2025-06-10,6817,6860,6569,6601,
2025-06-11,6540,6657,6488,6523,
2025-06-12,6523,6673,6474,6601,
2025-06-13,6573,6650,6420,6432,
2025-06-16,6432,6579,6326,6540,
2025-06-17,6560,6675,6400,6428,
2025-06-18,6424,6477,6171,6226,
2025-06-19,6180,6180,5681,5947,
2025-06-20,5896,5964,5660,5798,
2025-06-23,5800,6098,5754,6012,
2025-06-24,6039,6100,5936,6070,
2025-06-25,6095,6150,5976,6029,
2025-06-26,6045,6260,6020,6231,
2025-06-27,6280,6316,6169,6186,
2025-06-30,6187,6285,6134,6145,
2025-07-01,6137,6137,5723,5733,
2025-07-02,5740,5777,5479,5476,
2025-07-03,5495,5580,5313,5398,
2025-07-04,5326,5495,5300,5456,
2025-07-07,5393,5435,5202,5383,916.0
2025-07-08,5525,5525,5337,5338,205.0
2025-07-09,5383,5488,5355,5488,433.0
2025-07-10,5455,5455,5236,5248,427.0
2025-07-11,5249,5249,5159,5239,293.0
2025-07-14,5262,5275,5180,5316,283.0
2025-07-15,5247,5249,5219,5157,38.0
2025-07-16,5185,5185,5185,5185,38.0
2025-07-17,4940,4940,4701,4803,
2025-07-18,4825,5073,4780,5048,
2025-07-21,4994,5276,4966,5240,
2025-07-22,5222,5392,5189,5351,
2025-07-23,5350,5484,5296,5465,
2025-07-24,5480,5531,5301,5343,
2025-07-25,5347,5496,5278,5485,
2025-07-28,5473,5600,5356,5590,
2025-07-29,5612,5700,5441,5456,
2025-07-30,5514,5655,5451,5472,
2025-07-31,5446,5723,5430,5658,
2025-08-01,5700,5735,5462,5493,
2025-08-04,5503,5519,5306,5382,
2025-08-05,5350,5588,5318,5551,
2025-08-06,5579,5631,5480,5531,
2025-08-07,5513,5550,5371,5510,
2025-08-08,5473,5588,5464,5489,
2025-08-11,5577,6015,5560,5782,
2025-08-12,5742,5971,5742,5850,
2025-08-13,5790,5907,5732,5784,
2025-08-14,5791,5818,5547,5587,
2025-08-15,5601,5643,5503,5604,
2025-08-18,5666,5691,5580,5601,961.0
2025-08-19,5605,5700,5548,5652,
2025-08-20,5625,5700,5441,5572,
2025-08-21,5597,5632,5341,5358,
2025-08-22,5349,5456,5280,5332,
2025-08-26,5405,5424,5289,5364,
2025-08-27,5387,5475,5352,5446,
2025-08-28,5435,5476,5341,5376,
2025-08-29,5386,5399,5300,5323,
2025-09-01,5331,5333,5285,5295,593.0
2025-09-02,5285,5352,5165,5271,
2025-09-03,5308,5332,5182,5268,
2025-09-04,5278,5301,5146,5153,
2025-09-05,5148,5173,5097,5121,
2025-09-08,5157,5157,4972,4985,837.0
2025-09-09,4984,5148,4894,5042,973.0
2025-09-10,5037,5118,5014,5105,401.0
2025-09-11,5194,5284,5115,5269,733.0
2025-09-12,5278,5344,5085,5014,187.0
2025-09-15,5037,5037,5016,5115,17.0
2025-09-16,5198,5250,5095,5107,
2025-09-17,5107,5145,5075,5101,
2025-09-18,5077,5093,5005,5014,
2025-09-19,5030,5070,5004,5055,
2025-09-22,5050,5050,4845,4906,
2025-09-23,4890,4920,4824,4884,
2025-09-24,4879,4975,4869,4917,
2025-09-25,4909,4951,4856,4868,
2025-09-26,4868,4875,4810,4819,
2025-09-29,4814,4890,4814,4850,
2025-09-30,4829,4855,4686,4730,
2025-10-01,4730,4750,4673,4690,
2025-10-02,4675,4698,4461,4513,
2025-10-03,4503,4512,4254,4288,
2025-10-06,4283,4373,4212,4333,
2025-10-07,4340,4363,4180,4262,
2025-10-08,4292,4316,4108,4183,
2025-10-09,4171,4249,4130,4202,
2025-10-10,4190,4245,4125,4132,
2025-10-13,4140,4247,4007,4155,
2025-10-14,4159,4221,4087,4206,
2025-10-15,4174,4199,4033,4091,
2025-10-16,4124,4256,4124,4198,
2025-10-17,4270,4298,4020,4106,
2025-10-20,4106,4195,4036,4099,
2025-10-21,4105,4219,4105,4200,
2025-10-22,4206,4574,4200,4566,
2025-10-23,4580,4680,4473,4559,
2025-10-24,4559,4637,4510,4518,
2025-10-27,4518,4518,4326,4372,
2025-10-28,4372,4400,4235,4259,
2025-10-29,4250,4352,4206,4321,
2025-10-30,4317,4353,4258,4340,
2025-10-31,4350,4583,4349,4424,
2025-11-03,4424,4723,4424,4709,
2025-11-04,4720,4774,4628,4764,
2025-11-05,4777,4777,4560,4575,
2025-11-06,4526,4526,4377,4434,
2025-11-07,4430,4439,4304,4322,
2025-11-10,4322,4406,4235,4358,
2025-11-11,4323,4360,4103,4152,
2025-11-12,4165,4291,4121,4169,
2025-11-13,4157,4193,4084,4109,
2025-11-14,4086,4139,3970,4072,
2025-11-17,4052,4184,3952,4012,
2025-11-18,3990,4094,3950,4052,
2025-11-19,4046,4054,3765,3796,
2025-11-20,3795,3980,3791,3879,
2025-11-21,3903,3940,3742,3782,
2025-11-24,3754,3755,3665,3704,
2025-11-25,3713,3719,3511,3653,
2025-11-26,3675,3778,3613,3643,
2025-11-27,3645,3790,3645,3781,
2025-11-28,3776,3998,3750,3945,
2025-12-01,3944,4003,3895,3961,
2025-12-02,3961,3961,3855,3888,
2025-12-03,3904,3904,3823,3875,
2025-12-04,3876,3903,3810,3847,
2025-12-05,3850,3980,3801,3943,
2025-12-08,3927,4053,3927,4005,
2025-12-09,4013,4198,4009,4149,966.0
2025-12-10,4168,4448,4159,4387,343.0
2025-12-11,4441,4441,4441,4441,343.0
2025-12-12,4498,4622,4463,4555,
2025-12-15,4555,4565,4251,4308,
